┌ Info: Threading setup: 
│   Threads.nthreads() = 8
│   n_DFTK = 8
│   n_fft = 1
└   n_blas = 8
┌ Warning: Exchange-correlation term: the kinetic energy density τ is smaller than the von Weizsäcker kinetic energy density τ_W somewhere. This can lead to unphysical results. This can be caused by pseudopotentials without a non-linear core correction for τ, or by an unphysical initial guess for τ. This message is only logged once.
└ @ DFTK ~/DFTK-mgga/src/terms/xc.jl:405
n     Energy            log10(ΔE)   log10(Δρ)   Diag   Δtime 
---   ---------------   ---------   ---------   ----   ------
  1   -7.775611536017                   -0.94    4.6    10.6s
  2   -7.780404969526       -2.32       -1.83    1.0    3.78s
  3   -7.780606238468       -3.70       -2.72    2.9    610ms
  4   -7.780610529620       -5.37       -3.45    2.7    530ms
  5   -7.780610628375       -7.01       -4.00    2.4    528ms
  6   -7.780610631078       -8.57       -4.58    1.9    529ms
  7   -7.780610631295       -9.66       -5.47    1.9    518ms
  8   -7.780610631305      -11.00       -6.10    2.8    505ms
  9   -7.780610631305      -12.57       -6.97    2.2    534ms
 10   -7.780610631305      -14.05       -7.33    3.0    493ms
 11   -7.780610631305      -15.05       -8.26    1.8    468ms
 12   -7.780610631305   +  -14.75       -9.06    2.9    493ms
 13   -7.780610631305      -15.05       -9.76    2.6    561ms
 14   -7.780610631305      -14.75      -10.29    2.5    563ms
n     Energy            log10(ΔE)   log10(Δρ)   Diag   Δtime 
---   ---------------   ---------   ---------   ----   ------
  1   -7.802658564356                   -1.01    4.3    815ms
  2   -7.805042494678       -2.62       -1.83    1.0    633ms
  3   -7.805215598947       -3.76       -2.79    2.2    677ms
  4   -7.805220240224       -5.33       -3.60    3.3    892ms
  5   -7.805220298002       -7.24       -4.33    2.7    788ms
  6   -7.805220299511       -8.82       -5.08    2.4    803ms
  7   -7.805220299565      -10.26       -5.98    2.6    835ms
  8   -7.805220299567      -11.77       -6.53    3.2    854ms
  9   -7.805220299567      -13.25       -7.38    1.9    746ms
 10   -7.805220299567      -14.75       -8.38    2.7    839ms
 11   -7.805220299567   +    -Inf       -9.29    3.2    875ms
 12   -7.805220299567   +    -Inf       -9.88    3.1    824ms
 13   -7.805220299567   +  -14.75      -10.77    2.2    771ms
n     Energy            log10(ΔE)   log10(Δρ)   Diag   Δtime 
---   ---------------   ---------   ---------   ----   ------
  1   -7.789644472593                   -1.04    4.3    889ms
  2   -7.791160745714       -2.82       -1.83    1.0    631ms
  3   -7.791328039687       -3.78       -2.84    2.1    665ms
  4   -7.791332838539       -5.32       -3.54    2.9    835ms
  5   -7.791332900948       -7.20       -3.92    2.2    742ms
  6   -7.791332906527       -8.25       -4.63    1.9    706ms
  7   -7.791332906970       -9.35       -5.27    2.2    664ms
  8   -7.791332906999      -10.55       -6.18    2.2    689ms
  9   -7.791332906999      -12.32       -6.60    2.7    792ms
 10   -7.791332906999      -13.22       -7.77    2.0    682ms
 11   -7.791332906999      -14.57       -8.49    3.2    817ms
 12   -7.791332906999      -14.45       -9.48    2.4    736ms
 13   -7.791332906999   +  -14.57      -10.31    3.1    766ms
calibrated shift μ = 0.040320 Ha/atom
n     Energy            log10(ΔE)   log10(Δρ)   Diag   Δtime 
---   ---------------   ---------   ---------   ----   ------
  1   -7.775589932775                   -0.94    4.6    545ms
  2   -7.780404544215       -2.32       -1.84    1.0    461ms
  3   -7.780606166553       -3.70       -2.72    2.8    475ms
  4   -7.780610533080       -5.36       -3.44    2.7    534ms
  5   -7.780610628370       -7.02       -4.00    2.4    463ms
  6   -7.780610631052       -8.57       -4.58    1.9    499ms
  7   -7.780610631297       -9.61       -5.53    2.0    441ms
  8   -7.780610631305      -11.11       -6.10    3.0    551ms
  9   -7.780610631305      -12.74       -6.80    2.2    441ms
 10   -7.780610631305      -14.05       -7.45    2.5    522ms
 11   -7.780610631305      -14.75       -8.64    2.2    448ms
 12   -7.780610631305      -15.05       -9.32    3.6    608ms
 13   -7.780610631305   +  -14.75      -10.29    2.1    466ms
n     Energy            log10(ΔE)   log10(Δρ)   Diag   Δtime 
---   ---------------   ---------   ---------   ----   ------
  1   -7.802660868732                   -1.01    4.3    793ms
  2   -7.805042705064       -2.62       -1.83    1.0    574ms
  3   -7.805215774932       -3.76       -2.78    2.2    638ms
  4   -7.805220226020       -5.35       -3.60    3.4    802ms
  5   -7.805220297655       -7.14       -4.28    2.7    789ms
  6   -7.805220299491       -8.74       -5.02    2.2    673ms
  7   -7.805220299564      -10.14       -5.88    2.6    775ms
  8   -7.805220299567      -11.54       -6.49    3.0    816ms
  9   -7.805220299567      -13.14       -7.31    2.0    636ms
 10   -7.805220299567      -14.75       -8.48    2.7    765ms
 11   -7.805220299567   +  -15.05       -9.30    3.7    877ms
 12   -7.805220299567   +    -Inf       -9.75    2.7    727ms
 13   -7.805220299567      -15.05      -10.60    2.0    761ms
n     Energy            log10(ΔE)   log10(Δρ)   Diag   Δtime 
---   ---------------   ---------   ---------   ----   ------
  1   -7.789666822401                   -1.04    4.3    844ms
  2   -7.791164886381       -2.82       -1.83    1.0    647ms
  3   -7.791328258159       -3.79       -2.84    2.1    682ms
  4   -7.791332833291       -5.34       -3.52    2.8    803ms
  5   -7.791332900422       -7.17       -3.90    2.4    691ms
  6   -7.791332906481       -8.22       -4.64    1.8    695ms
  7   -7.791332906970       -9.31       -5.30    2.2    739ms
  8   -7.791332906999      -10.54       -6.18    2.3    657ms
  9   -7.791332906999      -12.32       -6.50    2.7    766ms
 10   -7.791332906999      -13.07       -7.50    1.8    596ms
 11   -7.791332906999   +    -Inf       -8.30    3.0    780ms
 12   -7.791332906999   +    -Inf       -9.40    2.6    743ms
 13   -7.791332906999   +    -Inf      -10.24    3.4    713ms
n     Energy            log10(ΔE)   log10(Δρ)   Diag   Δtime 
---   ---------------   ---------   ---------   ----   ------
  1   -7.780610631305                  -10.75    1.0    2.00s
n     Energy            log10(ΔE)   log10(Δρ)   Diag   Δtime 
---   ---------------   ---------   ---------   ----   ------
  1   -7.805220299567                  -11.49    1.0    584ms
n     Energy            log10(ΔE)   log10(Δρ)   Diag   Δtime 
---   ---------------   ---------   ---------   ----   ------
  1   -7.791332906999                  -11.18    1.0    520ms
n     Energy            log10(ΔE)   log10(Δρ)   Diag   Δtime 
---   ---------------   ---------   ---------   ----   ------
  1   -7.780610631305                  -11.12    1.0    397ms
n     Energy            log10(ΔE)   log10(Δρ)   Diag   Δtime 
---   ---------------   ---------   ---------   ----   ------
  1   -7.805220299567                  -11.94    1.0    566ms
n     Energy            log10(ΔE)   log10(Δρ)   Diag   Δtime 
---   ---------------   ---------   ---------   ----   ------
  1   -7.791332906999                  -11.51    1.0    523ms
Iter     Function value   Gradient norm 
     0     1.098869e-05     6.446875e-05
 * Current step size: 1.0
 * time: 4.00543212890625e-5
 * g(x): [0.0, 0.0, 0.0, 0.0, 0.0, 0.0, 0.0, 0.0, 0.0, 0.0, 0.0, 0.0, 0.0, 0.0, 0.0, 0.0, 0.0, 0.0, 0.0, 0.0, 0.0, 0.0, 0.0, 0.0, 3.844615996981582e-5, -2.651756712992415e-5, -7.4618341163428204e-6, 2.1192032178943564e-5, -6.446875104630277e-5, -7.881445139825628e-6, 3.574462883210866e-5, 3.093294161986889e-6, 0.0, -2.067790383364354e-14]
 * ~inv(H): [155.11390926152419 0.0 -0.0 -0.0 -0.0 -0.0 0.0 -0.0 0.0 0.0 -0.0 -0.0 0.0 -0.0 0.0 -0.0 0.0 0.0 0.0 0.0 0.0 0.0 -0.0 0.0 -0.0 -0.0 -0.0 -0.0 -0.0 -0.0 -0.0 -0.0 -0.0 -0.0; 0.0 155.11390926152419 -0.0 -0.0 -0.0 -0.0 0.0 -0.0 0.0 0.0 -0.0 -0.0 0.0 -0.0 0.0 -0.0 0.0 0.0 0.0 0.0 0.0 0.0 -0.0 0.0 -0.0 -0.0 -0.0 -0.0 -0.0 -0.0 -0.0 -0.0 -0.0 -0.0; -0.0 -0.0 155.11390926152419 0.0 0.0 0.0 -0.0 0.0 -0.0 -0.0 0.0 0.0 -0.0 0.0 -0.0 0.0 -0.0 -0.0 -0.0 -0.0 -0.0 -0.0 0.0 -0.0 0.0 0.0 0.0 0.0 0.0 0.0 0.0 0.0 0.0 0.0; -0.0 -0.0 0.0 155.11390926152419 0.0 0.0 -0.0 0.0 -0.0 -0.0 0.0 0.0 -0.0 0.0 -0.0 0.0 -0.0 -0.0 -0.0 -0.0 -0.0 -0.0 0.0 -0.0 0.0 0.0 0.0 0.0 0.0 0.0 0.0 0.0 0.0 0.0; -0.0 -0.0 0.0 0.0 155.11390926152419 0.0 -0.0 0.0 -0.0 -0.0 0.0 0.0 -0.0 0.0 -0.0 0.0 -0.0 -0.0 -0.0 -0.0 -0.0 -0.0 0.0 -0.0 0.0 0.0 0.0 0.0 0.0 0.0 0.0 0.0 0.0 0.0; -0.0 -0.0 0.0 0.0 0.0 155.11390926152419 -0.0 0.0 -0.0 -0.0 0.0 0.0 -0.0 0.0 -0.0 0.0 -0.0 -0.0 -0.0 -0.0 -0.0 -0.0 0.0 -0.0 0.0 0.0 0.0 0.0 0.0 0.0 0.0 0.0 0.0 0.0; 0.0 0.0 -0.0 -0.0 -0.0 -0.0 155.11390926152419 -0.0 0.0 0.0 -0.0 -0.0 0.0 -0.0 0.0 -0.0 0.0 0.0 0.0 0.0 0.0 0.0 -0.0 0.0 -0.0 -0.0 -0.0 -0.0 -0.0 -0.0 -0.0 -0.0 -0.0 -0.0; -0.0 -0.0 0.0 0.0 0.0 0.0 -0.0 155.11390926152419 -0.0 -0.0 0.0 0.0 -0.0 0.0 -0.0 0.0 -0.0 -0.0 -0.0 -0.0 -0.0 -0.0 0.0 -0.0 0.0 0.0 0.0 0.0 0.0 0.0 0.0 0.0 0.0 0.0; 0.0 0.0 -0.0 -0.0 -0.0 -0.0 0.0 -0.0 155.11390926152419 0.0 -0.0 -0.0 0.0 -0.0 0.0 -0.0 0.0 0.0 0.0 0.0 0.0 0.0 -0.0 0.0 -0.0 -0.0 -0.0 -0.0 -0.0 -0.0 -0.0 -0.0 -0.0 -0.0; 0.0 0.0 -0.0 -0.0 -0.0 -0.0 0.0 -0.0 0.0 155.11390926152419 -0.0 -0.0 0.0 -0.0 0.0 -0.0 0.0 0.0 0.0 0.0 0.0 0.0 -0.0 0.0 -0.0 -0.0 -0.0 -0.0 -0.0 -0.0 -0.0 -0.0 -0.0 -0.0; -0.0 -0.0 0.0 0.0 0.0 0.0 -0.0 0.0 -0.0 -0.0 155.11390926152419 0.0 -0.0 0.0 -0.0 0.0 -0.0 -0.0 -0.0 -0.0 -0.0 -0.0 0.0 -0.0 0.0 0.0 0.0 0.0 0.0 0.0 0.0 0.0 0.0 0.0; -0.0 -0.0 0.0 0.0 0.0 0.0 -0.0 0.0 -0.0 -0.0 0.0 155.11390926152419 -0.0 0.0 -0.0 0.0 -0.0 -0.0 -0.0 -0.0 -0.0 -0.0 0.0 -0.0 0.0 0.0 0.0 0.0 0.0 0.0 0.0 0.0 0.0 0.0; 0.0 0.0 -0.0 -0.0 -0.0 -0.0 0.0 -0.0 0.0 0.0 -0.0 -0.0 155.11390926152419 -0.0 0.0 -0.0 0.0 0.0 0.0 0.0 0.0 0.0 -0.0 0.0 -0.0 -0.0 -0.0 -0.0 -0.0 -0.0 -0.0 -0.0 -0.0 -0.0; -0.0 -0.0 0.0 0.0 0.0 0.0 -0.0 0.0 -0.0 -0.0 0.0 0.0 -0.0 155.11390926152419 -0.0 0.0 -0.0 -0.0 -0.0 -0.0 -0.0 -0.0 0.0 -0.0 0.0 0.0 0.0 0.0 0.0 0.0 0.0 0.0 0.0 0.0; 0.0 0.0 -0.0 -0.0 -0.0 -0.0 0.0 -0.0 0.0 0.0 -0.0 -0.0 0.0 -0.0 155.11390926152419 -0.0 0.0 0.0 0.0 0.0 0.0 0.0 -0.0 0.0 -0.0 -0.0 -0.0 -0.0 -0.0 -0.0 -0.0 -0.0 -0.0 -0.0; -0.0 -0.0 0.0 0.0 0.0 0.0 -0.0 0.0 -0.0 -0.0 0.0 0.0 -0.0 0.0 -0.0 155.11390926152419 -0.0 -0.0 -0.0 -0.0 -0.0 -0.0 0.0 -0.0 0.0 0.0 0.0 0.0 0.0 0.0 0.0 0.0 0.0 0.0; 0.0 0.0 -0.0 -0.0 -0.0 -0.0 0.0 -0.0 0.0 0.0 -0.0 -0.0 0.0 -0.0 0.0 -0.0 155.11390926152419 0.0 0.0 0.0 0.0 0.0 -0.0 0.0 -0.0 -0.0 -0.0 -0.0 -0.0 -0.0 -0.0 -0.0 -0.0 -0.0; 0.0 0.0 -0.0 -0.0 -0.0 -0.0 0.0 -0.0 0.0 0.0 -0.0 -0.0 0.0 -0.0 0.0 -0.0 0.0 155.11390926152419 0.0 0.0 0.0 0.0 -0.0 0.0 -0.0 -0.0 -0.0 -0.0 -0.0 -0.0 -0.0 -0.0 -0.0 -0.0; 0.0 0.0 -0.0 -0.0 -0.0 -0.0 0.0 -0.0 0.0 0.0 -0.0 -0.0 0.0 -0.0 0.0 -0.0 0.0 0.0 155.11390926152419 0.0 0.0 0.0 -0.0 0.0 -0.0 -0.0 -0.0 -0.0 -0.0 -0.0 -0.0 -0.0 -0.0 -0.0; 0.0 0.0 -0.0 -0.0 -0.0 -0.0 0.0 -0.0 0.0 0.0 -0.0 -0.0 0.0 -0.0 0.0 -0.0 0.0 0.0 0.0 155.11390926152419 0.0 0.0 -0.0 0.0 -0.0 -0.0 -0.0 -0.0 -0.0 -0.0 -0.0 -0.0 -0.0 -0.0; 0.0 0.0 -0.0 -0.0 -0.0 -0.0 0.0 -0.0 0.0 0.0 -0.0 -0.0 0.0 -0.0 0.0 -0.0 0.0 0.0 0.0 0.0 155.11390926152419 0.0 -0.0 0.0 -0.0 -0.0 -0.0 -0.0 -0.0 -0.0 -0.0 -0.0 -0.0 -0.0; 0.0 0.0 -0.0 -0.0 -0.0 -0.0 0.0 -0.0 0.0 0.0 -0.0 -0.0 0.0 -0.0 0.0 -0.0 0.0 0.0 0.0 0.0 0.0 155.11390926152419 -0.0 0.0 -0.0 -0.0 -0.0 -0.0 -0.0 -0.0 -0.0 -0.0 -0.0 -0.0; -0.0 -0.0 0.0 0.0 0.0 0.0 -0.0 0.0 -0.0 -0.0 0.0 0.0 -0.0 0.0 -0.0 0.0 -0.0 -0.0 -0.0 -0.0 -0.0 -0.0 155.11390926152419 -0.0 0.0 0.0 0.0 0.0 0.0 0.0 0.0 0.0 0.0 0.0; 0.0 0.0 -0.0 -0.0 -0.0 -0.0 0.0 -0.0 0.0 0.0 -0.0 -0.0 0.0 -0.0 0.0 -0.0 0.0 0.0 0.0 0.0 0.0 0.0 -0.0 155.11390926152419 -0.0 -0.0 -0.0 -0.0 -0.0 -0.0 -0.0 -0.0 -0.0 -0.0; -0.0 -0.0 0.0 0.0 0.0 0.0 -0.0 0.0 -0.0 -0.0 0.0 0.0 -0.0 0.0 -0.0 0.0 -0.0 -0.0 -0.0 -0.0 -0.0 -0.0 0.0 -0.0 155.11390926152419 0.0 0.0 0.0 0.0 0.0 0.0 0.0 0.0 0.0; -0.0 -0.0 0.0 0.0 0.0 0.0 -0.0 0.0 -0.0 -0.0 0.0 0.0 -0.0 0.0 -0.0 0.0 -0.0 -0.0 -0.0 -0.0 -0.0 -0.0 0.0 -0.0 0.0 155.11390926152419 0.0 0.0 0.0 0.0 0.0 0.0 0.0 0.0; -0.0 -0.0 0.0 0.0 0.0 0.0 -0.0 0.0 -0.0 -0.0 0.0 0.0 -0.0 0.0 -0.0 0.0 -0.0 -0.0 -0.0 -0.0 -0.0 -0.0 0.0 -0.0 0.0 0.0 155.11390926152419 0.0 0.0 0.0 0.0 0.0 0.0 0.0; -0.0 -0.0 0.0 0.0 0.0 0.0 -0.0 0.0 -0.0 -0.0 0.0 0.0 -0.0 0.0 -0.0 0.0 -0.0 -0.0 -0.0 -0.0 -0.0 -0.0 0.0 -0.0 0.0 0.0 0.0 155.11390926152419 0.0 0.0 0.0 0.0 0.0 0.0; -0.0 -0.0 0.0 0.0 0.0 0.0 -0.0 0.0 -0.0 -0.0 0.0 0.0 -0.0 0.0 -0.0 0.0 -0.0 -0.0 -0.0 -0.0 -0.0 -0.0 0.0 -0.0 0.0 0.0 0.0 0.0 155.11390926152419 0.0 0.0 0.0 0.0 0.0; -0.0 -0.0 0.0 0.0 0.0 0.0 -0.0 0.0 -0.0 -0.0 0.0 0.0 -0.0 0.0 -0.0 0.0 -0.0 -0.0 -0.0 -0.0 -0.0 -0.0 0.0 -0.0 0.0 0.0 0.0 0.0 0.0 155.11390926152419 0.0 0.0 0.0 0.0; -0.0 -0.0 0.0 0.0 0.0 0.0 -0.0 0.0 -0.0 -0.0 0.0 0.0 -0.0 0.0 -0.0 0.0 -0.0 -0.0 -0.0 -0.0 -0.0 -0.0 0.0 -0.0 0.0 0.0 0.0 0.0 0.0 0.0 155.11390926152419 0.0 0.0 0.0; -0.0 -0.0 0.0 0.0 0.0 0.0 -0.0 0.0 -0.0 -0.0 0.0 0.0 -0.0 0.0 -0.0 0.0 -0.0 -0.0 -0.0 -0.0 -0.0 -0.0 0.0 -0.0 0.0 0.0 0.0 0.0 0.0 0.0 0.0 155.11390926152419 0.0 0.0; -0.0 -0.0 0.0 0.0 0.0 0.0 -0.0 0.0 -0.0 -0.0 0.0 0.0 -0.0 0.0 -0.0 0.0 -0.0 -0.0 -0.0 -0.0 -0.0 -0.0 0.0 -0.0 0.0 0.0 0.0 0.0 0.0 0.0 0.0 0.0 155.11390926152419 0.0; -0.0 -0.0 0.0 0.0 0.0 0.0 -0.0 0.0 -0.0 -0.0 0.0 0.0 -0.0 0.0 -0.0 0.0 -0.0 -0.0 -0.0 -0.0 -0.0 -0.0 0.0 -0.0 0.0 0.0 0.0 0.0 0.0 0.0 0.0 0.0 0.0 155.11390926152419]
 * x: [-1.0811747312545776, -0.10964307934045792, 1.0065913200378418, 0.11669959872961044, 0.4534267485141754, 0.6695766448974609, -0.9487116932868958, 1.0792078971862793, -0.21694181859493256, -1.1521233320236206, 0.9849638938903809, 0.6048840880393982, -0.6687751412391663, 0.6045361757278442, -0.5061540007591248, 1.1675978899002075, -0.3998589515686035, -0.5841453671455383, -0.0939059630036354, -0.21002297103405, -0.0017298752209171653, -0.4337520897388458, 0.014917370863258839, -0.5416593551635742, 0.0, 0.0, 0.0, 0.0, 0.0, 0.0, 0.0, 0.0, 0.0, 0.04031994066800578]
bfgs    0   loss 1.098869e-05
n     Energy            log10(ΔE)   log10(Δρ)   Diag   Δtime 
---   ---------------   ---------   ---------   ----   ------
  1   -7.782547997661                   -3.06    1.0    1.07s
  2   -7.782548551075       -6.26       -3.84    1.0    462ms
  3   -7.782548573822       -7.64       -4.26    2.3    629ms
  4   -7.782548575513       -8.77       -4.47    1.8    577ms
  5   -7.782548575838       -9.49       -5.25    1.0    557ms
  6   -7.782548575849      -10.95       -6.05    2.1    551ms
  7   -7.782548575850      -12.00       -6.54    2.2    575ms
  8   -7.782548575850      -13.47       -6.82    1.8    576ms
  9   -7.782548575850      -14.27       -7.43    1.2    477ms
 10   -7.782548575850      -15.05       -8.24    2.0    613ms
 11   -7.782548575850   +  -14.75       -9.10    2.2    527ms
 12   -7.782548575850   +    -Inf       -9.47    2.8    678ms
 13   -7.782548575850      -15.05      -10.42    1.4    484ms
n     Energy            log10(ΔE)   log10(Δρ)   Diag   Δtime 
---   ---------------   ---------   ---------   ----   ------
  1   -7.807314392229                   -3.17    1.0    715ms
  2   -7.807314706683       -6.50       -3.92    1.0    829ms
  3   -7.807314724712       -7.74       -4.39    2.4    1.09s
  4   -7.807314726354       -8.78       -5.15    2.1    870ms
  5   -7.807314726423      -10.16       -5.81    2.8    1.18s
  6   -7.807314726426      -11.51       -6.72    2.4    1.01s
  7   -7.807314726426      -13.08       -7.11    2.8    1.14s
  8   -7.807314726426      -14.21       -7.77    2.0    934ms
  9   -7.807314726426   +    -Inf       -8.48    2.0    1.02s
 10   -7.807314726426      -15.05       -8.87    2.3    1.09s
 11   -7.807314726426      -15.05       -9.62    1.7    929ms
 12   -7.807314726426   +  -15.05      -10.88    2.3    1.09s
n     Energy            log10(ΔE)   log10(Δρ)   Diag   Δtime 
---   ---------------   ---------   ---------   ----   ------
  1   -7.793568786550                   -3.23    1.0    549ms
  2   -7.793569027499       -6.62       -3.93    1.0    720ms
  3   -7.793569044851       -7.76       -4.26    2.3    866ms
  4   -7.793569047918       -8.51       -5.22    1.7    708ms
  5   -7.793569048031       -9.95       -5.61    3.0    929ms
  6   -7.793569048036      -11.22       -6.67    2.0    806ms
  7   -7.793569048037      -12.51       -7.10    3.0    854ms
  8   -7.793569048037      -14.75       -7.61    1.7    787ms
  9   -7.793569048037      -15.05       -8.27    1.5    798ms
 10   -7.793569048037   +  -14.35       -8.74    2.1    726ms
 11   -7.793569048037      -15.05       -9.89    1.5    751ms
 12   -7.793569048037      -14.57      -10.30    3.1    964ms
n     Energy            log10(ΔE)   log10(Δρ)   Diag   Δtime 
---   ---------------   ---------   ---------   ----   ------
  1   -7.780803773006                   -3.12    1.0    469ms
  2   -7.780804154696       -6.42       -3.82    1.0    462ms
  3   -7.780804177423       -7.64       -4.30    2.2    648ms
  4   -7.780804178871       -8.84       -4.51    1.9    560ms
  5   -7.780804179032       -9.79       -5.27    1.0    528ms
  6   -7.780804179041      -11.07       -5.79    1.8    489ms
  7   -7.780804179042      -12.01       -6.71    2.0    545ms
  8   -7.780804179042      -12.90       -7.01    2.6    650ms
  9   -7.780804179042      -15.05       -7.25    1.1    498ms
 10   -7.780804179042   +  -14.75       -8.02    1.1    520ms
 11   -7.780804179042      -15.05       -9.26    2.1    580ms
 12   -7.780804179042   +  -15.05       -9.75    3.4    762ms
 13   -7.780804179042      -15.05       -9.92    1.8    478ms
 14   -7.780804179042      -14.75      -10.62    1.1    547ms
n     Energy            log10(ΔE)   log10(Δρ)   Diag   Δtime 
---   ---------------   ---------   ---------   ----   ------
  1   -7.805429244287                   -3.22    1.0    764ms
  2   -7.805429502068       -6.59       -3.97    1.0    799ms
  3   -7.805429516944       -7.83       -4.52    2.4    1.12s
  4   -7.805429517907       -9.02       -5.26    2.2    967ms
  5   -7.805429517947      -10.39       -5.87    2.8    1.04s
  6   -7.805429517949      -11.73       -6.88    2.4    1.02s
  7   -7.805429517949      -13.26       -7.33    3.1    1.21s
  8   -7.805429517949      -14.57       -7.92    1.9    872ms
  9   -7.805429517949   +  -15.05       -8.49    2.0    1.04s
 10   -7.805429517949   +    -Inf       -9.19    1.8    1.02s
 11   -7.805429517949      -15.05       -9.36    2.6    1.04s
 12   -7.805429517949   +    -Inf      -10.46    1.1    849ms
n     Energy            log10(ΔE)   log10(Δρ)   Diag   Δtime 
---   ---------------   ---------   ---------   ----   ------
  1   -7.791556091106                   -3.28    1.0    538ms
  2   -7.791556284489       -6.71       -3.97    1.0    704ms
  3   -7.791556298699       -7.85       -4.29    2.3    892ms
  4   -7.791556301267       -8.59       -5.26    1.7    711ms
  5   -7.791556301358      -10.04       -5.65    3.0    961ms
  6   -7.791556301363      -11.28       -6.69    2.0    850ms
  7   -7.791556301364      -12.57       -7.14    3.1    919ms
  8   -7.791556301364      -14.45       -7.63    1.8    801ms
  9   -7.791556301364   +  -14.15       -8.30    1.4    780ms
 10   -7.791556301364      -14.21       -8.70    2.1    756ms
 11   -7.791556301364   +  -14.57       -9.79    1.4    726ms
 12   -7.791556301364      -14.75      -10.27    2.8    926ms
n     Energy            log10(ΔE)   log10(Δρ)   Diag   Δtime 
---   ---------------   ---------   ---------   ----   ------
  1   -7.780804179042                  -11.31    1.0    502ms
n     Energy            log10(ΔE)   log10(Δρ)   Diag   Δtime 
---   ---------------   ---------   ---------   ----   ------
  1   -7.805429517949                  -11.02    1.0    715ms
n     Energy            log10(ΔE)   log10(Δρ)   Diag   Δtime 
---   ---------------   ---------   ---------   ----   ------
  1   -7.791556301364                  -11.00    1.0    570ms
n     Energy            log10(ΔE)   log10(Δρ)   Diag   Δtime 
---   ---------------   ---------   ---------   ----   ------
  1   -7.780804179042                  -11.62    1.0    373ms
n     Energy            log10(ΔE)   log10(Δρ)   Diag   Δtime 
---   ---------------   ---------   ---------   ----   ------
  1   -7.805429517949                  -11.47    1.0    726ms
n     Energy            log10(ΔE)   log10(Δρ)   Diag   Δtime 
---   ---------------   ---------   ---------   ----   ------
  1   -7.791556301364                  -11.45    1.0    570ms
n     Energy            log10(ΔE)   log10(Δρ)   Diag   Δtime 
---   ---------------   ---------   ---------   ----   ------
  1   -7.780804179042                  -11.92    1.0    374ms
n     Energy            log10(ΔE)   log10(Δρ)   Diag   Δtime 
---   ---------------   ---------   ---------   ----   ------
  1   -7.805429517949                  -11.74    1.0    707ms
n     Energy            log10(ΔE)   log10(Δρ)   Diag   Δtime 
---   ---------------   ---------   ---------   ----   ------
  1   -7.791556301364                  -11.85    1.0    528ms
     1     1.097092e-05     2.087202e-03
 * Current step size: 0.1
 * time: 81.29431009292603
 * g(x): [-4.0004431030065e-8, 2.1971007554751978e-8, 8.293477805007777e-9, -2.3286345519965983e-8, 7.334410274374268e-8, 7.275859844781349e-9, -4.545779107296347e-8, -2.6615094639379864e-9, -2.8486411526636805e-8, -9.743677026658787e-10, 1.5334977118258446e-8, -3.418025546304915e-8, 4.0975683188205954e-8, 1.1774138633469492e-8, -2.5840671460444252e-8, -5.920302338474534e-9, 2.9149332372863442e-8, -1.4175056821218279e-8, 8.911103155862338e-9, -9.396295519328266e-9, -8.006845283319915e-9, 5.9954752165777196e-9, 3.1246812962893795e-8, -4.258810666978847e-9, -8.200574083421835e-5, -3.5992099826487344e-5, 0.00017521158996262366, 6.0670889768146254e-5, -5.34594131256904e-6, 8.792096468761214e-5, -0.0001076300983958582, 0.0001659589865286483, 0.0, 0.0020872016170981242]
 * ~inv(H): [155.11390926152419 0.0 0.0 0.0 0.0 0.0 0.0 0.0 0.0 0.0 0.0 0.0 0.0 0.0 0.0 0.0 0.0 0.0 0.0 0.0 0.0 0.0 0.0 0.0 -0.016927104838271055 0.011675174821530212 0.003285302055453307 -0.009330444203286447 0.028384351222850917 0.0034700487191347803 -0.015737672634177722 -0.001361917929298329 0.0 9.104083380565716e-12; 0.0 155.11390926152419 0.0 0.0 0.0 0.0 0.0 0.0 0.0 0.0 0.0 0.0 0.0 0.0 0.0 0.0 0.0 0.0 0.0 0.0 0.0 0.0 0.0 0.0 0.009296608868208362 -0.006412173541828613 -0.0018043350304309909 0.005124413841195063 -0.015589092985357171 -0.0019058005490984182 0.008643355634276357 0.0007479848692530483 0.0 -5.000093229251867e-12; 0.0 0.0 155.11390926152419 0.0 0.0 0.0 0.0 0.0 0.0 0.0 0.0 0.0 0.0 0.0 0.0 0.0 0.0 0.0 0.0 0.0 0.0 0.0 0.0 0.0 0.00350922546989197 -0.0024204269566832815 -0.0006810890438404557 0.0019343315207423885 -0.005884472815007487 -0.0007193896099362472 0.003262639546002791 0.0002823446260337799 0.0 -1.887403757721667e-12; 0.0 0.0 0.0 155.11390926152419 0.0 0.0 0.0 0.0 0.0 0.0 0.0 0.0 0.0 0.0 0.0 0.0 0.0 0.0 0.0 0.0 0.0 0.0 0.0 0.0 -0.00985316880573635 0.0067960510348425264 0.0019123551274418875 -0.005431197044377485 0.016522364970986102 0.0020198950807264263 -0.009160807270678492 -0.0007927644677071655 0.0 5.299433732305948e-12; 0.0 0.0 0.0 0.0 155.11390926152419 0.0 0.0 0.0 0.0 0.0 0.0 0.0 0.0 0.0 0.0 0.0 0.0 0.0 0.0 0.0 0.0 0.0 0.0 0.0 0.03103414507955917 -0.021405259357842644 -0.006023271055106538 0.01710643147946023 -0.052039854556078485 -0.006361985490825776 0.028853440704131993 0.002496939613012654 0.0 -1.6691421666514504e-11; 0.0 0.0 0.0 0.0 0.0 155.11390926152419 0.0 0.0 0.0 0.0 0.0 0.0 0.0 0.0 0.0 0.0 0.0 0.0 0.0 0.0 0.0 0.0 0.0 0.0 0.0030786400208672174 -0.002123438166160463 -0.0005975187419935043 0.0016969871227925943 -0.00516244215865244 -0.0006311197906055229 0.002862310434643419 0.0002477006601149347 0.0 -1.6558174428831945e-12; 0.0 0.0 0.0 0.0 0.0 0.0 155.11390926152419 0.0 0.0 0.0 0.0 0.0 0.0 0.0 0.0 0.0 0.0 0.0 0.0 0.0 0.0 0.0 0.0 0.0 -0.01923458915413612 0.013266721813355626 0.0037331508186214846 -0.010602360095864844 0.03225367476568447 0.003943081944319733 -0.017883014860066198 -0.0015475730836426267 0.0 1.0345142014732535e-11; 0.0 0.0 0.0 0.0 0.0 0.0 0.0 155.11390926152419 0.0 0.0 0.0 0.0 0.0 0.0 0.0 0.0 0.0 0.0 0.0 0.0 0.0 0.0 0.0 0.0 -0.0011261664911637087 0.0007767536615451437 0.00021857235029570894 -0.0006207578738247551 0.0018884212938957208 0.00023086361356726187 -0.0010470331305235368 -9.06088991794477e-5 0.0 6.056980052946105e-13; 0.0 0.0 0.0 0.0 0.0 0.0 0.0 0.0 155.11390926152419 0.0 0.0 0.0 0.0 0.0 0.0 0.0 0.0 0.0 0.0 0.0 0.0 0.0 0.0 0.0 -0.01205347662650486 0.008313674911701343 0.0023394025094523787 -0.006644035834465129 0.02021196875023807 0.002470957173630665 -0.011206504069305557 -0.0009697964350584144 0.0 6.482848501374834e-12; 0.0 0.0 0.0 0.0 0.0 0.0 0.0 0.0 0.0 155.11390926152419 0.0 0.0 0.0 0.0 0.0 0.0 0.0 0.0 0.0 0.0 0.0 0.0 0.0 0.0 -0.00041228493517768823 0.00028436633083288776 8.001844130540874e-5 -0.00022725691252491263 0.0006913432932438269 8.451822239543892e-5 -0.000383314536290919 -3.317154649675135e-5 0.0 2.2174355640088231e-13; 0.0 0.0 0.0 0.0 0.0 0.0 0.0 0.0 0.0 0.0 155.11390926152419 0.0 0.0 0.0 0.0 0.0 0.0 0.0 0.0 0.0 0.0 0.0 0.0 0.0 0.006488700343673571 -0.004475467695198015 -0.001259361289480188 0.0035766575020915216 -0.010880629103108698 -0.0013301805909245903 0.006032752960750343 0.0005220666747401023 0.0 -3.489886163329478e-12; 0.0 0.0 0.0 0.0 0.0 0.0 0.0 0.0 0.0 0.0 0.0 155.11390926152419 0.0 0.0 0.0 0.0 0.0 0.0 0.0 0.0 0.0 0.0 0.0 0.0 -0.014462717072193787 0.009975406416248025 0.002807000640611087 -0.007972041052461852 0.02425192287376421 0.002964850358704391 -0.013446452234897798 -0.0011636386656302899 0.0 7.778635708398695e-12; 0.0 0.0 0.0 0.0 0.0 0.0 0.0 0.0 0.0 0.0 0.0 0.0 155.11390926152419 0.0 0.0 0.0 0.0 0.0 0.0 0.0 0.0 0.0 0.0 0.0 0.017338071490762455 -0.011958631889912513 -0.0033650646374809297 0.009556974460948282 -0.029073483943221467 -0.003554296694184869 0.01611976152074565 0.0013949834096459372 0.0 -9.325117911081205e-12; 0.0 0.0 0.0 0.0 0.0 0.0 0.0 0.0 0.0 0.0 0.0 0.0 0.0 155.11390926152419 0.0 0.0 0.0 0.0 0.0 0.0 0.0 0.0 0.0 0.0 0.004982000090922222 -0.0034362475200654247 -0.000966932933620745 0.002746144382825583 -0.008354106725521726 -0.0010213077309681152 0.004631925379058852 0.00040084085922669285 0.0 -2.6795216703091347e-12; 0.0 0.0 0.0 0.0 0.0 0.0 0.0 0.0 0.0 0.0 0.0 0.0 0.0 0.0 155.11390926152419 0.0 0.0 0.0 0.0 0.0 0.0 0.0 0.0 0.0 -0.010933982652409892 0.007541523502225971 0.0021221251965685855 -0.006026955940353988 0.018334736319992048 0.0022414614229985604 -0.010165674592051562 -0.0008797243920464149 0.0 5.880739246332111e-12; 0.0 0.0 0.0 0.0 0.0 0.0 0.0 0.0 0.0 0.0 0.0 0.0 0.0 0.0 0.0 155.11390926152419 0.0 0.0 0.0 0.0 0.0 0.0 0.0 0.0 -0.002505061958819138 0.0017278227190897263 0.0004861956773457904 -0.0013808233041536942 0.004200633194718724 0.0005135365512654017 -0.00232903650168769 -0.00020155182048647654 0.0 1.3473239023727914e-12; 0.0 0.0 0.0 0.0 0.0 0.0 0.0 0.0 0.0 0.0 0.0 0.0 0.0 0.0 0.0 0.0 155.11390926152419 0.0 0.0 0.0 0.0 0.0 0.0 0.0 0.012333978820252356 -0.008507146399065229 -0.002393843859138728 0.006798652355876583 -0.02068233109880153 -0.0025284599945458695 0.011467295961394865 0.0009923650296599263 0.0 -6.6337139556098095e-12; 0.0 0.0 0.0 0.0 0.0 0.0 0.0 0.0 0.0 0.0 0.0 0.0 0.0 0.0 0.0 0.0 0.0 155.11390926152419 0.0 0.0 0.0 0.0 0.0 0.0 -0.0059979024003837 0.004136948388753996 0.0011641046282077358 -0.0033061231804395247 0.010057630643839069 0.0012295672379183265 -0.005576442360986098 -0.00048257814288449796 0.0 3.22591512744278e-12; 0.0 0.0 0.0 0.0 0.0 0.0 0.0 0.0 0.0 0.0 0.0 0.0 0.0 0.0 0.0 0.0 0.0 0.0 155.11390926152419 0.0 0.0 0.0 0.0 0.0 0.0037705617467866975 -0.0026006790877538782 -0.000731810570991726 0.002078383535139313 -0.0063226966425034255 -0.000772963426697379 0.0035056122700746132 0.00030337117277521046 0.0 -2.0279610046902647e-12; 0.0 0.0 0.0 0.0 0.0 0.0 0.0 0.0 0.0 0.0 0.0 0.0 0.0 0.0 0.0 0.0 0.0 0.0 0.0 155.11390926152419 0.0 0.0 0.0 0.0 -0.003975861554624083 0.0027422810433292213 0.0007716562437819951 -0.0021915475061948506 0.006666955268376942 0.0008150497930329881 -0.0036964860904044445 -0.00031988914745822164 0.0 2.1383795663062972e-12; 0.0 0.0 0.0 0.0 0.0 0.0 0.0 0.0 0.0 0.0 0.0 0.0 0.0 0.0 0.0 0.0 0.0 0.0 0.0 0.0 155.11390926152419 0.0 0.0 0.0 -0.0033879424364944427 0.002336774103384935 0.000657549791102348 -0.0018674787076516097 0.00568109838977531 0.0006945266437813773 -0.0031498788173414515 -0.0002725864577420396 0.0 1.822172824301643e-12; 0.0 0.0 0.0 0.0 0.0 0.0 0.0 0.0 0.0 0.0 0.0 0.0 0.0 0.0 0.0 0.0 0.0 0.0 0.0 0.0 0.0 155.11390926152419 0.0 0.0 0.0025368699149850658 -0.0017497617011248082 -0.0004923691337501855 0.0013983562705447196 -0.004253970620588118 -0.0005200571676736089 0.0023586093793938564 0.00020411101925145195 0.0 -1.3644315110197976e-12; 0.0 0.0 0.0 0.0 0.0 0.0 0.0 0.0 0.0 0.0 0.0 0.0 0.0 0.0 0.0 0.0 0.0 0.0 0.0 0.0 0.0 0.0 155.11390926152419 0.0 0.013221487351919747 -0.009119289902742776 -0.0025660962100975846 0.007287858803983458 -0.022170556883235024 -0.0027103988360050795 0.012292441127379894 0.0010637720300437268 0.0 -7.111052032644409e-12; 0.0 0.0 0.0 0.0 0.0 0.0 0.0 0.0 0.0 0.0 0.0 0.0 0.0 0.0 0.0 0.0 0.0 0.0 0.0 0.0 0.0 0.0 0.0 155.11390926152419 -0.0018020337445149481 0.001242921291179152 0.0003497482423258787 -0.0009933048484240049 0.003021754706929903 0.00036941609015463795 -0.0016754086075486494 -0.00014498770399924978 0.0 9.692068207414053e-13; -0.01692710483827105 0.009296608868208362 0.0035092254698919694 -0.009853168805736348 0.031034145079559167 0.0030786400208672174 -0.01923458915413612 -0.0011261664911637087 -0.01205347662650486 -0.00041228493517768823 0.0064887003436735705 -0.014462717072193786 0.017338071490762455 0.0049820000909222215 -0.010933982652409892 -0.0025050619588191376 0.012333978820252355 -0.0059979024003837 0.0037705617467866967 -0.003975861554624083 -0.0033879424364944423 0.0025368699149850653 0.013221487351919746 -0.001802033744514948 5209.315011231807 -3525.209402919163 -913.5432713218673 2830.7408855893864 -8535.62514910646 -1006.020151413345 4685.772286061862 479.6641631861321 0.0 883.1591794214958; 0.011675174821530214 -0.006412173541828613 -0.0024204269566832815 0.0067960510348425264 -0.021405259357842644 -0.002123438166160463 0.013266721813355626 0.0007767536615451438 0.008313674911701343 0.00028436633083288776 -0.004475467695198015 0.009975406416248025 -0.011958631889912514 -0.0034362475200654247 0.007541523502225971 0.0017278227190897263 -0.008507146399065229 0.004136948388753996 -0.0026006790877538782 0.0027422810433292218 0.002336774103384935 -0.0017497617011248082 -0.009119289902742776 0.001242921291179152 -3525.2094029191635 2613.5771525264977 637.7013750749022 -1974.0409553500274 5952.9682634736955 701.9131167196382 -3268.340197487158 -333.9909052122634 0.0 -609.1436139342638; 0.003285302055453307 -0.0018043350304309909 -0.0006810890438404557 0.0019123551274418875 -0.006023271055106538 -0.0005975187419935043 0.0037331508186214846 0.00021857235029570896 0.002339402509452379 8.001844130540874e-5 -0.001259361289480188 0.002807000640611087 -0.0033650646374809297 -0.000966932933620745 0.0021221251965685855 0.0004861956773457904 -0.002393843859138728 0.001164104628207736 -0.000731810570991726 0.0007716562437819953 0.000657549791102348 -0.0004923691337501855 -0.002566096210097585 0.0003497482423258787 -913.5432713218673 637.7013750749022 319.33732502231607 -512.2518419057833 1543.614332167355 181.4361666453723 -846.7729123964333 -87.67267475256345 0.0 -171.40820570210943; -0.009330444203286447 0.005124413841195063 0.0019343315207423885 -0.005431197044377484 0.017106431479460227 0.0016969871227925943 -0.010602360095864844 -0.0006207578738247551 -0.00664403583446513 -0.0002272569125249126 0.003576657502091521 -0.007972041052461852 0.009556974460948282 0.0027461443828255827 -0.006026955940353987 -0.001380823304153694 0.006798652355876583 -0.0033061231804395247 0.0020783835351393127 -0.0021915475061948506 -0.0018674787076516095 0.0013983562705447196 0.007287858803983458 -0.0009933048484240049 2830.7408855893864 -1974.0409553500274 -512.2518419057833 1740.1491913095497 -4780.070015885221 -563.7152624849577 2624.510160182192 268.00161222319673 0.0 486.809027564712; 0.028384351222850913 -0.01558909298535717 -0.005884472815007486 0.016522364970986102 -0.052039854556078485 -0.005162442158652439 0.03225367476568446 0.0018884212938957208 0.02021196875023807 0.0006913432932438269 -0.010880629103108698 0.024251922873764205 -0.029073483943221467 -0.008354106725521724 0.018334736319992048 0.004200633194718723 -0.020682331098801528 0.010057630643839069 -0.006322696642503425 0.006666955268376942 0.005681098389775309 -0.0042539706205881175 -0.022170556883235024 0.0030217547069299024 -8535.62514910646 5952.9682634736955 1543.6143321673553 -4780.070015885221 14569.50726367072 1699.3446687189394 -7913.574815591119 -809.1921714449087 0.0 -1480.9325382777436; 0.0034700487191347803 -0.0019058005490984182 -0.0007193896099362472 0.002019895080726426 -0.006361985490825776 -0.0006311197906055229 0.003943081944319733 0.00023086361356726187 0.002470957173630665 8.451822239543892e-5 -0.0013301805909245903 0.002964850358704391 -0.003554296694184869 -0.0010213077309681152 0.0022414614229985604 0.0005135365512654017 -0.0025284599945458695 0.0012295672379183267 -0.000772963426697379 0.0008150497930329881 0.0006945266437813772 -0.0005200571676736089 -0.0027103988360050795 0.00036941609015463795 -1006.020151413345 701.9131167196381 181.4361666453723 -563.7152624849577 1699.3446687189391 355.17939766450456 -932.6066870307906 -95.91005771527854 0.0 -181.0472262621513; -0.015737672634177725 0.008643355634276357 0.003262639546002791 -0.009160807270678492 0.028853440704131993 0.002862310434643419 -0.017883014860066198 -0.0010470331305235368 -0.011206504069305559 -0.00038331453629091906 0.006032752960750343 -0.013446452234897798 0.01611976152074565 0.004631925379058852 -0.010165674592051562 -0.00232903650168769 0.011467295961394865 -0.005576442360986099 0.0035056122700746132 -0.003696486090404445 -0.0031498788173414515 0.002358609379393857 0.012292441127379894 -0.0016754086075486494 4685.772286061863 -3268.340197487158 -846.7729123964333 2624.510160182192 -7913.574815591119 -932.6066870307907 4499.2793069409845 444.8906317056636 0.0 821.101433619116; -0.0013619179292983289 0.0007479848692530483 0.0002823446260337799 -0.0007927644677071655 0.002496939613012654 0.0002477006601149347 -0.0015475730836426267 -9.06088991794477e-5 -0.0009697964350584145 -3.317154649675135e-5 0.0005220666747401023 -0.0011636386656302899 0.0013949834096459372 0.00040084085922669285 -0.0008797243920464149 -0.00020155182048647654 0.0009923650296599263 -0.000482578142884498 0.00030337117277521046 -0.00031988914745822164 -0.0002725864577420396 0.00020411101925145195 0.0010637720300437268 -0.00014498770399924975 479.6641631861321 -333.9909052122633 -87.67267475256345 268.00161222319673 -809.1921714449086 -95.91005771527854 444.89063170566357 199.58120214623438 0.0 71.05706095081182; 0.0 0.0 0.0 0.0 0.0 0.0 0.0 0.0 0.0 0.0 0.0 0.0 0.0 0.0 0.0 0.0 0.0 0.0 0.0 0.0 0.0 0.0 0.0 0.0 0.0 0.0 0.0 0.0 0.0 0.0 0.0 0.0 155.11390926152419 0.0; 9.104083380565716e-12 -5.000093229251867e-12 -1.887403757721667e-12 5.2994337323059474e-12 -1.6691421666514504e-11 -1.6558174428831945e-12 1.0345142014732535e-11 6.056980052946105e-13 6.482848501374835e-12 2.2174355640088231e-13 -3.489886163329478e-12 7.778635708398693e-12 -9.325117911081205e-12 -2.6795216703091347e-12 5.880739246332111e-12 1.3473239023727912e-12 -6.633713955609809e-12 3.22591512744278e-12 -2.0279610046902647e-12 2.1383795663062976e-12 1.822172824301643e-12 -1.3644315110197974e-12 -7.111052032644409e-12 9.692068207414053e-13 883.1591794214958 -609.1436139342638 -171.40820570210943 486.809027564712 -1480.9325382777436 -181.0472262621513 821.1014336191159 71.0570609508118 0.0 155.11390831152656]
 * x: [-1.0811747312545776, -0.10964307934045792, 1.0065913200378418, 0.11669959872961044, 0.4534267485141754, 0.6695766448974609, -0.9487116932868958, 1.0792078971862793, -0.21694181859493256, -1.1521233320236206, 0.9849638938903809, 0.6048840880393982, -0.6687751412391663, 0.6045361757278442, -0.5061540007591248, 1.1675978899002075, -0.3998589515686035, -0.5841453671455383, -0.0939059630036354, -0.21002297103405, -0.0017298752209171653, -0.4337520897388458, 0.014917370863258839, -0.5416593551635742, -0.0005963534169012055, 0.00041132435016274306, 0.00011574342600469458, -0.0003287178956471953, 0.001, 0.00012225217662685932, -0.0005544489113250565, -4.798129499616368e-5, 0.0, 0.040319940668326525]
bfgs    1   loss 1.097092e-05
n     Energy            log10(ΔE)   log10(Δρ)   Diag   Δtime 
---   ---------------   ---------   ---------   ----   ------
  1   -8.179418305107                   -0.73    3.1    565ms
  2   -8.212722133037       -1.48       -1.22    2.1    481ms
  3   -8.224214554879       -1.94       -2.14    3.1    691ms
  4   -8.224477998748       -3.58       -2.33    3.0    602ms
  5   -8.224518456070       -4.39       -2.89    2.5    584ms
  6   -8.224525506783       -5.15       -2.97    2.6    590ms
  7   -8.224527476028       -5.71       -3.58    1.7    499ms
  8   -8.224527723579       -6.61       -4.12    2.1    592ms
  9   -8.224527745399       -7.66       -4.44    2.3    543ms
 10   -8.224527749631       -8.37       -4.60    2.4    640ms
 11   -8.224527750270       -9.19       -4.97    1.1    454ms
 12   -8.224527750453       -9.74       -5.87    2.0    608ms
 13   -8.224527750463      -11.01       -6.37    3.3    698ms
 14   -8.224527750463      -12.14       -6.82    2.8    571ms
 15   -8.224527750463      -13.67       -6.96    2.8    661ms
 16   -8.224527750463      -13.85       -7.99    1.4    471ms
 17   -8.224527750463      -14.45       -8.35    3.4    751ms
 18   -8.224527750463   +    -Inf       -9.07    2.3    485ms
 19   -8.224527750463   +    -Inf       -9.23    3.3    720ms
 20   -8.224527750463   +    -Inf       -9.98    2.1    518ms
 21   -8.224527750463   +    -Inf      -10.13    3.2    604ms
n     Energy            log10(ΔE)   log10(Δρ)   Diag   Δtime 
---   ---------------   ---------   ---------   ----   ------
  1   -8.226174585776                   -0.79    3.2    1.05s
  2   -8.258367976274       -1.49       -1.22    2.0   1000ms
  3   -8.272693379918       -1.84       -2.05    2.6    1.10s
  4   -8.273138074684       -3.35       -2.21    3.0    1.10s
  5   -8.273220619218       -4.08       -2.66    2.5    996ms
  6   -8.273237536535       -4.77       -2.84    2.9    1.07s
  7   -8.273243520117       -5.22       -3.45    2.0    895ms
  8   -8.273244095500       -6.24       -3.86    2.2    1.04s
  9   -8.273244168417       -7.14       -4.27    2.2    1.05s
 10   -8.273244182456       -7.85       -4.38    3.0    1.08s
 11   -8.273244184339       -8.73       -4.73    1.0    907ms
 12   -8.273244185028       -9.16       -5.64    2.0    970ms
 13   -8.273244185068      -10.39       -5.88    3.6    1.23s
 14   -8.273244185076      -11.09       -6.08    2.9    1.14s
 15   -8.273244185077      -11.98       -6.66    2.9    931ms
 16   -8.273244185077      -12.67       -7.27    2.4    1.07s
 17   -8.273244185077      -13.64       -7.54    2.9    1.19s
 18   -8.273244185077      -14.45       -8.08    2.6    987ms
 19   -8.273244185077      -14.75       -8.15    2.9    1.09s
 20   -8.273244185077   +    -Inf       -8.44    2.0    994ms
 21   -8.273244185077   +    -Inf       -8.82    2.6    978ms
 22   -8.273244185077   +    -Inf       -9.68    2.0    900ms
 23   -8.273244185077   +    -Inf       -9.72    3.3    1.18s
 24   -8.273244185077   +    -Inf      -10.35    2.0    935ms
n     Energy            log10(ΔE)   log10(Δρ)   Diag   Δtime 
---   ---------------   ---------   ---------   ----   ------
  1   -8.239385101558                   -0.82    4.1    954ms
  2   -8.286008004154       -1.33       -1.55    1.9    728ms
  3   -8.287796948072       -2.75       -1.73    2.4    859ms
  4   -8.288139698652       -3.47       -2.04    2.2    860ms
  5   -8.288311440966       -3.77       -2.34    2.1    764ms
  6   -8.288365770460       -4.26       -3.12    1.5    783ms
  7   -8.288371663062       -5.23       -3.34    3.6    1.01s
  8   -8.288372544331       -6.05       -3.58    2.6    865ms
  9   -8.288372733972       -6.72       -3.86    2.0    831ms
 10   -8.288372803781       -7.16       -4.39    2.5    909ms
 11   -8.288372808771       -8.30       -4.85    2.7    866ms
 12   -8.288372810758       -8.70       -5.11    3.0    989ms
 13   -8.288372810829      -10.15       -5.51    1.4    784ms
 14   -8.288372810883      -10.27       -5.83    2.6    848ms
 15   -8.288372810886      -11.62       -6.52    2.6    948ms
 16   -8.288372810886      -12.38       -6.91    3.2    961ms
 17   -8.288372810886      -13.47       -7.15    2.1    747ms
 18   -8.288372810886      -13.80       -7.42    2.8    928ms
 19   -8.288372810886      -14.05       -8.54    2.4    890ms
 20   -8.288372810886   +  -14.45       -8.81    3.9    1.01s
 21   -8.288372810886   +    -Inf       -8.91    3.5    993ms
 22   -8.288372810886      -14.75       -9.70    2.0    831ms
 23   -8.288372810886      -14.75       -9.90    3.2    937ms
 24   -8.288372810886   +    -Inf      -10.55    3.0    945ms
n     Energy            log10(ΔE)   log10(Δρ)   Diag   Δtime 
---   ---------------   ---------   ---------   ----   ------
  1   -7.801636910658                   -0.81    3.0    545ms
  2   -7.815459840029       -1.86       -1.42    1.0    538ms
  3   -7.816394169028       -3.03       -2.08    2.0    552ms
  4   -7.816446327856       -4.28       -2.47    2.0    665ms
  5   -7.816453810266       -5.13       -3.89    1.3    447ms
  6   -7.816454021749       -6.67       -4.42    3.6    786ms
  7   -7.816454020301   +   -8.84       -4.25    2.0    534ms
  8   -7.816454021801       -8.82       -4.73    1.0    447ms
  9   -7.816454022053       -9.60       -5.32    1.5    531ms
 10   -7.816454022059      -11.18       -5.34    1.8    492ms
 11   -7.816454022065      -11.21       -5.40    1.0    650ms
 12   -7.816454022081      -10.82       -5.86    1.3    450ms
 13   -7.816454022081      -12.57       -5.95    1.2    542ms
 14   -7.816454022081      -12.93       -6.21    1.0    475ms
 15   -7.816454022081      -13.64       -6.48    1.0    542ms
 16   -7.816454022081      -14.15       -6.62    1.4    466ms
 17   -7.816454022081      -14.75       -6.88    1.0    539ms
 18   -7.816454022081      -15.05       -7.59    1.2    465ms
 19   -7.816454022081   +  -14.75       -8.43    2.2    611ms
 20   -7.816454022081      -14.75       -8.76    2.2    553ms
 21   -7.816454022081   +    -Inf       -9.28    1.6    582ms
 22   -7.816454022081      -14.75       -9.62    1.5    470ms
 23   -7.816454022081   +  -14.57      -10.49    1.7    573ms
n     Energy            log10(ΔE)   log10(Δρ)   Diag   Δtime 
---   ---------------   ---------   ---------   ----   ------
  1   -7.832092944650                   -0.89    2.6    1.03s
  2   -7.843275116818       -1.95       -1.59    1.0    752ms
  3   -7.843791303391       -3.29       -2.37    2.0    1.02s
  4   -7.843810565928       -4.72       -2.74    2.0    1.08s
  5   -7.843813062932       -5.60       -3.54    1.4    839ms
  6   -7.843813231075       -6.77       -4.28    2.5    1.11s
  7   -7.843813235920       -8.31       -4.80    2.2    1.03s
  8   -7.843813236007      -10.06       -5.58    2.1    968ms
  9   -7.843813236004   +  -11.57       -5.65    1.9    1.01s
 10   -7.843813236012      -11.08       -6.11    1.0    869ms
 11   -7.843813236015      -11.57       -7.26    2.0    871ms
 12   -7.843813236015   +  -13.17       -7.73    3.0    1.23s
 13   -7.843813236015      -13.69       -7.94    1.6    974ms
 14   -7.843813236015   +  -13.56       -8.35    1.3    822ms
 15   -7.843813236015      -14.05       -8.61    1.0    877ms
 16   -7.843813236015      -14.45       -9.38    1.0    830ms
 17   -7.843813236015   +    -Inf       -9.76    2.1    905ms
 18   -7.843813236015   +    -Inf      -10.07    1.3    922ms
n     Energy            log10(ΔE)   log10(Δρ)   Diag   Δtime 
---   ---------------   ---------   ---------   ----   ------
  1   -7.823272721014                   -0.94    3.1    806ms
  2   -7.832061405637       -2.06       -1.62    1.0    892ms
  3   -7.832515013087       -3.34       -2.44    2.0    1.00s
  4   -7.832545251798       -4.52       -2.88    2.2    1.08s
  5   -7.832546583664       -5.88       -3.65    1.3    786ms
  6   -7.832546561341   +   -7.65       -3.49    2.1    1.04s
  7   -7.832546657410       -7.02       -4.76    1.7    923ms
  8   -7.832546659781       -8.63       -5.04    3.0    1.12s
  9   -7.832546659787      -11.23       -5.46    1.0    868ms
 10   -7.832546659786   +  -11.99       -5.61    1.3    903ms
 11   -7.832546659788      -11.66       -6.20    1.0    777ms
 12   -7.832546659788      -13.19       -6.40    1.6    920ms
 13   -7.832546659788      -13.43       -7.11    1.0    876ms
 14   -7.832546659788   +    -Inf       -7.32    2.0    970ms
 15   -7.832546659788      -14.57       -8.50    1.0    871ms
 16   -7.832546659788   +    -Inf       -8.65    3.0    1.21s
 17   -7.832546659788      -15.05       -8.81    2.0    966ms
 18   -7.832546659788   +  -14.57       -9.78    1.0    865ms
 19   -7.832546659788   +  -15.05      -10.30    1.9    990ms
n     Energy            log10(ΔE)   log10(Δρ)   Diag   Δtime 
---   ---------------   ---------   ---------   ----   ------
  1   -7.816454022081                  -11.80    1.0    471ms
n     Energy            log10(ΔE)   log10(Δρ)   Diag   Δtime 
---   ---------------   ---------   ---------   ----   ------
  1   -7.843813236015                  -10.82    1.0    728ms
n     Energy            log10(ΔE)   log10(Δρ)   Diag   Δtime 
---   ---------------   ---------   ---------   ----   ------
  1   -7.832546659788                  -11.51    1.0    744ms
n     Energy            log10(ΔE)   log10(Δρ)   Diag   Δtime 
---   ---------------   ---------   ---------   ----   ------
  1   -7.816454022081                  -11.86    1.0    387ms
n     Energy            log10(ΔE)   log10(Δρ)   Diag   Δtime 
---   ---------------   ---------   ---------   ----   ------
  1   -7.843813236015                  -11.21    1.0    731ms
n     Energy            log10(ΔE)   log10(Δρ)   Diag   Δtime 
---   ---------------   ---------   ---------   ----   ------
  1   -7.832546659788                  -11.86    1.0    813ms
n     Energy            log10(ΔE)   log10(Δρ)   Diag   Δtime 
---   ---------------   ---------   ---------   ----   ------
  1   -7.816454022081                  -12.06    1.0    437ms
n     Energy            log10(ΔE)   log10(Δρ)   Diag   Δtime 
---   ---------------   ---------   ---------   ----   ------
  1   -7.843813236015                  -11.58    1.0    696ms
n     Energy            log10(ΔE)   log10(Δρ)   Diag   Δtime 
---   ---------------   ---------   ---------   ----   ------
  1   -7.832546659788                  -12.31    1.0    761ms
     2     2.289214e-06     9.154008e-03
 * Current step size: 0.1
 * time: 208.24649000167847
 * g(x): [-4.951042704243249e-5, 3.9987524671019225e-5, 1.252211220456399e-5, -3.373849437531895e-5, 0.00013294615086224294, 1.1371913053574936e-5, -6.166915216502919e-5, -5.049873458201436e-6, -1.3982826054477536e-5, -9.094167963684387e-6, 5.545379967752199e-6, -1.4985407237882127e-5, -5.960364005920702e-6, 4.243344352793749e-6, -8.923830753672394e-6, -2.885467762846739e-6, 3.738391419807286e-5, -5.3848841679559815e-6, 7.733377879753262e-6, -5.005933535129384e-6, 1.7980321797936128e-5, 5.475724839321469e-6, 3.449376090936612e-5, -4.35237605492123e-6, -0.000550651451651798, -4.075029205233264e-5, 0.0008315243473515817, 0.00017728953842414592, 0.0002750774412138004, 0.0004364530970492782, -0.0006546624064958707, 0.0007405911589082083, -0.0, 0.009154008287303311]
 * ~inv(H): [155.11408356781624 -0.00011834247606238029 -4.0126028263961424e-5 0.00011015450658627772 -0.0003940973250477201 -3.588510480136968e-5 0.0002076265666431366 1.469951817553541e-5 8.65299073812324e-5 1.8184662553179e-5 -4.307906380351969e-5 0.00010065831986140572 -7.83929702424475e-5 -3.30505388749232e-5 7.184849294413135e-5 1.7947076956707875e-5 -0.00012932009097041004 4.027819749500472e-5 -3.3004338242899256e-5 2.9237699399387995e-5 -1.4396156276463022e-5 -2.2687399525710737e-5 -0.0001287649193812558 1.6933448476325523e-5 -26.279987219999096 18.327766064469873 4.75357552662629 -14.716493045037035 44.37898260627494 5.232491062997133 -24.36497994048176 -2.490300431003542 0.0 -4.5458188259974115; -0.0001183424760623803 155.11398667517346 2.6725358456675362e-5 -7.366014291512987e-5 0.00025789882674056056 2.3821013195078562e-5 -0.00013972475007459692 -9.577501720532441e-6 -6.362431047099196e-5 -1.0538001314807119e-5 3.232714342590454e-5 -7.46020626716514e-5 6.621446618770805e-5 2.4806707233387108e-5 -5.4065664626293886e-5 -1.3203014389878744e-5 8.749998370464839e-5 -3.013326731823387e-5 2.3163112977295554e-5 -2.136865711675028e-5 3.3810156050522455e-6 1.5848956130240416e-5 8.838059538044933e-5 -1.1707221098965596e-5 21.249010159667137 -14.819169977198007 -3.8435164130142665 11.899234320107325 -35.88321983733757 -4.230775099015345 19.7005981067142 2.0136133669216933 0.0 3.6763390110510157; -4.0126028263961424e-5 2.6725358456675362e-5 155.11391840737227 -2.5159064966170858e-5 8.901696020736366e-5 8.16515181643667e-6 -4.757768538188355e-5 -3.3128649341354488e-6 -2.0779991046455223e-5 -3.86711467247802e-6 1.0460347274196055e-5 -2.4276891850727617e-5 2.0338724975563202e-5 8.026148718125025e-6 -1.747245205303677e-5 -4.311149475635735e-6 2.9717111626879788e-5 -9.764002280913783e-6 7.731021885492629e-6 -6.998536326685017e-6 2.1859506832966155e-6 5.301382083550074e-6 2.981121191747028e-5 -3.935298955843439e-6 6.650890959052078 -4.638362185512325 -1.2030180335345353 3.724428541307063 -11.231358940994175 -1.3242256126506662 6.1662428192208205 0.6302494905547569 0.0 1.1505817260832187; 0.00011015450658627772 -7.366014291512985e-5 -2.5159064966170858e-5 155.11397844128368 -0.00024533735113362666 -2.2469348570755337e-5 0.00013073490474707278 9.13477443665429e-6 5.655784579578529e-5 1.079688837497622e-5 -2.840792854996679e-5 6.601902355136326e-5 -5.4534948104874066e-5 -2.179671319844532e-5 4.7437035684065715e-5 1.1733203043922336e-5 -8.160979557072716e-5 2.652554273111721e-5 -2.114776336212756e-5 1.9060643495431556e-5 -6.640257180187576e-6 -1.450885005179235e-5 -8.174235670402914e-5 1.078218063185202e-5 -17.917422466579552 12.49569102690766 3.2409207108972744 -10.03356411258049 30.25714581478155 3.5674501846834885 -16.61178687562851 -1.6978802074491202 0.0 -3.099584512369911; -0.0003940973250477202 0.00025789882674056056 8.901696020736366e-5 -0.00024533735113362666 155.114768432093 7.93459327040927e-5 -0.0004653457641608342 -3.1908215282995966e-5 -0.00021171122722987037 -3.5154900483201184e-5 0.0001075486642296612 -0.00024822131401695027 0.00022005923719342225 8.252888532112829e-5 -0.0001798655801450069 -4.3933093617822486e-5 0.00029139768259853704 -0.0001002527417063641 7.711063184733537e-5 -7.11087431122044e-5 1.147795193406964e-5 5.27640380816971e-5 0.0002942872282340572 -3.8979514590164006e-5 70.64570321036648 -49.268679325300035 -12.778381012390454 39.5608901755769 -119.29945226228052 -14.065883177400941 65.49776210870978 6.694575451048557 0.0 12.222550058799959; -3.588510480136968e-5 2.382101319507856e-5 8.165151816436669e-6 -2.2469348570755333e-5 7.934593270409269e-5 155.11391654894896 -4.251548475369275e-5 -2.9517854182158736e-6 -1.871631807141812e-5 -3.409241119990149e-6 9.438507026826264e-6 -2.1881297519062903e-5 1.8542295368458316e-5 7.242229848602744e-6 -1.5769474162803884e-5 -3.883182970269163e-6 2.6568156244546293e-5 -8.807812986813938e-6 6.934464510942325e-6 -6.3001343059093655e-6 1.7811146785853494e-6 4.75319569968522e-6 2.668649883126758e-5 -3.5251002964631455e-6 6.040571424138127 -4.2127231810707855 -1.0926218476383722 3.3826568291261276 -10.200713440587208 -1.2027074362207324 5.600396833520355 0.5724158330268764 0.0 1.0450173150042479; 0.00020762656664313664 -0.0001397247500745969 -4.757768538188355e-5 0.0001307349047470728 -0.0004653457641608342 -4.251548475369275e-5 155.1141560536254 1.7339306265498884e-5 0.0001051323785162565 2.0896400276259185e-5 -5.261583711417478e-5 0.00012254730091644734 -9.887052631514822e-5 -4.0369374679287676e-5 8.781741195813857e-5 2.180825510498734e-5 -0.00015391407737429982 4.9155997597684276e-5 -3.9632755581164085e-5 3.5468589069434866e-5 -1.4445394046761481e-5 -2.7212735743242124e-5 -0.00015378441701389538 2.025943756137229e-5 -32.743843367058716 22.835696096350677 5.922750973938658 -18.33619186959208 55.294506456690335 6.519471945167985 -30.357814817240083 -3.1028387586274935 0.0 -5.664235302904445; 1.4699518175535411e-5 -9.577501720532443e-6 -3.3128649341354488e-6 9.13477443665429e-6 -3.1908215282995966e-5 -2.9517854182158736e-6 1.7339306265498884e-5 155.11391044592273 7.966352995561602e-6 1.2854069779203996e-6 -4.055490045191222e-6 9.347952074714828e-6 -8.393702767580131e-6 -3.1120999150844124e-6 6.78438203832428e-6 1.6532209801246631e-6 -1.0864617611751466e-5 3.779180688580494e-6 -2.8869610524452948e-6 2.673998079187884e-6 -3.3674802165068834e-7 -1.974426999400631e-6 -1.0990368360803972e-5 1.4569139191253733e-6 -2.68371711554618 1.8716385414786558 0.48542967363328227 -1.502855228301176 4.531995622045347 0.5343401262388029 -2.4881549685762607 -0.2543168002576694 0.0 -0.46432424495801294; 8.65299073812324e-5 -6.362431047099196e-5 -2.0779991046455223e-5 5.655784579578529e-5 -0.00021171122722987037 -1.871631807141812e-5 0.00010513237851625649 7.9663529955616e-6 155.1139441104643 1.2033390642215896e-5 -1.6266212946083293e-5 3.9559271210068006e-5 -1.7319172318353608e-5 -1.2471046374032569e-5 2.68806606559008e-5 7.216738311606577e-6 -6.469611737120769e-5 1.536169299275272e-5 -1.5128413268966176e-5 1.1990346368253298e-5 -1.7774907151018125e-5 -1.0521597307028372e-5 -6.232988195128778e-5 8.056181218335021e-6 -7.382556502665836 5.148578899107251 1.335447970114043 -4.134095825163501 12.466844234156882 1.4699420785369561 -6.844609104856719 -0.6994903891889123 0.0 -1.275743705142841; 1.8184662553179e-5 -1.0538001314807117e-5 -3.86711467247802e-6 1.079688837497622e-5 -3.515490048320118e-5 -3.409241119990149e-6 2.0896400276259185e-5 1.2854069779203994e-6 1.2033390642215896e-5 155.11391004394818 -6.392585280216776e-6 1.4361476261314391e-5 -1.618697405205841e-5 -4.907584481668567e-6 1.075391930803317e-5 2.5000022254579286e-6 -1.3306598121398729e-5 5.920202544671901e-6 -3.908861084173856e-6 3.98617973724415e-6 2.4392709477851583e-6 -2.6416531567903613e-6 -1.4023923711822781e-5 1.8963824527782706e-6 -4.8417993502003105 3.3767065016359537 0.8757657017175249 -2.7113715347563176 8.176366657124849 0.9640164045518045 -4.488974641013683 -0.4588413685594291 0.0 -0.8379862203065382; -4.307906380351969e-5 3.232714342590453e-5 1.0460347274196053e-5 -2.840792854996679e-5 0.00010754866422966118 9.438507026826264e-6 -5.261583711417478e-5 -4.055490045191222e-6 -1.6266212946083293e-5 -6.392585280216774e-6 155.1139166755302 -1.830343205449765e-5 5.736093353084636e-6 5.682707127695966e-6 -1.2208305286814177e-5 -3.3666577895137055e-6 3.227568944915985e-5 -7.028626050983664e-6 7.363884994155287e-6 -5.632105085227411e-6 1.0269664797672318e-5 5.139168341267176e-6 3.0818256709442354e-5 -3.964009159032919e-6 2.918536025755614 -2.035370084875153 -0.5279589444137374 1.6343142968309385 -4.9284840521617665 -0.5811182744959064 2.7058735952801523 0.2765089476768773 0.0 0.5040393476558868; 0.00010065831986140572 -7.46020626716514e-5 -2.427689185072762e-5 6.601902355136327e-5 -0.00024822131401695027 -2.1881297519062907e-5 0.00012254730091644734 9.347952074714828e-6 3.9559271210068006e-5 1.4361476261314391e-5 -1.8303432054497652e-5 155.1139540218463 -1.7536898266597382e-5 -1.4031599507909106e-5 3.0207759166114335e-5 8.190508432154274e-6 -7.531979829865205e-5 1.730994741970218e-5 -1.744678367955846e-5 1.3643069807598664e-5 -2.1961639820722352e-5 -1.2149988935704869e-5 -7.231454523691314e-5 9.32927780737561e-6 -7.90350435784383 5.511877207353069 1.429699830788246 -4.425806020695907 13.34654835862858 1.573675393091751 -7.327600105586584 -0.7488319578795835 0.0 -1.365496073992708; -7.839297024244752e-5 6.621446618770805e-5 2.03387249755632e-5 -5.453494810487407e-5 0.00022005923719342223 1.854229536845832e-5 -9.887052631514822e-5 -8.393702767580133e-6 -1.7319172318353605e-5 -1.618697405205841e-5 5.736093353084634e-6 -1.7536898266597382e-5 155.1138869811424 4.378127633714029e-6 -8.904536444013222e-6 -3.562196847547088e-6 5.948871698002426e-5 -5.770916562057446e-6 1.1497995532211726e-5 -6.425299858445069e-6 3.478964010362037e-5 8.229423584390708e-6 5.3669330972700036e-5 -6.683260057170713e-6 -3.2689387006820145 2.2798903690512606 0.5910876927723978 -1.8307058420302864 5.520439302513538 0.6507727612380823 -3.0306926333383517 -0.30998724978484726 0.0 -0.568818692046018; -3.30505388749232e-5 2.4806707233387105e-5 8.026148718125025e-6 -2.179671319844532e-5 8.252888532112829e-5 7.242229848602744e-6 -4.0369374679287676e-5 -3.1120999150844124e-6 -1.247104637403257e-5 -4.907584481668567e-6 5.682707127695966e-6 -1.4031599507909104e-5 4.378127633714029e-6 155.1139136172079 -9.357080208691762e-6 -2.581147405823879e-6 2.4762642116869737e-5 -5.38755049104705e-6 5.648304195264998e-6 -4.318341850412896e-6 7.890095730609375e-6 3.9420267002211785e-6 2.364229855047644e-5 -3.040846785827887e-6 2.2331827443493824 -1.557408579454507 -0.403979706339768 1.2505318087565274 -3.7711390119479664 -0.44465565073353186 2.0704593917443512 0.2115767765118009 0.0 0.38567396552587374; 7.184849294413136e-5 -5.4065664626293886e-5 -1.747245205303677e-5 4.743703568406572e-5 -0.00017986558014500688 -1.5769474162803884e-5 8.781741195813857e-5 6.784382038324281e-6 2.6880660655900802e-5 1.075391930803317e-5 -1.2208305286814179e-5 3.0207759166114335e-5 -8.904536444013222e-6 -9.357080208691763e-6 155.11392935343596 5.563102630140898e-6 -5.3845602213106514e-5 1.1580457931808429e-5 -1.2243189542647737e-5 9.315987062476935e-6 -1.7453962763203884e-5 -8.548529105131296e-6 -5.135074385193912e-5 6.600554849410246e-6 -4.693944382040067 3.273526501412272 0.8491329816386582 -2.628499380396119 7.926582328727493 0.9346273756736164 -4.351915847779191 -0.4447096246631745 0.0 -0.8105710369973007; 1.7947076956707875e-5 -1.3203014389878743e-5 -4.311149475635735e-6 1.1733203043922336e-5 -4.393309361782248e-5 -3.883182970269163e-6 2.180825510498734e-5 1.6532209801246631e-6 7.216738311606577e-6 2.500002225457928e-6 -3.3666577895137055e-6 8.190508432154273e-6 -3.5621968475470885e-6 -2.581147405823879e-6 5.563102630140897e-6 155.11391075599266 -1.3419244916781473e-5 3.1797261860752213e-6 -3.1360265769109128e-6 2.48340444782745e-6 -3.7014159235877177e-6 -2.1812456941725583e-6 -1.2925566870045386e-5 1.6704386261336017e-6 -1.5233531953899444 1.0623831056058415 0.27556312229505303 -0.8530496379421607 2.572470082301028 0.30331519710622934 -1.4123505078264122 -0.14433610018366283 0.0 -0.26324016146887447; -0.00012932009097041004 8.749998370464839e-5 2.9717111626879784e-5 -8.160979557072716e-5 0.000291397682598537 2.6568156244546297e-5 -0.00015391407737429982 -1.0864617611751468e-5 -6.469611737120769e-5 -1.3306598121398729e-5 3.227568944915985e-5 -7.531979829865204e-5 5.948871698002425e-5 2.476264211686974e-5 -5.3845602213106514e-5 -1.3419244916781474e-5 155.11400517512172 -3.0167813559896362e-5 2.4563558632468793e-5 -2.1847020717708635e-5 1.0027180410162747e-5 1.687763655225653e-5 9.563025767724775e-5 -1.258466492156411e-5 19.84569823170175 -13.840470474402027 -3.5897240243477344 11.113367785611487 -33.513410884370096 -3.951386374110235 18.39955289006803 1.8805901542897658 0.0 3.4329161389458394; 4.027819749500472e-5 -3.0133267318233874e-5 -9.764002280913783e-6 2.6525542731117214e-5 -0.0001002527417063641 -8.80781298681394e-6 4.9155997597684276e-5 3.7791806885804945e-6 1.536169299275272e-5 5.920202544671901e-6 -7.028626050983664e-6 1.730994741970218e-5 -5.770916562057445e-6 -5.38755049104705e-6 1.1580457931808429e-5 3.1797261860752218e-6 -3.0167813559896366e-5 155.1139159206524 -6.908817523987378e-6 5.313577292778585e-6 -9.401293769118803e-6 -4.8190259024800924e-6 -2.8844611129704466e-5 3.712889826867253e-6 -2.8357120592095986 1.9776110193474818 0.5129729859566962 -1.5879369130678194 4.788623515523151 0.5646255154691197 -2.6290840533242648 -0.2686655045588419 0.0 -0.4897885558237765; -3.300433824289926e-5 2.3163112977295554e-5 7.731021885492629e-6 -2.1147763362127557e-5 7.711063184733537e-5 6.934464510942325e-6 -3.963275558116408e-5 -2.8869610524452943e-6 -1.5128413268966176e-5 -3.908861084173856e-6 7.363884994155288e-6 -1.744678367955846e-5 1.1497995532211728e-5 5.648304195264998e-6 -1.2243189542647737e-5 -3.1360265769109128e-6 2.4563558632468793e-5 -6.908817523987378e-6 155.11391531626973 -5.145093024308979e-6 4.372231863065976e-6 4.181005310485257e-6 2.4134591170764983e-5 -3.1520783628294756e-6 4.0987374225654145 -2.858468578785403 -0.74139952863916 2.2952382062403824 -6.921522081392853 -0.8160866242158301 3.800067176859752 0.38838485711276166 0.0 0.7087891324093719; 2.9237699399387995e-5 -2.136865711675028e-5 -6.998536326685017e-6 1.9060643495431556e-5 -7.11087431122044e-5 -6.300134305909366e-6 3.546858906943486e-5 2.673998079187884e-6 1.1990346368253298e-5 3.98617973724415e-6 -5.632105085227411e-6 1.3643069807598663e-5 -6.4252998584450695e-6 -4.318341850412896e-6 9.315987062476935e-6 2.48340444782745e-6 -2.1847020717708635e-5 5.313577292778585e-6 -5.145093024308979e-6 155.11391337995718 -5.7238524814044864e-6 -3.574825503288758e-6 -2.1102987328224747e-5 2.7314040497822087e-6 -2.644840835698498 1.8445083724770857 0.47842786734683895 -1.4810646314624405 4.466317724916182 0.5266131046628005 -2.4521175563403275 -0.2506001194001821 0.0 -0.4571014153341759; -1.4396156276463017e-5 3.381015605052244e-6 2.1859506832966155e-6 -6.640257180187577e-6 1.1477951934069643e-5 1.7811146785853492e-6 -1.4445394046761486e-5 -3.367480216506884e-7 -1.7774907151018125e-5 2.439270947785158e-6 1.0269664797672318e-5 -2.196163982072235e-5 3.478964010362037e-5 7.890095730609374e-6 -1.7453962763203884e-5 -3.701415923587718e-6 1.0027180410162745e-5 -9.401293769118803e-6 4.3722318630659766e-6 -5.7238524814044864e-6 155.1138965161313 2.845254367318702e-6 1.2722284477814643e-5 -1.8574212421101172e-6 9.595669841542568 -6.692116659357187 -1.735582984204606 5.3735332925796175 -16.204287814045976 -1.9105062259546262 8.896419108583636 0.9093979162490193 0.0 1.6614829705350445; -2.2687399525710737e-5 1.5848956130240416e-5 5.301382083550074e-6 -1.450885005179235e-5 5.2764038081697096e-5 4.75319569968522e-6 -2.721273574324212e-5 -1.974426999400631e-6 -1.0521597307028374e-5 -2.6416531567903613e-6 5.139168341267177e-6 -1.2149988935704869e-5 8.229423584390706e-6 3.9420267002211785e-6 -8.548529105131296e-6 -2.1812456941725587e-6 1.687763655225653e-5 -4.8190259024800924e-6 4.181005310485257e-6 -3.574825503288758e-6 2.8452543673187023e-6 155.11391214674686 1.6614282718504763e-5 -2.1720364550715077e-6 2.9028892406719438 -2.0244822241288887 -0.5250872984542383 1.6255801428246972 -4.902099148862084 -0.5779844553755237 2.6913587883342673 0.2750711609437057 0.0 0.5020158693135222; -0.0001287649193812558 8.838059538044933e-5 2.981121191747028e-5 -8.174235670402914e-5 0.0002942872282340572 2.6686498831267584e-5 -0.00015378441701389536 -1.0990368360803972e-5 -6.232988195128778e-5 -1.4023923711822781e-5 3.0818256709442354e-5 -7.231454523691313e-5 5.366933097270002e-5 2.364229855047644e-5 -5.135074385193912e-5 -1.2925566870045385e-5 9.563025767724775e-5 -2.8844611129704463e-5 2.413459117076498e-5 -2.1102987328224747e-5 1.2722284477814643e-5 1.6614282718504763e-5 155.11400407105194 -1.2440469848889963e-5 18.301430362586693 -12.763480423153329 -3.3104136098667962 10.248582089161475 -30.905589551915938 -3.6439228986023524 16.967818828862548 1.7342333679830786 0.0 3.165468015210348; 1.6933448476325523e-5 -1.1707221098965594e-5 -3.935298955843439e-6 1.0782180631852018e-5 -3.8979514590164e-5 -3.525100296463146e-6 2.025943756137229e-5 1.4569139191253733e-6 8.056181218335021e-6 1.8963824527782706e-6 -3.964009159032919e-6 9.32927780737561e-6 -6.683260057170715e-6 -3.040846785827887e-6 6.600554849410246e-6 1.6704386261336017e-6 -1.258466492156411e-5 3.712889826867253e-6 -3.152078362829476e-6 2.7314040497822087e-6 -1.857421242110117e-6 -2.1720364550715077e-6 -1.2440469848889963e-5 155.1139108914583 -2.308523474904741 1.6099713772744473 0.41757355610973496 -1.2927445829878106 3.8983977755972345 0.45964128998457027 -2.140303376141977 -0.2187528713102662 0.0 -0.3992655873264716; -26.279987219999096 21.249010159667137 6.650890959052078 -17.917422466579556 70.64570321036648 6.040571424138127 -32.743843367058716 -2.68371711554618 -7.382556502665836 -4.8417993502003105 2.918536025755614 -7.90350435784383 -3.2689387006820145 2.2331827443493824 -4.693944382040067 -1.5233531953899444 19.84569823170175 -2.8357120592095986 4.0987374225654145 -2.644840835698498 9.595669841542568 2.9028892406719438 18.301430362586697 -2.3085234749047405 581.1399217627118 -305.23196378781824 -62.64047163576064 247.72050939306123 -731.5157369003732 -78.34223648682932 392.1816761622201 55.94629258713332 0.0 81.07193387399263; 18.327766064469877 -14.819169977198007 -4.638362185512325 12.495691026907663 -49.268679325300035 -4.2127231810707855 22.835696096350677 1.8716385414786558 5.148578899107251 3.3767065016359537 -2.035370084875153 5.511877207353069 2.279890369051261 -1.5574085794545067 3.273526501412272 1.0623831056058415 -13.840470474402027 1.977611019347482 -2.858468578785403 1.8445083724770857 -6.692116659357187 -2.0244822241288887 -12.76348042315333 1.6099713772744473 -305.23196378781853 373.3432652936052 45.67653954919769 -176.96120715630187 523.4055204112356 56.48594243606109 -281.13998367434453 -39.22101542227631 0.0 -51.10279329039197; 4.75357552662629 -3.843516413014266 -1.2030180335345353 3.2409207108972744 -12.778381012390453 -1.0926218476383722 5.9227509739386575 0.4854296736332822 1.3354479701140427 0.8757657017175248 -0.5279589444137373 1.429699830788246 0.5910876927723977 -0.403979706339768 0.849132981638658 0.27556312229505303 -3.5897240243477344 0.5129729859566962 -0.7413995286391599 0.4784278673468389 -1.7355829842046058 -0.5250872984542383 -3.310413609866796 0.4175735561097349 -62.640471635760605 45.67653954919763 162.93752354591183 -37.33041445390408 108.77293673053256 10.898465215781938 -57.39235773714253 -9.72665464550861 0.0 -23.945239289514365; -14.716493045037035 11.899234320107325 3.724428541307063 -10.03356411258049 39.5608901755769 3.382656829126128 -18.33619186959208 -1.502855228301176 -4.134095825163501 -2.7113715347563176 1.6343142968309385 -4.425806020695907 -1.8307058420302864 1.2505318087565274 -2.628499380396119 -0.8530496379421607 11.113367785611487 -1.5879369130678196 2.2952382062403824 -1.4810646314624405 5.373533292579618 1.6255801428246974 10.248582089161477 -1.2927445829878104 247.72050939306115 -176.9612071563019 -37.33041445390415 298.56195819109126 -424.5577935623135 -45.95934758254105 228.21893257856397 31.549447064969137 0.0 39.15602574795697; 44.378982606274946 -35.88321983733757 -11.231358940994175 30.257145814781552 -119.29945226228052 -10.20071344058721 55.294506456690335 4.531995622045348 12.466844234156884 8.176366657124849 -4.9284840521617665 13.34654835862858 5.520439302513538 -3.7711390119479664 7.926582328727493 2.5724700823010282 -33.513410884370096 4.788623515523152 -6.921522081392853 4.466317724916183 -16.204287814045976 -4.902099148862085 -30.905589551915945 3.8983977755972345 -731.5157369003723 523.4055204112353 108.77293673053263 -424.5577935623132 1410.1107424423835 135.0626034126754 -673.6409258972932 -94.74874473398927 0.0 -128.43655955996553; 5.232491062997133 -4.230775099015345 -1.3242256126506664 3.5674501846834885 -14.065883177400941 -1.2027074362207322 6.519471945167984 0.5343401262388029 1.4699420785369561 0.9640164045518045 -0.5811182744959064 1.573675393091751 0.6507727612380823 -0.44465565073353186 0.9346273756736164 0.3033151971062293 -3.9513863741102355 0.5646255154691197 -0.8160866242158301 0.5266131046628005 -1.9105062259546262 -0.5779844553755237 -3.6439228986023524 0.4596412899845702 -78.34223648682921 56.485942436061045 10.898465215781947 -45.959347582541 135.06260341267517 169.24262999251462 -71.99693542624487 -10.959525399747132 0.0 -20.27707837988841; -24.36497994048176 19.7005981067142 6.1662428192208205 -16.61178687562851 65.49776210870976 5.600396833520355 -30.35781481724008 -2.4881549685762607 -6.844609104856719 -4.488974641013683 2.7058735952801523 -7.327600105586584 -3.030692633338352 2.070459391744351 -4.351915847779191 -1.412350507826412 18.39955289006803 -2.6290840533242648 3.8000671768597516 -2.4521175563403275 8.896419108583636 2.6913587883342673 16.967818828862548 -2.140303376141977 392.18167616222155 -281.1399836743449 -57.392357737142596 228.21893257856428 -673.6409258972934 -71.99693542624502 516.0866190895717 51.79598085779417 0.0 77.00003065025611; -2.490300431003542 2.0136133669216933 0.6302494905547568 -1.6978802074491202 6.694575451048556 0.5724158330268764 -3.102838758627493 -0.2543168002576694 -0.6994903891889123 -0.4588413685594291 0.2765089476768772 -0.7488319578795835 -0.3099872497848473 0.2115767765118009 -0.4447096246631745 -0.14433610018366286 1.8805901542897658 -0.2686655045588419 0.3883848571127616 -0.2506001194001821 0.9093979162490193 0.2750711609437057 1.7342333679830786 -0.21875287131026616 55.946292587133264 -39.22101542227623 -9.7266546455086 31.54944706496911 -94.74874473398904 -10.959525399747118 51.79598085779404 160.8369214713916 0.0 -2.3787224657078507; 0.0 0.0 0.0 0.0 0.0 0.0 0.0 0.0 0.0 0.0 0.0 0.0 0.0 0.0 0.0 0.0 0.0 0.0 0.0 0.0 0.0 0.0 0.0 0.0 0.0 0.0 0.0 0.0 0.0 0.0 0.0 0.0 155.11390926152419 0.0; -4.5458188259974115 3.6763390110510157 1.1505817260832187 -3.0995845123699115 12.222550058799959 1.0450173150042479 -5.664235302904444 -0.46432424495801294 -1.275743705142841 -0.8379862203065381 0.5040393476558866 -1.3654960739927082 -0.568818692046018 0.38567396552587374 -0.8105710369973006 -0.2632401614688744 3.432916138945839 -0.48978855582377656 0.7087891324093718 -0.45710141533417586 1.6614829705350445 0.5020158693135222 3.1654680152103483 -0.39926558732647155 81.07193387399275 -51.102793290392015 -23.945239289514404 39.15602574795702 -128.43655955996564 -20.277078379888394 77.00003065025612 -2.3787224657078383 0.0 16.10816064185579]
 * x: [-1.081174370591816, -0.10964327742162183, 1.0065912452674093, 0.1166998086692963, 0.4534260872752585, 0.6695765793014348, -0.9487112834589831, 1.079207921181305, -0.21694156177368587, -1.1521233232391401, 0.984963755636816, 0.6048843961938953, -0.6687755106583201, 0.6045360695772692, -0.5061537677907337, 1.1675979432751096, -0.3998592143664597, -0.5841452393493166, -0.09390604334231266, -0.21002288632108684, -0.0017298030346403594, -0.4337521437914743, 0.014917089155418856, -0.5416593167679671, -0.10931160951721348, 0.07623020107471241, 0.019779635838281455, -0.061208516156848906, 0.1845879929491099, 0.021767734123539387, -0.10134754239882399, -0.010350673317505287, 0.0, 0.02150262774686202]
bfgs    2   loss 2.289214e-06
n     Energy            log10(ΔE)   log10(Δρ)   Diag   Δtime 
---   ---------------   ---------   ---------   ----   ------
  1   -7.811845936096                   -2.60    1.0    450ms
  2   -7.811851589717       -5.25       -3.63    1.0    463ms
  3   -7.811851665539       -7.12       -4.01    2.7    658ms
  4   -7.811851668743       -8.49       -4.83    1.6    480ms
  5   -7.811851668882       -9.85       -5.53    2.4    579ms
  6   -7.811851668885      -11.52       -6.07    2.1    626ms
  7   -7.811851668886      -12.76       -6.76    1.7    466ms
  8   -7.811851668886      -13.64       -7.94    2.5    657ms
  9   -7.811851668886   +    -Inf       -8.23    3.4    669ms
 10   -7.811851668886   +  -15.05       -9.06    1.1    548ms
 11   -7.811851668886   +    -Inf       -9.75    2.4    582ms
 12   -7.811851668886      -14.57      -10.59    2.0    622ms
n     Energy            log10(ΔE)   log10(Δρ)   Diag   Δtime 
---   ---------------   ---------   ---------   ----   ------
  1   -7.839008101214                   -2.79    1.0    781ms
  2   -7.839010223632       -5.67       -3.58    1.0    797ms
  3   -7.839010309684       -7.07       -4.00    2.1    1.03s
  4   -7.839010321512       -7.93       -4.75    1.7    906ms
  5   -7.839010321716       -9.69       -5.19    2.2    1.05s
  6   -7.839010321747      -10.51       -5.85    1.9    990ms
  7   -7.839010321749      -11.73       -6.95    2.0    924ms
  8   -7.839010321749      -13.45       -6.99    3.0    1.23s
  9   -7.839010321749      -14.01       -7.81    1.0    884ms
 10   -7.839010321749      -15.05       -8.16    2.1    970ms
 11   -7.839010321749   +  -14.57       -8.71    1.2    901ms
 12   -7.839010321749      -14.57       -9.28    1.9    1.01s
 13   -7.839010321749   +  -15.05      -10.52    1.7    927ms
n     Energy            log10(ΔE)   log10(Δρ)   Diag   Δtime 
---   ---------------   ---------   ---------   ----   ------
  1   -7.827580025833                   -2.84    1.0    786ms
  2   -7.827581857099       -5.74       -3.65    1.0    789ms
  3   -7.827581934846       -7.11       -4.06    2.1    1.03s
  4   -7.827581944348       -8.02       -4.79    1.7    961ms
  5   -7.827581944561       -9.67       -5.23    2.2    985ms
  6   -7.827581944592      -10.51       -6.03    2.0    1.04s
  7   -7.827581944593      -11.93       -7.02    2.2    1.05s
  8   -7.827581944593      -13.80       -7.04    2.9    1.11s
  9   -7.827581944593      -14.05       -7.90    1.0    789ms
 10   -7.827581944593   +  -14.57       -8.72    2.0    1.06s
 11   -7.827581944593   +    -Inf       -8.96    2.3    1.03s
 12   -7.827581944593   +  -15.05       -9.75    1.0    863ms
 13   -7.827581944593      -15.05      -10.60    2.0    1.05s
n     Energy            log10(ΔE)   log10(Δρ)   Diag   Δtime 
---   ---------------   ---------   ---------   ----   ------
  1   -7.811851668886                  -11.59    1.0    467ms
n     Energy            log10(ΔE)   log10(Δρ)   Diag   Δtime 
---   ---------------   ---------   ---------   ----   ------
  1   -7.839010321749                  -11.36    1.0    668ms
n     Energy            log10(ΔE)   log10(Δρ)   Diag   Δtime 
---   ---------------   ---------   ---------   ----   ------
  1   -7.827581944593                  -11.12    1.0    701ms
n     Energy            log10(ΔE)   log10(Δρ)   Diag   Δtime 
---   ---------------   ---------   ---------   ----   ------
  1   -7.811851668886                  -11.79    1.0    381ms
n     Energy            log10(ΔE)   log10(Δρ)   Diag   Δtime 
---   ---------------   ---------   ---------   ----   ------
  1   -7.839010321749                  -11.91    1.0    671ms
n     Energy            log10(ΔE)   log10(Δρ)   Diag   Δtime 
---   ---------------   ---------   ---------   ----   ------
  1   -7.827581944593                  -11.51    1.0    766ms
n     Energy            log10(ΔE)   log10(Δρ)   Diag   Δtime 
---   ---------------   ---------   ---------   ----   ------
  1   -7.811851668886                  -11.96    1.0    461ms
n     Energy            log10(ΔE)   log10(Δρ)   Diag   Δtime 
---   ---------------   ---------   ---------   ----   ------
  1   -7.839010321749                  -12.06    1.0    756ms
n     Energy            log10(ΔE)   log10(Δρ)   Diag   Δtime 
---   ---------------   ---------   ---------   ----   ------
  1   -7.827581944593                  -11.83    1.0    737ms
     3     1.300490e-06     6.707923e-03
 * Current step size: 1.0
 * time: 258.91924810409546
 * g(x): [3.3345240476625e-5, -2.7549693891908806e-5, -7.071882196760061e-6, 2.3505919115169725e-5, -9.058103166023027e-5, -7.1520424094780284e-6, 4.1288734202359955e-5, 4.531618215525816e-6, 9.523712826932553e-6, 6.210463386050167e-6, -3.1840589681757783e-6, 1.0585106446336611e-5, 3.6992886979617067e-6, -2.7156815401055526e-6, 6.070079998052688e-6, 2.628319753511969e-6, -2.506483812674772e-5, 3.8541149658622025e-6, -4.383108066756674e-6, 3.5789452697956544e-6, -1.1592624536979864e-5, -3.4529104199937986e-6, -2.299131073912516e-5, 3.9256015598993436e-6, 0.0003979547990939872, 3.260962627012022e-5, -0.0006060587681964908, -0.0001321265906853224, -0.00019065306311448615, -0.00031785961839308406, 0.00047298280044123504, -0.0005414174612488282, 0.0, -0.0067079231446202925]
 * ~inv(H): [152.84983652334984 1.8731261005346707 0.47996628575458566 -1.597228468219115 6.158257704590061 0.4858070964681609 -2.8042769147733155 -0.30850178352531105 -0.6428883218479786 -0.42312426524833685 0.21354796047186997 -0.7140463189154372 -0.26115583469489256 0.1824815609181674 -0.40805454826029114 -0.17796758644663233 1.7020340390809912 -0.25961572296917057 0.2966499324817415 -0.24191200682701458 0.7918670542132 0.23399413265947738 1.560209810277181 -0.26681654496417123 -22.773438826672596 15.228204851996242 5.264332936009873 -11.9910191687517 37.265875421808936 5.059941841427689 -21.257239226614722 -0.8773673166695103 0.0 -4.004115029786736; 1.8731261005346707 153.5650191393572 -0.398832527675227 1.3204238532828725 -5.093539084276579 -0.4025695825331051 2.320363833774543 0.25378260810633557 0.5317482709987538 0.3499497572942115 -0.17738332539332546 0.5901261756616681 0.2164478999087376 -0.1511569610849446 0.33752417417227176 0.14636095914002975 -1.4082815551898493 0.2144990633889632 -0.2464845238982787 0.19987624572396892 -0.6557864503189317 -0.19389104516014802 -1.291111029427981 0.2194706788009239 18.47408888538054 -12.3425449876432 -4.289675696869302 9.715210464239572 -30.215123152076835 -4.113284546500302 17.24805985129467 0.6911265874346846 0.0 3.2504062667567486; 0.47996628575458566 -0.398832527675227 155.015982430928 0.34080239723082223 -1.308456909618891 -0.10156546904865922 0.5937998848869204 0.06857574943787587 0.13657218459472212 0.08994445499500203 -0.043715349710986444 0.15273757754971082 0.05451508894722944 -0.038278715145116424 0.08665774890483345 0.03964830227010188 -0.360501299470316 0.05566726170019445 -0.06056789430946199 0.05186177114723574 -0.16643576724270276 -0.04894387886901005 -0.3300754425027312 0.05935446541357566 5.630988738407869 -3.7889735348730826 -1.2595348188077877 2.991377360063882 -9.248236600457918 -1.232245917023617 5.247456748261138 0.26218496040009986 0.0 0.986999961031488; -1.5972284682191151 1.3204238532828723 0.34080239723082223 153.98838596405724 4.342746095271875 0.34354002611450746 -1.9787196245606007 -0.21580830942642734 -0.453372426547198 -0.29835885900124315 0.15154696460909078 -0.5029496092146007 -0.18472532500668737 0.12896859768950278 -0.2877806915234168 -0.12444385069318184 1.2009113885915839 -0.18278697070174751 0.21061305058280266 -0.17032779333804038 0.5594621801904417 0.16545598303886824 1.1010665879928998 -0.18662216034659268 -15.602965746810414 10.419830922195647 3.631053086901423 -8.200277930992886 25.51281990430224 3.477632556072674 -14.569128842282678 -0.5750700843286503 0.0 -2.745508694653534; 6.1582577045900635 -5.093539084276578 -1.3084569096188907 4.342746095271874 138.36578422350834 -1.3224894769754008 7.628137903304839 0.8366688048012835 1.748430539483171 1.1507047343801047 -0.5820499682026204 1.9411449921449337 0.7109966749335989 -0.49666185275249625 1.1097863133079098 0.4825866029103206 -4.629762361697815 0.7056652212238583 -0.8086771522181962 0.6575517843534892 -2.154979206989859 -0.6369726765512638 -4.2442799738727945 0.7235822269705271 61.32144600047561 -40.98640622652799 -14.207561656142408 32.26753994489579 -100.31881204381716 -13.639308716520906 57.24545620302968 2.3276349958619074 0.0 10.786754799016807; 0.4858070964681608 -0.40256958253310476 -0.10156546904865918 0.34354002611450735 -1.3224894769754005 155.01019753775182 0.601464854142155 0.06737729780708027 0.13805188910692767 0.09088196832358712 -0.04524291068218996 0.1537223484677513 0.055721334958024185 -0.03900443870611287 0.08761418518434032 0.038901347399586436 -0.365091269648155 0.0559409424880523 -0.06278990563571409 0.052122710253512165 -0.16937918682290362 -0.04996270193030676 -0.3345257360151405 0.05828983049075359 5.1852845067770295 -3.476102577024106 -1.1829589905303457 2.7400824584961567 -8.49765582022483 -1.1450723229837452 4.836847858996537 0.21660397625615857 0.0 0.9106485700275426; -2.804276914773317 2.320363833774543 0.5937998848869208 -1.9787196245606005 7.6281379033048395 0.6014648541421551 151.6406592783797 -0.3826794282530688 -0.7963315265568554 -0.5241250472013821 0.264221218052187 -0.8846614997238057 -0.32331511451545364 0.22594855110036427 -0.5054432077048807 -0.22077484267262706 2.1080798058934325 -0.3216727463709066 0.3670140766134951 -0.29973554686413334 0.9805480669746518 0.28970618411378357 1.9323519339877473 -0.33097922269869495 -28.35102413775126 18.962085733392147 6.546083528108446 -14.93257006750055 46.39897255419177 6.295811307671715 -26.46193057263722 -1.100378508662201 0.0 -4.984536294643057; -0.3085017835253111 0.2537826081063355 0.06857574943787585 -0.2158083094264273 0.8366688048012835 0.06737729780708024 -0.3826794282530688 155.07451134337055 -0.08736318811077629 -0.05745095928370124 0.030390059614522714 -0.09616150760262433 -0.03628951883135195 0.02520218212998339 -0.055474030947662366 -0.02265420144112818 0.23218197965888346 -0.03485115885302518 0.042348620363254645 -0.03248242221885493 0.10909097579081543 0.032433219376314305 0.21315631303353133 -0.03403720846158565 -2.4356614155811713 1.6090592620761726 0.5980233072363974 -1.260482160391462 3.9575555220838576 0.556853025438058 -2.2806724324279877 -0.05625517960055747 0.0 -0.4310079317879053; -0.6428883218479785 0.5317482709987535 0.13657218459472206 -0.4533724265471979 1.7484305394831707 0.13805188910692778 -0.7963315265568548 -0.08736318811077629 154.9313809400587 -0.12012876824983912 0.06075325410469566 -0.2026533095160931 -0.07421890086439326 0.05184627828117033 -0.11585655915482505 -0.05039122265391534 0.48331984000291595 -0.073671468161706 0.08440717619643916 -0.06864836346378221 0.2249591621217292 0.06649238320272466 0.4430753782432636 -0.07555520451797448 -6.4075168997896155 4.282802507061394 1.4843633350284142 -3.3717750400542514 10.482532527547725 1.4250924556367528 -5.9815772949547785 -0.24342525207367374 0.0 -1.1255673103940171; -0.42312426524833685 0.3499497572942115 0.08994445499500203 -0.29835885900124315 1.150704734380105 0.09088196832358715 -0.5241250472013822 -0.05745095928370122 -0.12012876824983915 155.0348488590035 0.04000900377183611 -0.13335788477545474 -0.04886088819383085 0.03412936500280409 -0.07624998010042053 -0.03313645511151061 0.3181072572766996 -0.0484781534813402 0.05558868914672017 -0.045172936974670216 0.14808117389045802 0.04377273484337254 0.2916253619216619 -0.04968522261031395 -4.204200925581429 2.809772674299975 0.9745300294281641 -2.211976076001451 6.877493337929602 0.9353174327046728 -3.9248444008399552 -0.15908960681646817 0.0 -0.7398734679857535; 0.21354796047187008 -0.17738332539332546 -0.043715349710986444 0.15154696460909078 -0.5820499682026206 -0.045242910682189975 0.2642212180521873 0.030390059614522732 0.06075325410469568 0.04000900377183611 155.09440011448206 0.06790449058155096 0.02428726211589378 -0.017046528302991297 0.038550185064014336 0.017567347783396137 -0.16040732503858576 0.02474363740919201 -0.02703631815397349 0.02305248169398466 -0.07410564046188022 -0.0218014093948954 -0.14688387589221003 0.02630192684397972 2.4753185304463594 -1.6647938612527293 -0.5550941814248032 1.3140839862519516 -4.064281897006688 -0.5423159294804869 2.3070142610468514 0.11373230479243276 0.0 0.4331203594549109; -0.7140463189154366 0.5901261756616675 0.15273757754971076 -0.5029496092146005 1.9411449921449326 0.1537223484677513 -0.8846614997238056 -0.09616150760262428 -0.2026533095160931 -0.13335788477545468 0.06790449058155089 154.88919992028895 -0.08266650134501868 0.057696287521361196 -0.1286380660201998 -0.05544174790728896 0.536903022978489 -0.08165271254002392 0.09438631796341357 -0.07608801533164401 0.2502522577694566 0.07403350031476018 0.49230295199642793 -0.08315202495529857 -6.896437252573214 4.6030477032144885 1.6093058138828331 -3.621719199272928 11.273015427607785 1.5390671641315412 -6.44039075761233 -0.24945679630371234 0.0 -1.2120752420995855; -0.26115583469489256 0.21644789990873772 0.0545150889472295 -0.18472532500668748 0.710996674933599 0.055721334958024234 -0.3233151145154537 -0.03628951883135195 -0.07421890086439327 -0.04886088819383088 0.02428726211589378 -0.08266650134501871 155.083973559467 0.020958769194005553 -0.0471021749822511 -0.020954222429947014 0.19625557001670785 -0.030086006834926952 0.03370331698648827 -0.028032295560004885 0.09102202714340173 0.02684404630568675 0.17981654247569007 -0.03139595364749881 -2.8029759219876116 1.8796317725560248 0.6384422426777523 -1.4818362238416387 4.594343193907427 0.6185277878061919 -2.614408030636993 -0.11818387212503456 0.0 -0.49549239102923165; 0.18248156091816733 -0.15115696108494467 -0.03827871514511641 0.12896859768950275 -0.49666185275249575 -0.03900443870611287 0.22594855110036424 0.025202182129983375 0.05184627828117033 0.03412936500280411 -0.01704652830299129 0.0576962875213612 0.020958769194005532 155.09924458586497 0.03290499450800964 0.014547963743861119 -0.13714823831347395 0.02099170904888848 -0.023663250569351958 0.01955923989593745 -0.06367121568433708 -0.018789429021645328 -0.1256791180053677 0.021801580818156984 1.921213016903603 -1.2871750288467911 -0.43966307058438253 1.014378439993505 -3.1473947719335063 -0.42487372311671345 1.7923932349804865 0.07879232523716218 0.0 0.3368411968895742; -0.40805454826029114 0.33752417417227176 0.08665774890483345 -0.2877806915234168 1.10978631330791 0.0876141851843404 -0.5054432077048807 -0.05547403094766237 -0.11585655915482515 -0.07624998010042058 0.038550185064014336 -0.1286380660201999 -0.04710217498225109 0.032904994508009676 155.04037159595055 -0.0319981457605254 0.3067708473100453 -0.04676533974878933 0.05355832851350408 -0.04357669341049235 0.1427759415084698 0.04219934741684545 0.28122426753507446 -0.047976499634594466 -4.073104796447812 2.722631157269131 0.9432941882291223 -2.1435314536356107 6.6637194528853305 0.9057713439645203 -3.8022888980236806 -0.15504066136556213 0.0 -0.7149057490846464; -0.1779675864466323 0.14636095914002975 0.03964830227010188 -0.12444385069318188 0.4825866029103208 0.038901347399586436 -0.2207748426726271 -0.02265420144112819 -0.050391222653915345 -0.03313645511151062 0.017567347783396144 -0.055441747907289 -0.020954222429947014 0.01454796374386112 -0.0319981457605254 155.10088505365258 0.1339477888145935 -0.020090226366373906 0.024483670497017898 -0.018724970514954198 0.06296528655496965 0.018725290521649094 0.12298066209127363 -0.01957063288841321 -1.3866740217350706 0.9153677388065622 0.34172205755998963 -0.7168308198708665 2.252113462279597 0.3175904416237532 -1.298693222798679 -0.03068009136797934 0.0 -0.24515242327115092; 1.70203403908099 -1.4082815551898493 -0.360501299470316 1.2009113885915839 -4.629762361697812 -0.3650912696481549 2.1080798058934325 0.23218197965888338 0.48331984000291606 0.3181072572766996 -0.16040732503858565 0.5369030229784887 0.1962555700167076 -0.137148238313474 0.3067708473100452 0.1339477888145935 153.83441841897874 0.19522042068247436 -0.22281646548416542 0.18190716727666015 -0.595173186658332 -0.175852049842831 -1.172843515973814 0.20081290500147833 17.186684020675003 -11.494400062434083 -3.969395216422091 9.05159250468991 -28.126660421579892 -3.8170751258708813 16.0417199193624 0.6658884976870416 0.0 3.0216426258780373; -0.25961572296917074 0.21449906338896324 0.055667261700194454 -0.18278697070174765 0.705665221223859 0.05594094248805233 -0.3216727463709067 -0.0348511588530252 -0.07367146816170603 -0.04847815348134026 0.024743637409192012 -0.08165271254002396 -0.030086006834926956 0.020991709048888488 -0.04676533974878934 -0.02009022636637391 0.1952204206824745 155.08424381835437 0.03439886953027531 -0.027644051738073258 0.0910380843642556 0.02694062191249896 0.17901721402329876 -0.030134628644709758 -2.4792834528346 1.6539367148481596 0.5800969539362022 -1.301042878428325 4.0514292331355275 0.5539916104215215 -2.3156513457057244 -0.08801765846971653 0.0 -0.4357214855660984; 0.2966499324817415 -0.2464845238982787 -0.06056789430946205 0.21061305058280277 -0.8086771522181964 -0.06278990563571411 0.36701407661349517 0.042348620363254624 0.08440717619643918 0.055588689146720195 -0.027036318153973494 0.09438631796341365 0.03370331698648827 -0.02366325056935197 0.05355832851350408 0.0244836704970179 -0.22281646548416567 0.0343988695302753 155.0764484246981 0.03204741952181871 -0.10288404149094817 -0.030257863541794803 -0.2040153724975916 0.03665358295988538 3.4714832587124507 -2.335652767044833 -0.7769170164085664 1.8439094697967953 -5.701166860080799 -0.7598624023563959 3.2351235452634786 0.16118670957899733 0.0 0.6082337192236956; -0.24191200682701455 0.19987624572396892 0.05186177114723574 -0.17032779333804038 0.6575517843534888 0.05212271025351218 -0.29973554686413334 -0.032482422218854924 -0.06864836346378222 -0.045172936974670216 0.023052481693984644 -0.07608801533164403 -0.02803229556000487 0.019559239895937452 -0.04357669341049235 -0.018724970514954198 0.18190716727666015 -0.027644051738073255 0.03204741952181871 155.08814888729742 0.08482648035955676 0.025101856003030953 0.1668080007115459 -0.028086573368324264 -2.3120238465762433 1.5424259118798047 0.5408403496701174 -1.213347604887683 3.7782057027319444 0.5165633791732839 -2.159405384117131 -0.08221012643739796 0.0 -0.4065986847666104; 0.7918670542132 -0.6557864503189317 -0.16643576724270276 0.5594621801904422 -2.1549792069898595 -0.16937918682290368 0.980548066974652 0.10909097579081545 0.2249591621217294 0.14808117389045813 -0.07410564046188022 0.2502522577694567 0.09102202714340173 -0.06367121568433709 0.1427759415084697 0.06296528655496964 -0.5951731866583321 0.09103808436425555 -0.10288404149094817 0.08482648035955676 154.83748909929284 -0.08159220461041108 -0.5454345477114325 0.09436723216983665 8.26542427566575 -5.535853705676996 -1.8947658466683373 4.3620138325323685 -13.53807958992234 -1.8293469690568538 7.711875306001623 0.3354846309839157 0.0 1.4537189783985085; 0.2339941326594774 -0.19389104516014807 -0.048943878869010034 0.1654559830388683 -0.6369726765512638 -0.04996270193030679 0.28970618411378374 0.03243321937631432 0.06649238320272464 0.04377273484337255 -0.021801409394895405 0.07403350031476018 0.02684404630568674 -0.018789429021645328 0.04219934741684544 0.01872529052164909 -0.17585204984283107 0.026940621912498946 -0.030257863541794817 0.025101856003030946 -0.08159220461041104 155.08984008137375 -0.16113207952097633 0.028058537215431896 2.492660490399767 -1.6708820400390467 -0.5689255980061005 1.3170465162331777 -4.084772289820531 -0.5505715903155725 2.3252134146785948 0.10385096852134111 0.0 0.43760073123969606; 1.560209810277181 -1.291111029427981 -0.3300754425027312 1.1010665879929007 -4.244279973872795 -0.33452573601514063 1.9323519339877475 0.21315631303353136 0.4430753782432637 0.2916253619216621 -0.14688387589220991 0.49230295199642804 0.17981654247569004 -0.12567911800536774 0.28122426753507423 0.12298066209127358 -1.1728435159738149 0.1790172140232987 -0.20401537249759158 0.1668080007115459 -0.5454345477114328 -0.16113207952097636 154.0388629738553 0.18436223567747426 15.836025755935955 -10.593455861229035 -3.653220746248492 8.342906824036234 -25.91965336459609 -3.515205029742916 14.780175267883553 0.6181006717520124 0.0 2.7835370084534046; -0.2668165449641712 0.21947067880092386 0.05935446541357562 -0.18662216034659265 0.7235822269705265 0.05828983049075359 -0.33097922269869473 -0.03403720846158565 -0.07555520451797448 -0.04968522261031394 0.0263019268439797 -0.08315202495529857 -0.03139595364749879 0.02180158081815697 -0.047976499634594424 -0.0195706328884132 0.20081290500147841 -0.030134628644709748 0.03665358295988536 -0.028086573368324257 0.09436723216983663 0.028058537215431886 0.18436223567747412 155.0845039129958 -2.097231049693334 1.3851279536125785 0.5155630359748482 -1.0849422513859992 3.4071519987599026 0.4797634139770294 -1.9639076650167622 -0.04775796497213598 0.0 -0.3710232589977838; -22.77343882667259 18.47408888538054 5.630988738407869 -15.602965746810417 61.32144600047562 5.1852845067770295 -28.35102413775126 -2.4356614155811713 -6.4075168997896155 -4.204200925581429 2.4753185304463594 -6.8964372525732145 -2.802975921987612 1.921213016903603 -4.073104796447812 -1.3866740217350704 17.186684020675003 -2.4792834528346 3.4714832587124507 -2.3120238465762433 8.26542427566575 2.4926604903997673 15.836025755935959 -2.0972310496933337 595.7156105771121 -314.3439183076725 -67.17611663704689 254.73260356626858 -754.8776883915522 -82.0829875083856 406.1761155172766 55.3389911723732 0.0 83.75942688312493; 15.228204851996244 -12.3425449876432 -3.7889735348730817 10.419830922195649 -40.98640622652799 -3.476102577024105 18.962085733392147 1.6090592620761726 4.282802507061395 2.809772674299975 -1.6647938612527293 4.6030477032144885 1.8796317725560252 -1.287175028846791 2.722631157269131 0.9153677388065622 -11.494400062434082 1.6539367148481599 -2.335652767044833 1.5424259118798047 -5.535853705676996 -1.6708820400390467 -10.593455861229037 1.3851279536125785 -314.34391830767277 378.7746151385377 48.97972848796023 -181.04155885977025 537.5743037501402 59.036850501889155 -289.96418880901564 -38.327744999713076 0.0 -52.81348477174655; 5.264332936009873 -4.289675696869302 -1.2595348188077882 3.6310530869014226 -14.207561656142408 -1.1829589905303457 6.546083528108444 0.5980233072363974 1.4843633350284138 0.974530029428164 -0.5550941814248028 1.6093058138828331 0.6384422426777522 -0.43966307058438253 0.9432941882291219 0.34172205755998963 -3.9693952164220905 0.5800969539362021 -0.7769170164085661 0.5408403496701174 -1.8947658466683366 -0.5689255980061005 -3.6532207462484916 0.5155630359748482 -67.17611663704685 48.979728487960166 163.52321656501994 -40.04773959924478 116.8121389898273 11.687581262277428 -61.61364342487128 -10.44436247702685 0.0 -24.72749062172213; -11.9910191687517 9.715210464239572 2.991377360063882 -8.200277930992886 32.26753994489579 2.740082458496157 -14.932570067500551 -1.260482160391462 -3.3717750400542514 -2.2119760760014513 1.3140839862519518 -3.621719199272928 -1.4818362238416387 1.014378439993505 -2.1435314536356107 -0.7168308198708665 9.05159250468991 -1.3010428784283252 1.8439094697967953 -1.213347604887683 4.362013832532369 1.3170465162331777 8.342906824036236 -1.084942251385999 254.7326035662685 -181.04155885977028 -40.04773959924484 301.58830093813475 -435.2979497207432 -48.0020214372759 235.03793898413676 30.669472933244307 0.0 40.4839631210463; 37.26587542180894 -30.215123152076835 -9.248236600457917 25.512819904302248 -100.31881204381716 -8.497655820224832 46.398972554191765 3.9575555220838585 10.482532527547727 6.877493337929602 -4.064281897006688 11.273015427607787 4.5943431939074255 -3.147394771933507 6.66371945288533 2.2521134622795973 -28.126660421579892 4.0514292331355275 -5.701166860080799 3.778205702731945 -13.538079589922337 -4.084772289820532 -25.919653364596105 3.4071519987599026 -754.8776883915513 537.57430375014 116.81213898982737 -435.29794972074285 1446.8382929526197 141.40767609482262 -696.1956433250415 -92.93043435530547 0.0 -132.7944386954028; 5.059941841427687 -4.113284546500302 -1.2322459170236169 3.477632556072675 -13.639308716520903 -1.1450723229837454 6.295811307671715 0.556853025438058 1.4250924556367524 0.935317432704673 -0.5423159294804869 1.5390671641315414 0.6185277878061919 -0.4248737231167135 0.9057713439645202 0.3175904416237531 -3.817075125870882 0.5539916104215215 -0.7598624023563959 0.5165633791732839 -1.8293469690568536 -0.5505715903155722 -3.515205029742916 0.4797634139770294 -82.08298750838549 59.03685050188911 11.687581262277437 -48.00202143727585 141.4076760948224 170.03242582982534 -75.52790052571932 -11.215364097856908 0.0 -20.942267476115127; -21.257239226614722 17.24805985129467 5.247456748261137 -14.569128842282678 57.24545620302967 4.836847858996536 -26.46193057263722 -2.2806724324279877 -5.9815772949547785 -3.9248444008399552 2.3070142610468514 -6.44039075761233 -2.6144080306369935 1.792393234980486 -3.8022888980236806 -1.2986932227986785 16.0417199193624 -2.3156513457057244 3.2351235452634777 -2.159405384117131 7.711875306001623 2.3252134146785948 14.780175267883553 -1.9639076650167622 406.17611551727805 -289.964188809016 -61.61364342487134 235.03793898413707 -696.1956433250417 -75.52790052571946 529.5014079957368 51.35947641156933 0.0 79.57161553372683; -0.8773673166695097 0.6911265874346845 0.26218496040009964 -0.57507008432865 2.3276349958619056 0.21660397625615838 -1.1003785086622004 -0.05625517960055744 -0.24342525207367363 -0.15908960681646803 0.1137323047924327 -0.24945679630371212 -0.11818387212503462 0.07879232523716215 -0.1550406613655621 -0.030680091367979362 0.6658884976870413 -0.08801765846971657 0.16118670957899725 -0.08221012643739792 0.3354846309839156 0.1038509685213411 0.6181006717520123 -0.047757964972135865 55.33899117237314 -38.327744999713 -10.44436247702684 30.66947293324428 -92.93043435530524 -11.215364097856893 51.359476411569204 159.86661130754618 0.0 -2.4313582893222927; 0.0 0.0 0.0 0.0 0.0 0.0 0.0 0.0 0.0 0.0 0.0 0.0 0.0 0.0 0.0 0.0 0.0 0.0 0.0 0.0 0.0 0.0 0.0 0.0 0.0 0.0 0.0 0.0 0.0 0.0 0.0 0.0 155.11390926152419 0.0; -4.004115029786736 3.250406266756748 0.986999961031488 -2.7455086946535348 10.786754799016807 0.9106485700275426 -4.984536294643057 -0.4310079317879053 -1.1255673103940174 -0.7398734679857535 0.4331203594549108 -1.2120752420995857 -0.49549239102923165 0.3368411968895742 -0.7149057490846462 -0.24515242327115086 3.0216426258780373 -0.43572148556609835 0.6082337192236955 -0.4065986847666104 1.4537189783985087 0.43760073123969606 2.783537008453405 -0.3710232589977839 83.75942688312504 -52.8134847717466 -24.72749062172217 40.48396312104635 -132.7944386954029 -20.94226747611511 79.57161553372684 -2.4313582893222803 0.0 16.600148977979142]
 * x: [-1.0755478750461467, -0.11419274454489087, 1.0051672854647318, 0.1205359311518798, 0.43830066523360145, 0.6682832869520023, -0.94170084869645, 1.0797825128720238, -0.21536112707955493, -1.1510866450562247, 0.9843390015417218, 0.6065763203185186, -0.668075219635764, 0.6040580254532762, -0.5051489730095885, 1.1679240575968062, -0.404108150446868, -0.5835382083172302, -0.09478355099891222, -0.2094566796854616, -0.0037844232198331372, -0.43437363256418066, 0.01099881831241923, -0.5411650730242037, -0.10130046077735007, 0.07230217854314576, 0.015379992777023087, -0.05859065814805924, 0.17352456463924318, 0.01884593446720118, -0.09334760984082074, -0.012778214800674117, 0.0, 0.023104528284800564]
bfgs    3   loss 1.300490e-06
n     Energy            log10(ΔE)   log10(Δρ)   Diag   Δtime 
---   ---------------   ---------   ---------   ----   ------
  1   -7.810905681518                   -3.50    1.0    407ms
  2   -7.810905761713       -7.10       -4.21    1.0    454ms
  3   -7.810905769252       -8.12       -4.73    3.4    678ms
  4   -7.810905769435       -9.74       -5.65    1.8    493ms
  5   -7.810905769450      -10.83       -6.16    2.5    645ms
  6   -7.810905769450      -12.85       -7.00    1.6    494ms
  7   -7.810905769450      -14.10       -7.57    2.6    635ms
  8   -7.810905769450      -15.05       -8.49    1.7    513ms
  9   -7.810905769450   +  -14.75       -8.99    3.0    654ms
 10   -7.810905769450   +    -Inf       -9.88    1.8    491ms
 11   -7.810905769450      -14.75      -10.68    2.7    636ms
n     Energy            log10(ΔE)   log10(Δρ)   Diag   Δtime 
---   ---------------   ---------   ---------   ----   ------
  1   -7.837935195993                   -3.49    1.0    781ms
  2   -7.837935262310       -7.18       -4.17    1.0    803ms
  3   -7.837935269855       -8.12       -4.53    2.6    1.10s
  4   -7.837935270712       -9.07       -5.35    1.7    914ms
  5   -7.837935270733      -10.68       -5.80    2.4    1.01s
  6   -7.837935270736      -11.64       -6.48    1.7    911ms
  7   -7.837935270736      -12.84       -7.67    2.2    1.08s
  8   -7.837935270736      -14.27       -8.14    3.3    1.12s
  9   -7.837935270736      -14.57       -8.99    1.8    995ms
 10   -7.837935270736   +  -14.10      -10.16    2.3    1.13s
n     Energy            log10(ΔE)   log10(Δρ)   Diag   Δtime 
---   ---------------   ---------   ---------   ----   ------
  1   -7.826361402976                   -3.46    1.0    783ms
  2   -7.826361467226       -7.19       -4.08    1.0    918ms
  3   -7.826361474861       -8.12       -4.51    2.4    1.02s
  4   -7.826361475832       -9.01       -5.33    1.8    922ms
  5   -7.826361475858      -10.59       -5.90    2.4    1.09s
  6   -7.826361475860      -11.83       -6.61    2.0    899ms
  7   -7.826361475860      -13.14       -7.45    2.1    1.01s
  8   -7.826361475860   +  -14.75       -8.46    2.5    1.05s
  9   -7.826361475860   +    -Inf       -9.24    2.9    1.11s
 10   -7.826361475860      -14.75       -9.74    2.1    1.02s
 11   -7.826361475860   +  -15.05      -10.96    1.9    972ms
n     Energy            log10(ΔE)   log10(Δρ)   Diag   Δtime 
---   ---------------   ---------   ---------   ----   ------
  1   -7.810905769450                  -11.02    1.0    457ms
n     Energy            log10(ΔE)   log10(Δρ)   Diag   Δtime 
---   ---------------   ---------   ---------   ----   ------
  1   -7.837935270736                  -10.72    1.0    748ms
n     Energy            log10(ΔE)   log10(Δρ)   Diag   Δtime 
---   ---------------   ---------   ---------   ----   ------
  1   -7.826361475860                  -11.50    1.0    736ms
n     Energy            log10(ΔE)   log10(Δρ)   Diag   Δtime 
---   ---------------   ---------   ---------   ----   ------
  1   -7.810905769450                  -11.22    1.0    444ms
n     Energy            log10(ΔE)   log10(Δρ)   Diag   Δtime 
---   ---------------   ---------   ---------   ----   ------
  1   -7.837935270736                  -11.09    1.0    740ms
n     Energy            log10(ΔE)   log10(Δρ)   Diag   Δtime 
---   ---------------   ---------   ---------   ----   ------
  1   -7.826361475860                  -11.72    1.0    752ms
n     Energy            log10(ΔE)   log10(Δρ)   Diag   Δtime 
---   ---------------   ---------   ---------   ----   ------
  1   -7.810905769450                  -11.44    1.0    378ms
n     Energy            log10(ΔE)   log10(Δρ)   Diag   Δtime 
---   ---------------   ---------   ---------   ----   ------
  1   -7.837935270736                  -11.33    1.0    695ms
n     Energy            log10(ΔE)   log10(Δρ)   Diag   Δtime 
---   ---------------   ---------   ---------   ----   ------
  1   -7.826361475860                  -12.04    1.0    703ms
     4     2.210930e-07     1.773325e-04
 * Current step size: 1.0
 * time: 304.35426807403564
 * g(x): [1.0310571318120242e-6, -9.596859129788567e-7, -2.589876738778989e-7, 7.546524920438609e-7, -3.1586890960060103e-6, -2.496625723236488e-7, 1.3292521554916655e-6, 1.3678041390939805e-7, 1.1337915681589033e-7, 2.616918705351007e-7, -8.715427177411543e-9, 7.162957342436828e-8, 6.273674417079601e-7, -1.9908196961791935e-9, -8.745238028093336e-9, 1.2002613224960978e-8, -7.890040388724589e-7, 6.346273214180509e-9, -1.2597790975223938e-7, 4.7110613493407925e-8, -6.118276591089157e-7, -9.531269333970009e-8, -6.78525319683723e-7, 8.875357989316947e-8, 1.3018997555940465e-5, -9.966922271247084e-7, -1.6244119775581217e-5, -1.949664544336232e-6, -9.486131703556215e-6, -8.800271190019138e-6, 1.4808704297513782e-5, -1.3814698046335343e-5, 0.0, -0.00017733247879958558]
 * ~inv(H): [152.45783713074857 2.1721737757962893 0.5689274530433964 -1.8612578136087794 7.150349159838663 0.5696803525157321 -3.282742918146744 -0.3516499390441032 -0.7856310404646311 -0.4830780699333124 0.27189723686669437 -0.8787603657846214 -0.21747004349843801 0.23013471112199868 -0.5133325294325457 -0.21460996523847634 1.9953047429793034 -0.3225990186076572 0.35765474293004823 -0.2931917875997651 0.8885327409365168 0.27881852700658616 1.8384544492725803 -0.3093047345411608 -14.87977204758432 9.576708995842566 4.10007663293965 -7.402234438428596 23.69874156038322 3.606691294487765 -13.9805495339247 0.1596696324945747 0.0 -2.6696268351626955; 2.172173775796288 153.33868288445566 -0.46729066057554774 1.5208860577185457 -5.84520955233855 -0.46661081668443277 2.6849312268687333 0.28584217785363125 0.6427589408097653 0.3947731302788323 -0.2234241981523204 0.7184972915290271 0.17714018090663827 -0.1886192478826314 0.42017694799555827 0.17461191613250945 -1.6319313565398614 0.26373748191711793 -0.29379519256430797 0.23960365514141835 -0.7268635480951805 -0.2284123267857614 -1.503961802929262 0.251490678905907 11.972409010779723 -7.694268775386306 -3.3192238602109914 5.943404308275759 -19.05318862437253 -2.9109816990500663 11.253350973540964 -0.150035739456421 0.0 2.1507464732299257; 0.5689274530433961 -0.46729066057554774 154.9959877855753 0.4010371820762353 -1.5353043078951893 -0.12058138322143384 0.7025297689284565 0.07864953343329446 0.16827146188356787 0.10385082922893027 -0.05645536873592834 0.18922625988083366 0.04656604610421196 -0.048728920196859905 0.10978138808886359 0.04786631869584055 -0.4270830357072684 0.06956987447088173 -0.07415898106128488 0.06329980629221714 -0.18924958091115424 -0.059009392740399735 -0.3930289540013821 0.06912605102028152 3.9972227931388886 -2.6170977611583583 -1.0223462270135337 2.0390716846346164 -6.43603716599785 -0.9332126881746913 3.741784195389369 0.04327582961252145 0.0 0.7109623241058959; -1.8612578136087787 1.5208860577185455 0.4010371820762352 153.81106201431857 5.0082061391345345 0.4000624139804792 -2.300751574944137 -0.24441354932411838 -0.5506438868808146 -0.3382531538649891 0.1916621926735748 -0.615339098790731 -0.15211245621385427 0.1616562555626876 -0.3599369074943008 -0.14928264820913947 1.3983998731832237 -0.22584341361675375 0.2521138308357927 -0.20519076042618298 0.6231490444922593 0.19582090374739955 1.2887883455506537 -0.2150302019168515 -10.030443209321065 6.433696127321497 2.803015460786752 -4.964980818714505 15.94191385048733 2.4488752911803404 -9.431516914412164 0.1500933730287567 0.0 -1.8031630778400793; 7.150349159838662 -5.845209552338549 -1.5353043078951885 5.008206139134532 135.86981848382686 -1.5349215009279298 8.837788189171183 0.9434070504483051 2.115769641718277 1.2998121707609007 -0.734112584469272 2.3658115044005243 0.5832482609753052 -0.6204508815738258 1.3829489690474537 0.5761772493606545 -5.371756657543757 0.8684855945177903 -0.9652879533397145 0.7890780177094987 -2.3919616342310603 -0.7513525136966118 -4.950153686224289 0.8299832598743 39.96509222482813 -25.71528611076359 -11.024605569584851 19.874922690279455 -63.64947636527014 -9.692239836302782 37.55486862196854 -0.44071359478845623 0.0 7.174858782644326; 0.5696803525157318 -0.4666108166844325 -0.12058138322143377 0.40006241398047926 -1.5349215009279296 154.99225354066934 0.7038525866629284 0.07663613991455982 0.168527507212526 0.10373836675151206 -0.05767982144634708 0.18888032231448776 0.04656080943159022 -0.049165842455859816 0.1100667845393066 0.04673217456364603 -0.42784276112448544 0.06937989538644487 -0.07581859107436932 0.06307572658512861 -0.19014525296639714 -0.059543287864574135 -0.3940414917146657 0.06739299035254354 3.511303456118954 -2.2774038983536578 -0.9364183186271867 1.7667128560583174 -5.620125836919529 -0.8370528361575554 3.2937445413080897 -0.003722304611673942 0.0 0.6276640836090879; -3.2827429181467456 2.6849312268687333 0.7025297689284571 -2.3007515749441385 8.837788189171185 0.7038525866629289 151.05676335415754 -0.43513388336026276 -0.9710815382517728 -0.5970781035803067 0.33581752900229034 -1.0863768619207452 -0.26851925011476774 0.2843862033544084 -0.6345195566110763 -0.2655730065990353 2.4660200009540576 -0.39884203069194485 0.44166535069798735 -0.3624761813378206 1.097878848779949 0.3444981500251397 2.2721152832262614 -0.38274246384998895 -18.597946908430032 11.980971044604885 5.104743341708748 -9.26478164050094 29.639141753069197 4.49892554085759 -17.470866406955924 0.17773594790697952 0.0 -3.3355769405710802; -0.3516499390441031 0.2858421778536312 0.07864953343329444 -0.24441354932411838 0.9434070504483053 0.07663613991455981 -0.43513388336026265 155.0701700238962 -0.10408223113509167 -0.06361504340910443 0.03753986789164307 -0.11558414325679546 -0.028633697137836363 0.030975295872608753 -0.06817547699849459 -0.026829032987657694 0.26442481542379576 -0.042350302264479445 0.04943079943587366 -0.03841595487192134 0.11846148982679414 0.03752220369655109 0.2440613181242141 -0.03852673196020589 -1.3383858294946138 0.826613897852666 0.43070722580804305 -0.6263133047788593 2.0776931310496582 0.35230740947149164 -1.2685864379003615 0.0817109000036324 0.0 -0.24526742760611697; -0.7856310404646311 0.6427589408097653 0.16827146188356776 -0.5506438868808147 2.115769641718277 0.16852750721252624 -0.9710815382517719 -0.10408223113509175 154.8818878177352 -0.14303421792090518 0.08020602168504248 -0.2594433472980069 -0.06533754749867801 0.06789611277416485 -0.15144513372837903 -0.06338491293661838 0.5902053930331975 -0.09520834275704022 0.10571516091862673 -0.08660803850944102 0.2632923051748213 0.0824320550477315 0.5437092232657691 -0.09148892083149333 -4.096769466524271 2.6206356020032127 1.1570596719073978 -2.0193376312749853 6.495998478407652 1.00592824580314 -3.8528582259619975 0.0754252468552187 0.0 -0.7355021188628814; -0.4830780699333123 0.39477313027883226 0.10385082922893026 -0.3382531538649894 1.2998121707609016 0.10373836675151211 -0.5970781035803066 -0.06361504340910444 -0.14303421792090518 155.02614332004768 0.04970857167197813 -0.15992778742857086 -0.039143339091179875 0.04198045592778331 -0.09353870406680771 -0.03889159208697787 0.362920559232484 -0.058715063105867125 0.06531060213599874 -0.05332408951455788 0.16151169002203045 0.05079369904740915 0.3344776083960838 -0.055983864959200984 -2.7533618747252024 1.7744015212077875 0.7547027875617683 -1.3725177091914835 4.390350774494332 0.6655115587925691 -2.58679171374628 0.024915643224289297 0.0 -0.4943444690848619; 0.2718972368666946 -0.2234241981523204 -0.05645536873592834 0.19166219267357482 -0.7341125844692725 -0.05767982144634712 0.3358175290022905 0.03753986789164311 0.08020602168504251 0.04970857167197814 155.08701061329361 0.09011954949907106 0.022858262113454462 -0.02319914003357169 0.052237028836304704 0.02276937839459931 -0.20412860802726185 0.03310934664681602 -0.03546247373798138 0.03017039875831921 -0.09075686392759293 -0.02819720530288883 -0.18780521462094277 0.0329599583913804 1.7073480743051677 -1.1093452098190018 -0.451582684375125 0.8610420294037796 -2.733534897504229 -0.4054445666586271 1.6000930608918171 0.0018103311615635847 0.0 0.30371141323744866; -0.8787603657846207 0.7184972915290265 0.18922625988083364 -0.615339098790731 2.3658115044005235 0.18888032231448776 -1.086376861920745 -0.11558414325679547 -0.2594433472980069 -0.15992778742857083 0.09011954949907099 154.82408075735066 -0.07332620537009964 0.07604820594608752 -0.16934945385931577 -0.07039032045697999 0.6602528141976988 -0.10632393620621834 0.11885694960304724 -0.09671989567884992 0.29489068604345847 0.09237718844312635 0.6083379334187764 -0.10159801720911549 -4.302860726336038 2.7361854177121234 1.2441137081189129 -2.102277390252229 6.7961343054674295 1.0696035493756864 -4.05135032665896 0.11087569163632008 0.0 -0.7743612541838691; -0.21747004349843796 0.17714018090663847 0.04656604610421201 -0.15211245621385439 0.5832482609753057 0.04656080943159027 -0.2685192501147677 -0.028633697137836367 -0.06533754749867801 -0.0391433390911799 0.02285826211345446 -0.07332620537009969 155.09897050601086 0.01933089628904247 -0.04313714032234279 -0.017858146750892763 0.1633069314729913 -0.027019073775314026 0.029467117094325534 -0.024334327664708062 0.07139065446664011 0.022930621719290993 0.15074804701116198 -0.025354555710950508 -2.089079242934073 1.3905110357480774 0.49493986080839625 -1.0926785017209872 3.409660994233076 0.46942057165787066 -1.952301261290285 -0.06757911355075559 0.0 -0.3731474603333522; 0.23013471112199865 -0.18861924788263137 -0.04872892019685987 0.16165625556268748 -0.6204508815738251 -0.049165842455859816 0.28438620335440834 0.030975295872608756 0.06789611277416485 0.041980455927783336 -0.023199140033571673 0.0760482059460875 0.019330896289042457 155.09413439173497 0.04426306052423892 0.018819306320622627 -0.1728487233944441 0.02791556224224954 -0.030604230892613632 0.025419142060960045 -0.07706457272063727 -0.024037897088650485 -0.15914408614132433 0.02720881066310937 1.257053622333013 -0.8075902862583946 -0.34878777355439033 0.6234942031839843 -1.9980345624991673 -0.3058767022256199 1.1808884266741857 -0.016467840252062334 0.0 0.22486647981302677; -0.5133325294325457 0.4201769479955582 0.10978138808886359 -0.35993690749430085 1.3829489690474537 0.11006678453930666 -0.6345195566110762 -0.0681754769984946 -0.15144513372837903 -0.09353870406680778 0.0522370288363047 -0.1693494538593159 -0.04313714032234276 0.04426306052423895 155.0151345833233 -0.04145295746105911 0.38563741076470304 -0.06213524095367893 0.06894027790050432 -0.05656014092617356 0.17220089713827666 0.05381463227456264 0.3551929325793285 -0.05989820906124221 -2.576234342905908 1.6423414707207533 0.737456659293243 -1.2632566528165066 4.074446787064576 0.637104069480363 -2.423982912339813 0.05849713949268869 0.0 -0.4624947817009682; -0.21460996523847628 0.17461191613250943 0.047866318695840515 -0.14928264820913947 0.5761772493606546 0.04673217456364602 -0.26557300659903516 -0.02682903298765771 -0.06338491293661837 -0.038891592086977865 0.022769378394599308 -0.07039032045698002 -0.01785814675089276 0.01881930632062262 -0.041452957461059106 155.09750897134265 0.16137464266509866 -0.02578117278816268 0.03005875941297442 -0.023418125340411145 0.07244151715938008 0.022861495017580124 0.14889330931862915 -0.02360717926611884 -0.7280238518075268 0.442711673525163 0.24647538583050188 -0.33265623100205943 1.1179637524345494 0.19720940277224325 -0.6917231056534544 0.05799722371702523 0.0 -0.13388455011216646; 1.995304742979302 -1.631931356539862 -0.4270830357072683 1.3983998731832246 -5.371756657543752 -0.42784276112448544 2.466020000954057 0.2644248154237958 0.5902053930331976 0.362920559232484 -0.20412860802726182 0.6602528141976983 0.16330693147299108 -0.17284872339444418 0.385637410764703 0.16137464266509866 153.61501421525534 0.24239361223067016 -0.26849089636462176 0.2202986156527548 -0.6673743188118689 -0.20940146548028035 -1.3810355884852006 0.2325825885688799 11.259810712820524 -7.2513302470180605 -3.094715428914788 5.606499196635595 -17.940492069256894 -2.725681596297532 10.578043520504048 -0.11218215220972612 0.0 2.0196346508459695; -0.3225990186076574 0.2637374819171179 0.06956987447088174 -0.225843413616754 0.8684855945177911 0.06937989538644493 -0.39884203069194474 -0.04235030226447948 -0.09520834275704021 -0.05871506310586721 0.033109346646816015 -0.10632393620621834 -0.027019073775314012 0.027915562242249555 -0.06213524095367892 -0.025781172788162682 0.24239361223067027 155.07491043428868 0.0436908527445837 -0.03548203252670412 0.10833192901952386 0.03392739136194693 0.22333734685228468 -0.03722118347260465 -1.5280318225117555 0.9685090975614611 0.44739583716948983 -0.7429142742507003 2.408059240908923 0.3823796466022248 -1.4395480888841206 0.04554508129706268 0.0 -0.27523394629304626; 0.3576547429300482 -0.2937951925643081 -0.07415898106128493 0.25211383083579286 -0.9652879533397145 -0.07581859107436935 0.4416653506979873 0.04943079943587364 0.10571516091862673 0.06531060213599876 -0.03546247373798137 0.11885694960304731 0.029467117094325538 -0.030604230892613635 0.06894027790050429 0.030058759412974437 -0.26849089636462203 0.04369085274458368 155.06728508181632 0.039767677285970644 -0.11907026385549642 -0.03709408944618211 -0.24706688306858168 0.04343430165542402 2.448586808810831 -1.6004696101143177 -0.6309758553856913 1.2459402490654046 -3.937618807867307 -0.573823769939322 2.2926948388254482 0.021232659790629313 0.0 0.4355182678946959; -0.2931917875997651 0.23960365514141824 0.06329980629221714 -0.205190760426183 0.7890780177094987 0.06307572658512862 -0.36247618133782034 -0.03841595487192136 -0.08660803850944107 -0.05332408951455789 0.030170398758319197 -0.09671989567884999 -0.02433432766470805 0.025419142060960062 -0.05656014092617356 -0.02341812534041115 0.22029861565275471 -0.0354820325267041 0.03976767728597063 155.0816454310136 0.09837126258192629 0.0308557567115632 0.20300987865062126 -0.03377733524199889 -1.441195225277778 0.9167202675067991 0.4162787497103888 -0.7044890546199342 2.2771843625048773 0.3580355008810859 -1.3570486311826764 0.03657993661181152 0.0 -0.2595460806675553; 0.8885327409365168 -0.7268635480951801 -0.18924958091115435 0.6231490444922599 -2.391961634231061 -0.19014525296639714 1.097878848779949 0.11846148982679423 0.26329230517482155 0.16151169002203059 -0.09075686392759293 0.29489068604345864 0.07139065446664013 -0.07706457272063731 0.17220089713827658 0.07244151715938008 -0.6673743188118691 0.10833192901952383 -0.11907026385549647 0.0983712625819263 154.8176020012607 -0.09312822495277474 -0.6149138424810499 0.10426212404562614 5.608240972054832 -3.643243488624386 -1.4858132369449863 2.8288536081494158 -8.989952390610688 -1.332268139640116 5.260592443492412 0.0056520604105389696 0.0 1.0037626743096033; 0.27881852700658616 -0.22841232678576137 -0.05900939274039973 0.19582090374739958 -0.7513525136966117 -0.05954328786457416 0.34449815002513967 0.037522203696551126 0.0824320550477315 0.05079369904740915 -0.028197205302888842 0.09237718844312635 0.02293062171929098 -0.024037897088650485 0.05381463227456261 0.02286149501758011 -0.20940146548028038 0.03392739136194692 -0.03709408944618212 0.0308557567115632 -0.09312822495277467 155.084773424782 -0.19284316651191677 0.03298813253148344 1.6768290224131512 -1.085586907756724 -0.45067759479570946 0.8413755927781517 -2.6802680601503908 -0.40133701934316834 1.5733665183126646 -0.0056815595638332606 0.0 0.2997679598517514; 1.8384544492725798 -1.5039618029292616 -0.39302895400138205 1.2887883455506546 -4.950153686224288 -0.39404149171466585 2.2721152832262597 0.24406131812421422 0.543709223265769 0.33447760839608404 -0.18780521462094263 0.6083379334187766 0.15074804701116185 -0.15914408614132433 0.3551929325793282 0.1488933093186291 -1.3810355884852015 0.22333734685228454 -0.24706688306858163 0.20300987865062123 -0.6149138424810501 -0.19284316651191674 153.84155193343636 0.21464830875926885 10.388662176446873 -6.691250444267834 -2.8535071176270232 5.17369461700095 -16.55293750034647 -2.514053399264816 9.758974728203576 -0.10176855150914428 0.0 1.8627777702278474; -0.3093047345411607 0.2514906789059068 0.06912605102028148 -0.2150302019168515 0.8299832598742989 0.06739299035254352 -0.3827424638499886 -0.038526731960205916 -0.0914889208314933 -0.05598386495920095 0.03295995839138038 -0.10159801720911547 -0.02535455571095049 0.027208810663109352 -0.05989820906124214 -0.023607179266118824 0.23258258856887987 -0.03722118347260461 0.04343430165542399 -0.03377733524199887 0.10426212404562611 0.03298813253148343 0.21464830875926874 155.07998459321794 -1.1368532574512955 0.6989888786826003 0.3714019728251165 -0.5283505585525324 1.7592984228948867 0.3017922248321603 -1.0783303518251435 0.07557264710131487 0.0 -0.2085547989827428; -14.879772047584316 11.972409010779725 3.997222793138889 -10.030443209321069 39.96509222482814 3.511303456118954 -18.597946908430036 -1.3383858294946138 -4.096769466524271 -2.7533618747252024 1.7073480743051679 -4.30286072633604 -2.089079242934074 1.257053622333013 -2.5762343429059085 -0.7280238518075266 11.259810712820524 -1.5280318225117557 2.448586808810831 -1.4411952252777782 5.608240972054832 1.676829022413152 10.388662176446877 -1.136853257451295 564.5986032021993 -290.3011022312871 -65.65161736077927 234.5699885933123 -698.001012500349 -77.77223609232948 377.8128439455568 47.78677263674283 0.0 78.63160230700178; 9.576708995842568 -7.694268775386307 -2.6170977611583575 6.4336961273214985 -25.71528611076359 -2.277403898353657 11.980971044604887 0.8266138978526659 2.620635602003214 1.7744015212077875 -1.1093452098190018 2.736185417712124 1.3905110357480779 -0.8075902862583944 1.6423414707207535 0.44271167352516294 -7.25133024701806 0.9685090975614614 -1.6004696101143174 0.9167202675067992 -3.643243488624386 -1.085586907756724 -6.691250444267835 0.6989888786826002 -290.30110223128736 360.3221429506647 47.585703062506184 -165.6089455190128 493.8674199064682 55.60613263661808 -268.0263945110049 -32.73671320298585 0.0 -48.84206779325995; 4.10007663293965 -3.3192238602109914 -1.0223462270135342 2.8030154607867517 -11.024605569584853 -0.9364183186271867 5.104743341708747 0.43070722580804294 1.1570596719073973 0.7547027875617683 -0.45158268437512467 1.2441137081189129 0.49493986080839614 -0.34878777355439033 0.7374566592932427 0.2464753858305019 -3.0947154289147876 0.4473958371694897 -0.6309758553856911 0.4162787497103888 -1.4858132369449857 -0.45067759479570946 -2.853507117627023 0.37140197282511656 -65.65161736077923 47.58570306250612 163.8239194188259 -38.805966158997826 113.60983604336319 11.650057067843989 -60.26344458843691 -9.65007980603032 0.0 -24.492525349785442; -7.4022344384285965 5.94340430827576 2.0390716846346164 -4.964980818714505 19.874922690279455 1.766712856058318 -9.264781640500946 -0.6263133047788592 -2.019337631274986 -1.372517709191484 0.8610420294037799 -2.1022773902522296 -1.0926785017209872 0.6234942031839843 -1.2632566528165066 -0.3326562310020593 5.606499196635595 -0.7429142742507006 1.2459402490654046 -0.7044890546199342 2.828853608149416 0.8413755927781517 5.173694617000951 -0.5283505585525322 234.56998859331222 -165.60894551901282 -38.80596615899789 288.6955126267392 -398.7253435312884 -45.09133164177847 216.63299159056422 26.062958891953336 0.0 37.15033172172001; 23.69874156038323 -19.053188624372535 -6.436037165997848 15.941913850487339 -63.64947636527014 -5.620125836919531 29.639141753069193 2.0776931310496587 6.495998478407654 4.390350774494332 -2.733534897504229 6.796134305467432 3.4096609942330747 -1.9980345624991682 4.074446787064575 1.1179637524345496 -17.940492069256898 2.4080592409089236 -3.937618807867307 2.2771843625048778 -8.989952390610682 -2.6802680601503917 -16.55293750034648 1.7592984228948865 -698.0010125003481 493.867419906468 113.60983604336326 -398.72534353128805 1343.3377585119408 133.33599242727792 -644.3087099210525 -79.59616595791964 0.0 -123.40362588815071; 3.6066912944877636 -2.9109816990500663 -0.933212688174691 2.4488752911803413 -9.692239836302779 -0.8370528361575558 4.49892554085759 0.35230740947149164 1.0059282458031398 0.6655115587925693 -0.40544456665862705 1.0696035493756866 0.46942057165787077 -0.30587670222561997 0.6371040694803629 0.19720940277224314 -2.7256815962975334 0.3823796466022248 -0.573823769939322 0.3580355008810859 -1.3322681396401157 -0.4013370193431681 -2.5140533992648164 0.3017922248321602 -77.77223609232936 55.606132636618035 11.650057067843997 -45.09133164177842 133.3359924272777 169.51558814287304 -71.6168564728866 -9.972839960722247 0.0 -20.239413691847194; -13.9805495339247 11.253350973540964 3.7417841953893682 -9.431516914412162 37.554868621968524 3.2937445413080884 -17.470866406955924 -1.2685864379003613 -3.8528582259619975 -2.58679171374628 1.6000930608918171 -4.051350326658959 -1.9523012612902855 1.1808884266741853 -2.423982912339813 -0.6917231056534537 10.578043520504048 -1.4395480888841206 2.292694838825447 -1.3570486311826762 5.260592443492411 1.5733665183126644 9.758974728203574 -1.0783303518251433 377.8128439455582 -268.0263945110052 -60.263444588436975 216.63299159056453 -644.3087099210527 -71.61685647288674 503.6523099787819 44.43108246357887 0.0 74.89928980362394; 0.15966963249457455 -0.15003573945642107 0.04327582961252123 0.15009337302875697 -0.4407135947884583 -0.0037223046116742074 0.17773594790697933 0.08171090000363249 0.07542524685521872 0.024915643224289456 0.0018103311615635864 0.1108756916363202 -0.06757911355075567 -0.01646784025206235 0.05849713949268871 0.05799722371702521 -0.11218215220972597 0.04554508129706261 0.0212326597906293 0.036579936611811525 0.005652060410538993 -0.0056815595638332805 -0.1017685515091446 0.07557264710131505 47.786772636742775 -32.73671320298577 -9.650079806030309 26.062958891953308 -79.59616595791941 -9.972839960722233 44.43108246357874 158.51319526067843 0.0 -3.6942783387180453; 0.0 0.0 0.0 0.0 0.0 0.0 0.0 0.0 0.0 0.0 0.0 0.0 0.0 0.0 0.0 0.0 0.0 0.0 0.0 0.0 0.0 0.0 0.0 0.0 0.0 0.0 0.0 0.0 0.0 0.0 0.0 0.0 155.11390926152419 0.0; -2.669626835162696 2.1507464732299253 0.7109623241058959 -1.80316307784008 7.174858782644326 0.6276640836090879 -3.3355769405710802 -0.24526742760611686 -0.7355021188628816 -0.4943444690848619 0.30371141323744855 -0.7743612541838694 -0.3731474603333522 0.22486647981302674 -0.462494781700968 -0.1338845501121664 2.019634650845969 -0.2752339462930462 0.4355182678946957 -0.25954608066755525 1.0037626743096035 0.2997679598517514 1.8627777702278476 -0.2085547989827428 78.6316023070019 -48.84206779326 -24.49252534978548 37.15033172172006 -123.40362588815083 -20.239413691847176 74.89928980362396 -3.694278338718034 0.0 15.755830302802034]
 * x: [-1.0781539677304877, -0.11202798710964526, 1.005700683526487, 0.1186864455047162, 0.4454038439540388, 0.6688353827408682, -0.9449253178305612, 1.0794115693751376, -0.21610260403954756, -1.1515748930578977, 0.9845770827780224, 0.6057475315841165, -0.6683714607771293, 0.6042660727973557, -0.5056194897655659, 1.1677096141196674, -0.4021505849948212, -0.5838402180475469, -0.09445365187895967, -0.20973803646040542, -0.0028801542973118854, -0.434107583688107, 0.012791351265303386, -0.5414861232760944, -0.09588433484615062, 0.06777489641127306, 0.01570952731446356, -0.054678772451934025, 0.1629659167683141, 0.018370834371790743, -0.0884732086571734, -0.010791341692826771, 0.0, 0.023971294348343858]
bfgs    4   loss 2.210930e-07
n     Energy            log10(ΔE)   log10(Δρ)   Diag   Δtime 
---   ---------------   ---------   ---------   ----   ------
  1   -7.812937550118                   -3.03    1.0    372ms
  2   -7.812938240412       -6.16       -3.88    1.0    455ms
  3   -7.812938261966       -7.67       -4.46    2.4    628ms
  4   -7.812938262605       -9.19       -5.17    1.9    480ms
  5   -7.812938262665      -10.22       -6.04    2.2    609ms
  6   -7.812938262666      -12.33       -6.28    2.7    549ms
  7   -7.812938262666      -12.66       -7.38    1.4    570ms
  8   -7.812938262666      -14.21       -7.83    3.1    595ms
  9   -7.812938262666      -14.57       -8.15    1.6    550ms
 10   -7.812938262666   +  -14.75       -9.30    1.7    473ms
 11   -7.812938262666   +  -15.05       -9.68    3.0    629ms
 12   -7.812938262666   +  -15.05      -10.27    1.7    542ms
n     Energy            log10(ΔE)   log10(Δρ)   Diag   Δtime 
---   ---------------   ---------   ---------   ----   ------
  1   -7.840120923509                   -3.18    1.0    724ms
  2   -7.840121262803       -6.47       -3.95    1.0    851ms
  3   -7.840121278816       -7.80       -4.28    2.2    958ms
  4   -7.840121281702       -8.54       -5.17    1.4    866ms
  5   -7.840121281785      -10.08       -5.49    2.6    1.04s
  6   -7.840121281795      -11.00       -6.31    1.7    832ms
  7   -7.840121281795      -12.31       -6.82    2.3    978ms
  8   -7.840121281795      -13.94       -7.58    1.5    908ms
  9   -7.840121281795      -14.75       -8.01    2.2    947ms
 10   -7.840121281795   +    -Inf       -8.77    1.4    870ms
 11   -7.840121281795   +  -14.75       -9.70    2.1    1.07s
 12   -7.840121281795   +    -Inf       -9.82    2.4    1.03s
 13   -7.840121281795      -14.45      -10.70    1.0    858ms
n     Energy            log10(ΔE)   log10(Δρ)   Diag   Δtime 
---   ---------------   ---------   ---------   ----   ------
  1   -7.828700486165                   -3.21    1.0    697ms
  2   -7.828700765925       -6.55       -3.96    1.0    896ms
  3   -7.828700781353       -7.81       -4.31    2.3    1.04s
  4   -7.828700784008       -8.58       -5.36    1.7    881ms
  5   -7.828700784071      -10.20       -5.54    2.9    1.20s
  6   -7.828700784080      -11.06       -6.99    1.4    887ms
  7   -7.828700784080      -12.63       -7.13    3.6    1.23s
  8   -7.828700784080   +    -Inf       -7.77    1.1    854ms
  9   -7.828700784080      -15.05       -8.47    1.7    948ms
 10   -7.828700784080   +    -Inf       -9.29    2.0    896ms
 11   -7.828700784080   +  -14.75      -10.01    2.0    955ms
n     Energy            log10(ΔE)   log10(Δρ)   Diag   Δtime 
---   ---------------   ---------   ---------   ----   ------
  1   -7.812938262666                  -10.91    1.0    351ms
n     Energy            log10(ΔE)   log10(Δρ)   Diag   Δtime 
---   ---------------   ---------   ---------   ----   ------
  1   -7.840121281795                  -11.11    1.0    747ms
n     Energy            log10(ΔE)   log10(Δρ)   Diag   Δtime 
---   ---------------   ---------   ---------   ----   ------
  1   -7.828700784080                  -10.45    1.0    724ms
n     Energy            log10(ΔE)   log10(Δρ)   Diag   Δtime 
---   ---------------   ---------   ---------   ----   ------
  1   -7.812938262666                  -11.13    1.0    403ms
n     Energy            log10(ΔE)   log10(Δρ)   Diag   Δtime 
---   ---------------   ---------   ---------   ----   ------
  1   -7.840121281795                  -11.42    1.0    689ms
n     Energy            log10(ΔE)   log10(Δρ)   Diag   Δtime 
---   ---------------   ---------   ---------   ----   ------
  1   -7.828700784080                  -10.82    1.0    706ms
n     Energy            log10(ΔE)   log10(Δρ)   Diag   Δtime 
---   ---------------   ---------   ---------   ----   ------
  1   -7.812938262666                  -11.35    1.0    370ms
n     Energy            log10(ΔE)   log10(Δρ)   Diag   Δtime 
---   ---------------   ---------   ---------   ----   ------
  1   -7.840121281795                  -11.78    1.0    672ms
n     Energy            log10(ΔE)   log10(Δρ)   Diag   Δtime 
---   ---------------   ---------   ---------   ----   ------
  1   -7.828700784080                  -11.16    1.0    751ms
     5     1.696248e-07     1.823121e-04
 * Current step size: 1.0
 * time: 352.2124011516571
 * g(x): [-8.719162965631226e-7, 6.912249111430054e-7, 1.9578414413698862e-7, -5.99697335979715e-7, 2.283409286356299e-6, 1.889806457476327e-7, -1.070861858777726e-6, -1.0404810684758006e-7, -2.287507626531423e-7, -1.6439518820932172e-7, 9.143945107668505e-8, -2.705862031010248e-7, -8.90925072044641e-8, 7.410432902878996e-8, -1.4152739667746193e-7, -6.238445568426787e-8, 6.473866758020916e-7, -9.702346136597657e-8, 1.2178573434827916e-7, -9.029955007578936e-8, 3.0238948864153046e-7, 9.161938592973995e-8, 5.937737443251927e-7, -9.063209102595016e-8, -1.0228719964002715e-5, -7.588463850350347e-7, 1.553257399747482e-5, 3.3604198357436324e-6, 4.8985245172801e-6, 8.133139265316449e-6, -1.209245575184796e-5, 1.3890452512776408e-5, 0.0, 0.00018231213288905554]
 * ~inv(H): [152.7188777861023 1.984741310941762 0.5034448702914774 -1.6923626891946995 6.522321390343751 0.5123369121389545 -2.9666471800610577 -0.33013644467808756 -0.6907580498520213 -0.44485396820302325 0.22683234321822626 -0.7654332904028792 -0.26083113090901316 0.19500995268083451 -0.4421324633676875 -0.19224468771120115 1.8018062874411898 -0.27931912528913677 0.31220908604138087 -0.2588380794989532 0.8292330960991974 0.24752599830460464 1.6531394466232088 -0.2864135371566136 -22.27066485304572 14.716480770448385 5.431867946549773 -11.53642477316479 36.18267656798928 5.079906521387601 -20.848188922443423 -0.5518778223301045 0.0 -3.9597855251208434; 1.9847413109417607 153.47200823868306 -0.42002650016520127 1.4002375017609212 -5.39794994210247 -0.42547592398081485 2.4583023980993013 0.27087841452094014 0.5721973871261276 0.36825876522432627 -0.18974384001712047 0.6342628242248607 0.21415001162493785 -0.16236142646846943 0.36644536443968645 0.15807079772389496 -1.4929627394319887 0.23138863133949703 -0.2606130681560633 0.21425426493393518 -0.686994887328077 -0.2056698068442218 -1.3702332437237614 0.23513119757906448 17.681948140987625 -11.675984875476114 -4.331322505491441 9.14827468292776 -28.709655456628614 -4.041230182409516 16.55331761443759 0.41684329504291606 0.0 3.1429431579008877; 0.5034448702914771 -0.4200265001652012 155.01236586884062 0.35854748410776466 -1.3770404645563463 -0.10618903643711072 0.6231708839172436 0.07315794659538369 0.14495150832425846 0.09407942017293733 -0.045410421713659145 0.1613599989030299 0.05628987575259224 -0.040121468883196544 0.09243274903271814 0.04235063673927349 -0.3785499938398926 0.05896291468871191 -0.0628670493643262 0.05481612765655384 -0.1738422379529043 -0.05121335451631124 -0.3466735596378704 0.063368659642254 5.772188467608841 -3.8492469922487045 -1.345466420964532 3.0297294126289653 -9.431672412747979 -1.2885499057147323 5.392138505447495 0.2107814534493058 0.0 1.021677653791875; -1.6923626891946988 1.400237501760921 0.35854748410776455 153.9200304895052 4.603688969075085 0.3629800530630341 -2.096401001227399 -0.23073357018128288 -0.48805149090290456 -0.3139831597175819 0.16184970076182761 -0.5405975189008905 -0.18307753286826184 0.1384164149451931 -0.3125780151164625 -0.13457323292631293 1.2731887695468986 -0.19721051505752998 0.22243715994251548 -0.1826255230727686 0.5861238293276557 0.17543878427406107 1.1685570767833526 -0.2002575057309974 -15.011868438254156 9.903419475392534 3.692353275969365 -7.756935390526775 24.362216082146954 3.43793940092128 -14.05762018549731 -0.3380057426701246 0.0 -2.6705127523830066; 6.52232139034375 -5.3979499421024695 -1.3770404645563454 4.603688969075082 137.36999280647038 -1.3970749514780159 8.078284995492519 0.8930648132520398 1.8803666274365258 1.210579031938714 -0.621816673645103 2.0847725503545727 0.7047849996831813 -0.5329055556273885 1.2040084701842126 0.520956042384035 -4.906129940849518 0.7606301842903982 -0.8543368749150764 0.7044273108483122 -2.257234323930252 -0.6752646164900494 -4.502352237039877 0.7751354046832293 58.92656643674724 -38.93425595619911 -14.392340681027187 30.513984346760637 -95.71387511996534 -13.448873336112303 55.15823913208456 1.4351755205870957 0.0 10.471705770703485; 0.5123369121389542 -0.4254759239808146 -0.10618903643711067 0.3629800530630341 -1.3970749514780156 155.00484911164216 0.6344254120474554 0.07192518391676161 0.14761095082027398 0.09537042038391359 -0.04773934702792809 0.16389683002094213 0.0562679716731075 -0.0414177760657154 0.0943453260734215 0.04180420304389556 -0.38533546519994794 0.05983307957196879 -0.06581836500578424 0.05550802423856756 -0.1772026531127812 -0.052660702276816365 -0.3533121881827147 0.062366804736611804 5.147348460690563 -3.4154881631303606 -1.2307052959348017 2.682201284031441 -8.38395164872745 -1.1629208705897396 4.813796612198038 0.15431814804367572 0.0 0.9131148696184648; -2.9666471800610594 2.4583023980993013 0.6231708839172442 -2.0964010012274 8.07828499549252 0.634425412047456 151.43943657923472 -0.4092118203962025 -0.8555490489706783 -0.5510403908785144 0.2808957831572052 -0.9483856579191355 -0.32259065469315173 0.24157703312857284 -0.5476080932956632 -0.23836225083998058 2.231702787018119 -0.3460950297076156 0.38648808679583235 -0.3206951945096827 1.0267943621555067 0.30653288411634994 2.0475380881523453 -0.35504384647560866 -27.654905446222422 18.282338615166058 6.7322940722514995 -14.333881774441746 44.94055358333838 6.302150578542658 -25.885192773545043 -0.6987917725510143 0.0 -4.915375950825008; -0.33013644467808745 0.2708784145209401 0.07315794659538366 -0.23073357018128288 0.89306481325204 0.0719251839167616 -0.4092118203962024 155.07175687082213 -0.09532321309819372 -0.06082353829200098 0.03331635684557228 -0.10514150856458883 -0.03447038589942128 0.027680889441408868 -0.06130286761573876 -0.02480001064475656 0.24846512740715826 -0.0382930979698383 0.045473112890995815 -0.03532175125660017 0.11461802403172447 0.034837772166249226 0.22853116568019227 -0.036669773097672394 -2.1026185430643944 1.3623865569283509 0.5619757083981108 -1.058097665033563 3.3733713984030578 0.5016267704744615 -1.9766515714567576 0.00151010244462514 0.0 -0.3769530112025653; -0.6907580498520213 0.5721973871261276 0.14495150832425838 -0.48805149090290467 1.8803666274365258 0.14761095082027423 -0.8555490489706776 -0.0953232130981938 154.91162124606376 -0.12733061818127786 0.06640048731818116 -0.22382470636210652 -0.06966869725217616 0.057148298042294904 -0.13064153684359436 -0.056194694012172135 0.5199438635329122 -0.08195461157631534 0.09027044298257918 -0.0754503761015416 0.23647009795102364 0.07159168837539971 0.47765856526286204 -0.08301981878572398 -5.999629573987739 3.922156340959733 1.53246968479865 -3.0620078112443796 9.68579911114447 1.4004420483502753 -5.631414746424603 -0.07431346785366899 0.0 -1.0763486826369015; -0.4448539682030231 0.3682587652243262 0.09407942017293731 -0.31398315971758217 1.2105790319387149 0.09537042038391365 -0.5510403908785143 -0.060823538292000996 -0.12733061818127786 155.03104932208217 0.04212802297783131 -0.14120841217434396 -0.049853132832534376 0.03606717762516777 -0.08117709426342441 -0.035258657015303674 0.3345622871880665 -0.05143287941892119 0.058246936525634556 -0.047787019538401185 0.1548393587047426 0.046008313976900105 0.3068457800428285 -0.0526889537371156 -4.134479243701733 2.743162365874204 0.9911604374560594 -2.15335034113186 6.73246941808769 0.9350004066148759 -3.8661567929550125 -0.12081489146451514 0.0 -0.7321204198823484; 0.22683234321822648 -0.18974384001712047 -0.04541042171365916 0.16184970076182761 -0.6218166736451035 -0.04773934702792813 0.28089578315720537 0.03331635684557232 0.06640048731818118 0.04212802297783132 155.093395975041 0.07357355625864295 0.024150269017293575 -0.018229040000956123 0.0426950238859453 0.019416838941958833 -0.17075849056732048 0.026979600969412418 -0.028197992482737085 0.02495940780888021 -0.07766332076879034 -0.023083674420416252 -0.1565180863910159 0.028927103996746105 2.558756344276075 -1.6896349935740207 -0.6226295296846655 1.3255171342203051 -4.158468253016575 -0.5834030338523414 2.396867820521113 0.06564610580845018 0.0 0.45703921410298665; -0.7654332904028786 0.6342628242248601 0.16135999890302988 -0.5405975189008905 2.0847725503545718 0.16389683002094213 -0.9483856579191353 -0.10514150856458884 -0.22382470636210652 -0.14120841217434393 0.0735735562586429 154.86674696150732 -0.07874453691245875 0.06316658344996028 -0.14439063468786284 -0.061781415164839926 0.5763230965085298 -0.09043915518142084 0.10038506661072502 -0.08336348155029992 0.26296404979541455 0.07941681772059099 0.5294116776230069 -0.09148476097851768 -6.592626044620262 4.303000017488137 1.6948719548023141 -3.3576083932992433 10.635246498462228 1.54387309078813 -6.191222852997923 -0.07032045693010516 0.0 -1.1842491070251377; -0.2608311309090131 0.21415001162493802 0.05628987575259228 -0.18307753286826198 0.7047849996831816 0.05626797167310755 -0.32259065469315173 -0.03447038589942129 -0.06966869725217616 -0.049853132832534404 0.02415026901729357 -0.07874453691245879 155.07866290894083 0.020307636236661975 -0.04275098602525727 -0.019314606632882692 0.19529503352747213 -0.02824793568861264 0.03443517334857618 -0.026844184965801897 0.0939276795244215 0.026846391737519182 0.1783998406147998 -0.02951684555385661 -2.7469816299030256 1.9004242943459655 0.5351892382717035 -1.5129675813690724 4.579453593208908 0.5639217105685475 -2.5385586587754205 -0.21145566204939267 0.0 -0.4670911423211276; 0.19500995268083446 -0.1623614264684694 -0.04012146888319651 0.138416414945193 -0.5329055556273878 -0.0414177760657154 0.2415770331285728 0.027680889441408875 0.057148298042294904 0.0360671776251678 -0.01822904000095611 0.06316658344996025 0.020307636236661965 155.09800287028818 0.0368392164714135 0.016208735598920294 -0.14683934896201611 0.023144439181458306 -0.02494494501364497 0.021361078125818476 -0.06684515619144765 -0.020053688654565624 -0.13476152520328646 0.024065102169231817 1.9185878126231681 -1.2583821714987138 -0.48181832963043536 0.9842996328643905 -3.105094423609186 -0.44420877515027196 1.8000143775360222 0.03299893950734916 0.0 0.3440348531330963; -0.4421324633676875 0.3664453644396864 0.09243274903271811 -0.31257801511646255 1.2040084701842126 0.09434532607342158 -0.5476080932956631 -0.061302867615738776 -0.13064153684359436 -0.08117709426342448 0.042695023885945295 -0.14439063468786298 -0.04275098602525725 0.03683921647141351 155.02913276751093 -0.03635542374075606 0.3329280087576614 -0.052976504242332016 0.05769052514445077 -0.04860912151158044 0.15039435090920897 0.04584867114913411 0.30603722177743214 -0.053494765862199214 -3.75503149225987 2.438839493705724 0.9846295570197748 -1.8994210249245203 6.0395645845441255 0.8883370064380924 -3.530453318168374 -0.01923524689888668 0.0 -0.6775448843331909; -0.1922446877112011 0.15807079772389493 0.04235063673927345 -0.13457323292631293 0.5209560423840351 0.04180420304389555 -0.23836225083998042 -0.024800010644756575 -0.05619469401217212 -0.03525865701530367 0.01941683894195883 -0.06178141516483995 -0.019314606632882692 0.016208735598920287 -0.03635542374075605 155.09923973708715 0.14480881792341105 -0.022562408602206895 0.026376984462721353 -0.020737231253738542 0.06631928326940868 0.020285701522974476 0.13327303171424182 -0.021616376445654017 -1.2064480530627213 0.7711155862646905 0.33911284749214465 -0.5959764646133701 1.9212631694461106 0.29558091681034787 -1.138334332963668 0.01854983379879861 0.0 -0.21911447878370754; 1.8018062874411884 -1.4929627394319893 -0.37854999383989246 1.2731887695468995 -4.906129940849514 -0.38533546519994794 2.2317027870181185 0.24846512740715831 0.5199438635329123 0.3345622871880665 -0.17075849056732048 0.5763230965085293 0.1952950335274719 -0.14683934896201617 0.3329280087576613 0.14480881792341105 153.75844562150678 0.210345337083104 -0.23481835723462727 0.19485151043656845 -0.6233471294414789 -0.18621279162257717 -1.2436868582658702 0.2156122971144149 16.727837358874634 -11.05361055942775 -4.080455953202475 8.664817767651607 -27.176192672769623 -3.8158195115933906 15.659090008162142 0.4137943464468527 0.0 2.974253398095724; -0.27931912528913694 0.23138863133949697 0.058962914688711926 -0.19721051505753023 0.760630184290399 0.059833079571968845 -0.34609502970761546 -0.03829309796983833 -0.08195461157631533 -0.05143287941892127 0.02697960096941241 -0.09043915518142084 -0.02824793568861263 0.023144439181458313 -0.052976504242332016 -0.0225624086022069 0.21034533708310404 155.0807947902645 0.03671523723104154 -0.03047883737694105 0.09575149546241646 0.029016963010745946 0.19329084988124234 -0.033347912070412385 -2.3448958059059986 1.5252205540967163 0.6115538321616463 -1.1885100873299639 3.7751404463434124 0.5531416725387265 -2.2040115580925637 -0.015648164936505796 0.0 -0.42235438775102735; 0.3122090860413808 -0.2606130681560634 -0.06286704936432626 0.22243715994251567 -0.8543368749150764 -0.06581836500578427 0.3864880867958323 0.045473112890995794 0.0902704429825792 0.05824693652563459 -0.028197992482737078 0.10038506661072508 0.03443517334857618 -0.024944945013644974 0.05769052514445075 0.026376984462721367 -0.23481835723462754 0.03671523723104152 155.07495478442374 0.034086782771366474 -0.10755633271081824 -0.0317665301130691 -0.21509831767889737 0.039415316985066486 3.558402455374178 -2.367341763834875 -0.8383031945785683 1.8618249183750089 -5.806713999495139 -0.7984787320657726 3.326290496362911 0.12052292935371764 0.0 0.6312090889981417; -0.2588380794989532 0.21425426493393507 0.05481612765655384 -0.18262552307276864 0.7044273108483122 0.05550802423856757 -0.3206951945096824 -0.035321751256600184 -0.07545037610154165 -0.04778701953840119 0.02495940780888019 -0.08336348155029999 -0.026844184965801886 0.02136107812581849 -0.04860912151158044 -0.020737231253738546 0.19485151043656837 -0.030478837376941022 0.03408678277136646 155.0857950471873 0.08909309299822407 0.026886554410092904 0.17898565202314334 -0.030722972122772862 -2.1947593187576984 1.4346754059108071 0.561164362978072 -1.1199296735686748 3.5432260689384663 0.5124994092859158 -2.0601753518359978 -0.026610141132204387 0.0 -0.39351720153858327; 0.8292330960991974 -0.6869948873280766 -0.1738422379529044 0.5861238293276564 -2.2572343239302524 -0.1772026531127812 1.0267943621555067 0.11461802403172457 0.23647009795102392 0.15483935870474275 -0.07766332076879034 0.2629640497954147 0.0939276795244215 -0.0668451561914477 0.15039435090920888 0.06631928326940868 -0.6233471294414791 0.09575149546241643 -0.1075563327108183 0.08909309299822409 154.825222114868 -0.08542831274993959 -0.5713727759243553 0.09922797370324707 8.156778140892733 -5.43970912528016 -1.9089335883923362 4.278521677196614 -13.32167184844742 -1.82336805314182 7.617140392655216 0.2881503016187779 0.0 1.4389983704987055; 0.24752599830460464 -0.20566980684422176 -0.05121335451631124 0.1754387842740611 -0.6752646164900493 -0.05266070227681639 0.3065328841163499 0.03483777216624926 0.07159168837539971 0.046008313976900105 -0.02308367442041626 0.07941681772059099 0.026846391737519168 -0.02005368865456562 0.04584867114913408 0.020285701522974462 -0.1862127916225772 0.02901696301074593 -0.03176653011306911 0.026886554410092897 -0.08542831274993952 155.0884648905719 -0.17077424217393958 0.030227253183061242 2.4749372411514994 -1.638165004320832 -0.5981409536783179 1.2853708389052918 -4.025622253505245 -0.5621302833211319 2.3161393621475366 0.06740146653359788 0.0 0.44006031647795607; 1.6531394466232083 -1.370233243723761 -0.34667355963787033 1.1685570767833535 -4.502352237039876 -0.35331218818271487 2.0475380881523435 0.22853116568019236 0.47765856526286193 0.3068457800428287 -0.15651808639101572 0.5294116776230071 0.1783998406147997 -0.13476152520328644 0.30603722177743187 0.13327303171424176 -1.243686858265871 0.19329084988124223 -0.2150983176788973 0.17898565202314332 -0.5713727759243555 -0.17077424217393955 153.97275238689323 0.19835669910018452 15.420943472215006 -10.184835070410859 -3.769202257493248 7.982615759467825 -25.046288045772926 -3.5212995257064326 14.437837975098493 0.37354194163378523 0.0 2.743594216193662; -0.2864135371566135 0.2351311975790643 0.06336865964225395 -0.2002575057309974 0.7751354046832283 0.06236680473661179 -0.3550438464756083 -0.03666977309767242 -0.08301981878572395 -0.05268895373711557 0.028927103996746088 -0.09148476097851768 -0.029516845553856596 0.0240651021692318 -0.053494765862199145 -0.021616376445654 0.21561229711441487 -0.03334791207041235 0.03941531698506645 -0.03072297212277284 0.09922797370324704 0.030227253183061235 0.1983566991001844 155.08198726240752 -1.8096417514858207 1.1675445772602593 0.4916098688954366 -0.9053673219704664 2.8964691246967478 0.43541885287694426 -1.703159493066734 0.009747383292777042 0.0 -0.3257237645115303; -22.270664853045716 17.681948140987625 5.772188467608842 -15.011868438254162 58.92656643674725 5.147348460690563 -27.654905446222426 -2.1026185430643944 -5.99962957398774 -4.134479243701733 2.5587563442760755 -6.592626044620264 -2.7469816299030247 1.9185878126231684 -3.75503149225987 -1.2064480530627208 16.727837358874634 -2.344895805905999 3.5584024553741784 -2.194759318757699 8.156778140892733 2.4749372411515003 15.420943472215008 -1.8096417514858203 644.6169959968958 -342.3562279477163 -85.43724204422065 275.74574669900704 -829.1479960434742 -96.23336883159021 453.8843299975286 49.97023636517365 0.0 94.03218857442533; 14.716480770448387 -11.675984875476116 -3.8492469922487036 9.903419475392537 -38.93425595619912 -3.4154881631303597 18.28233861516606 1.3623865569283506 3.9221563409597353 2.7431623658742037 -1.6896349935740211 4.303000017488138 1.9004242943459646 -1.258382171498714 2.4388394937057245 0.7711155862646905 -11.05361055942775 1.5252205540967168 -2.3673417638348755 1.4346754059108073 -5.43970912528016 -1.638165004320832 -10.184835070410859 1.1675445772602593 -342.3562279477167 393.92509405117767 60.84702540266735 -192.1349963588502 578.892184481173 67.79830982022003 -317.6387551986075 -33.756006165319334 0.0 -58.96485525018344; 5.431867946549773 -4.331322505491441 -1.3454664209645326 3.6923532759693645 -14.39234068102719 -1.2307052959348017 6.732294072251498 0.5619757083981107 1.5324696847986496 0.9911604374560594 -0.6226295296846651 1.6948719548023141 0.5351892382717032 -0.4818183296304353 0.9846295570197744 0.3391128474921447 -4.080455953202475 0.6115538321616462 -0.8383031945785682 0.561164362978072 -1.9089335883923353 -0.5981409536783179 -3.7692022574932476 0.49160986889543673 -85.43724204422061 60.84702540266728 168.13336832404278 -49.376384276200376 146.4733613561011 15.94211664304283 -78.88655904999005 -10.789438504891832 0.0 -28.144961546221797; -11.536424773164791 9.14827468292776 3.0297294126289653 -7.756935390526775 30.513984346760637 2.682201284031442 -14.333881774441753 -1.058097665033563 -3.0620078112443805 -2.15335034113186 1.3255171342203056 -3.3576083932992438 -1.5129675813690722 0.9842996328643905 -1.8994210249245198 -0.59597646461337 8.664817767651606 -1.1885100873299643 1.8618249183750093 -1.1199296735686748 4.278521677196614 1.2853708389052918 7.982615759467825 -0.9053673219704662 275.745746699007 -192.1349963588502 -49.37638427620045 309.62382993176743 -465.9198780776265 -54.77312747399473 255.90234236318 26.786244279013307 0.0 45.17901993728352; 36.1826765679893 -28.709655456628617 -9.431672412747977 24.362216082146965 -95.71387511996534 -8.38395164872745 44.94055358333837 3.3733713984030587 9.685799111144473 6.73246941808769 -4.158468253016576 10.63524649846223 4.579453593208907 -3.105094423609187 6.039564584544125 1.9212631694461109 -27.176192672769627 3.775140446343413 -5.80671399949514 3.5432260689384663 -13.321671848447414 -4.0256222535052455 -25.046288045772933 2.8964691246967473 -829.1479960434733 578.8921844811726 146.47336135610115 -465.9198780776261 1557.9568080062961 163.79691293117605 -769.1263461138244 -82.72665845884644 0.0 -148.7608679428849; 5.0799065213876 -4.041230182409516 -1.2885499057147318 3.4379394009212807 -13.448873336112298 -1.1629208705897398 6.302150578542658 0.5016267704744615 1.4004420483502753 0.9350004066148762 -0.5834030338523413 1.54387309078813 0.5639217105685478 -0.444208775150272 0.8883370064380922 0.2955809168103477 -3.815819511593392 0.5531416725387265 -0.7984787320657726 0.5124994092859158 -1.8233680531418197 -0.5621302833211317 -3.5212995257064326 0.4354188528769442 -96.2333688315901 67.79830982021997 15.942116643042839 -54.77312747399467 163.79691293117583 173.64717581325664 -89.0800892746957 -10.75708623855281 0.0 -23.719709258411523; -20.84818892244342 16.55331761443759 5.392138505447494 -14.057620185497306 55.15823913208454 4.813796612198036 -25.885192773545043 -1.9766515714567574 -5.6314147464246025 -3.866156792955012 2.3968678205211127 -6.19122285299792 -2.5385586587754205 1.8000143775360216 -3.530453318168373 -1.138334332963667 15.65909000816214 -2.2040115580925637 3.3262904963629096 -2.0601753518359973 7.617140392655215 2.316139362147536 14.437837975098487 -1.7031594930667338 453.8843299975299 -317.6387551986076 -78.8865590499901 255.90234236318022 -769.1263461138245 -89.08008927469582 575.9118364720587 46.69876319797673 0.0 89.4904386325017; -0.5518778223301049 0.4168432950429161 0.21078145344930557 -0.33800574267012445 1.435175520587093 0.15431814804367544 -0.6987917725510145 0.0015101024446252176 -0.07431346785366912 -0.12081489146451496 0.06564610580845022 -0.07032045693010512 -0.21145566204939262 0.03299893950734915 -0.019235246898886633 0.018549833798798616 0.413794346446853 -0.01564816493650591 0.12052292935371771 -0.026610141132204362 0.2881503016187779 0.06740146653359787 0.3735419416337846 0.009747383292777209 49.9702363651736 -33.75600616531925 -10.789438504891821 26.78624427901329 -82.72665845884623 -10.757086238552796 46.69876319797662 157.95617686187282 0.0 -3.1140305924662095; 0.0 0.0 0.0 0.0 0.0 0.0 0.0 0.0 0.0 0.0 0.0 0.0 0.0 0.0 0.0 0.0 0.0 0.0 0.0 0.0 0.0 0.0 0.0 0.0 0.0 0.0 0.0 0.0 0.0 0.0 0.0 0.0 155.11390926152419 0.0; -3.9597855251208443 3.142943157900887 1.021677653791875 -2.670512752383007 10.471705770703485 0.9131148696184648 -4.915375950825009 -0.3769530112025652 -1.076348682636902 -0.7321204198823483 0.4570392141029866 -1.184249107025138 -0.46709114232112725 0.3440348531330963 -0.6775448843331906 -0.21911447878370752 2.9742533980957235 -0.4223543877510273 0.6312090889981417 -0.39351720153858316 1.4389983704987057 0.44006031647795607 2.743594216193662 -0.3257237645115303 94.03218857442545 -58.96485525018348 -28.144961546221836 45.17901993728356 -148.76086794288503 -23.719709258411505 89.49043863250174 -3.1140305924662 0.0 18.678350445096697]
 * x: [-1.078028675847841, -0.11210926199349129, 1.0056675485160664, 0.11876320756569644, 0.44512786278608213, 0.6688081285436773, -0.9447759152626738, 1.0794185492082737, -0.21604017137028297, -1.1515629935264275, 0.9845462956173298, 0.6058217464447746, -0.6684329467567356, 0.6042420317029066, -0.5055672587423192, 1.1677236881475839, -0.40224368576467623, -0.583810632656117, -0.09447928026440675, -0.20971682152670976, -0.0028898588775952572, -0.43412449890160565, 0.01269777686498899, -0.5414756682328673, -0.10221959842680794, 0.07225802904344951, 0.016735333816674018, -0.05829978351924957, 0.17375333068614618, 0.01957946403890605, -0.09432289202070814, -0.011520335426080509, 0.0, 0.02289630782961506]
bfgs    5   loss 1.696248e-07
n     Energy            log10(ΔE)   log10(Δρ)   Diag   Δtime 
---   ---------------   ---------   ---------   ----   ------
  1   -7.813295619442                   -3.76    1.0    378ms
  2   -7.813295643492       -7.62       -4.64    1.0    449ms
  3   -7.813295644114       -9.21       -5.19    2.3    623ms
  4   -7.813295644140      -10.60       -5.98    2.1    492ms
  5   -7.813295644141      -11.88       -6.85    2.3    672ms
  6   -7.813295644141      -13.88       -7.21    2.7    571ms
  7   -7.813295644141      -14.75       -8.27    1.4    554ms
  8   -7.813295644141      -14.75       -8.98    3.1    566ms
  9   -7.813295644141   +  -14.57       -9.19    2.2    565ms
 10   -7.813295644141   +    -Inf      -10.42    1.2    532ms
n     Energy            log10(ΔE)   log10(Δρ)   Diag   Δtime 
---   ---------------   ---------   ---------   ----   ------
  1   -7.840501443419                   -3.92    1.0    747ms
  2   -7.840501479656       -7.44       -4.71    1.0    794ms
  3   -7.840501480142       -9.31       -5.06    2.1    1.02s
  4   -7.840501480223      -10.09       -5.88    1.4    891ms
  5   -7.840501480225      -11.61       -6.29    2.3    992ms
  6   -7.840501480225      -12.69       -7.29    1.8    927ms
  7   -7.840501480225      -14.01       -7.48    2.8    1.10s
  8   -7.840501480225   +    -Inf       -8.07    1.0    782ms
  9   -7.840501480225   +    -Inf       -8.94    2.0    968ms
 10   -7.840501480225   +  -14.75       -9.08    2.2    1.02s
 11   -7.840501480225   +    -Inf       -9.08    1.0    775ms
 12   -7.840501480225      -14.57       -9.40    1.1    847ms
 13   -7.840501480225   +    -Inf       -9.62    1.0    878ms
 14   -7.840501480225   +  -15.05      -10.43    1.0    842ms
n     Energy            log10(ΔE)   log10(Δρ)   Diag   Δtime 
---   ---------------   ---------   ---------   ----   ------
  1   -7.829102758639                   -3.97    1.0    778ms
  2   -7.829102767757       -8.04       -4.74    1.0    809ms
  3   -7.829102768217       -9.34       -5.10    2.1    1.06s
  4   -7.829102768289      -10.14       -6.00    1.7    983ms
  5   -7.829102768290      -11.75       -6.29    2.4    1.05s
  6   -7.829102768291      -12.53       -7.43    1.9    964ms
  7   -7.829102768291      -13.88       -7.68    3.1    1.25s
  8   -7.829102768291   +  -14.45       -8.50    1.0    834ms
  9   -7.829102768291      -15.05       -8.86    2.0    1.05s
 10   -7.829102768291   +  -14.75       -9.44    1.4    895ms
 11   -7.829102768291      -14.21      -10.10    2.1    940ms
n     Energy            log10(ΔE)   log10(Δρ)   Diag   Δtime 
---   ---------------   ---------   ---------   ----   ------
  1   -7.813295644141                  -11.46    1.0    373ms
n     Energy            log10(ΔE)   log10(Δρ)   Diag   Δtime 
---   ---------------   ---------   ---------   ----   ------
  1   -7.840501480225                  -11.40    1.0    762ms
n     Energy            log10(ΔE)   log10(Δρ)   Diag   Δtime 
---   ---------------   ---------   ---------   ----   ------
  1   -7.829102768291                  -10.80    1.0    761ms
n     Energy            log10(ΔE)   log10(Δρ)   Diag   Δtime 
---   ---------------   ---------   ---------   ----   ------
  1   -7.813295644141                  -11.51    1.0    390ms
n     Energy            log10(ΔE)   log10(Δρ)   Diag   Δtime 
---   ---------------   ---------   ---------   ----   ------
  1   -7.840501480225                  -11.81    1.0    690ms
n     Energy            log10(ΔE)   log10(Δρ)   Diag   Δtime 
---   ---------------   ---------   ---------   ----   ------
  1   -7.829102768291                  -11.14    1.0    768ms
n     Energy            log10(ΔE)   log10(Δρ)   Diag   Δtime 
---   ---------------   ---------   ---------   ----   ------
  1   -7.813295644141                  -11.82    1.0    444ms
n     Energy            log10(ΔE)   log10(Δρ)   Diag   Δtime 
---   ---------------   ---------   ---------   ----   ------
  1   -7.840501480225                  -12.08    1.0    701ms
n     Energy            log10(ΔE)   log10(Δρ)   Diag   Δtime 
---   ---------------   ---------   ---------   ----   ------
  1   -7.829102768291                  -11.51    1.0    760ms
     6     1.675478e-07     2.574356e-05
 * Current step size: 1.0
 * time: 399.93748116493225
 * g(x): [-1.1165328519800437e-7, 8.518976480154634e-8, 2.5398735581075156e-8, -7.719605088278227e-8, 2.8488545874131926e-7, 2.4312841744731785e-8, -1.354689567940931e-7, -1.33829369066751e-8, 2.1427675846985832e-8, -3.6194010865251755e-8, -2.5764865626854237e-9, 8.735310280481964e-9, -8.736188998856382e-8, -3.349323974766382e-9, 3.2463985434578814e-8, 9.022853629202932e-10, 7.539403025742534e-8, 7.630640741895069e-9, 1.0520040452217553e-8, -2.3918758686074767e-10, 7.438961648225944e-8, 7.966388283898985e-9, 6.040110245272217e-8, -7.333575281673446e-9, -1.1829297520931307e-6, 2.788007424439939e-7, 1.2530898089895962e-6, 3.018658554251283e-8, 9.6595778557391e-7, 6.824853030262494e-7, -1.223226580061158e-6, 1.0478928780182626e-6, 0.0, 2.5743562378476487e-5]
 * ~inv(H): [153.72098879707514 1.2221058524596962 0.26651321776837766 -1.0096137449464975 3.974533591224544 0.29149890431792175 -1.7470629661293668 -0.22041546086363728 -0.7205222699453218 -0.17053753775289765 0.19680271784253642 -0.7025292349146642 0.2669627892528453 0.1803064989473873 -0.5700816664051318 -0.17563518619356602 1.1022481922786735 -0.2828108684912152 0.19451349113028354 -0.22074552193087094 0.2792071059865808 0.16186594522865436 1.0600026736233619 -0.21489379202128606 -30.79062259621526 17.020086055672923 12.601729374971697 -12.570394888366737 46.12617365801847 9.39550846272425 -30.34780488916374 4.523486155052487 0.0 -6.6446071250387595; 1.2221058524596944 154.05215029707338 -0.23976021802651315 0.8805634731684809 -3.4595639260450137 -0.2574293211988332 1.5303128580388847 0.18730728521997458 0.5992263346129466 0.1581818232340347 -0.16815847041155077 0.590117044588764 -0.19407579815927758 -0.15229150795923302 0.46818735250640064 0.14616078511846906 -0.9612320186570147 0.23576802987584963 -0.17152773352189823 0.18623226545279079 -0.26534959013993387 -0.14081880201054128 -0.9202001353426279 0.1810150343145026 24.150424872722848 -13.369861898476236 -9.8609522076965 9.876279343541835 -36.1903787767021 -7.35768151844967 23.789289350145363 -3.5268219773607927 0.0 5.198945639433936; 0.26651321776837694 -0.23976021802651293 155.06837577023964 0.19710814203850455 -0.774763326014392 -0.05397899290050748 0.33484918859298746 0.04720329665486042 0.15280080411592248 0.028978293403487447 -0.03854567377356864 0.14717864208427794 -0.06971460039112944 -0.036852832690246626 0.12349457986578932 0.038559086533703414 -0.2132728736111475 0.06010793679775865 -0.035129844140225554 0.045989293928719414 -0.043230611841646296 -0.03102337567871222 -0.2066892259827802 0.04651702313700794 7.7837162309488725 -4.382905987305383 -3.0542263613161293 3.2632715125614005 -11.766580069685286 -2.3148633730087416 7.6393606599511745 -1.004256813324735 0.0 1.6588268275091482; -1.0096137449464964 0.8805634731684805 0.19710814203850446 154.38516703726796 2.8676681009493996 0.21251488769755997 -1.2654351765671925 -0.15600305715857765 -0.5068624728123534 -0.12752907195643187 0.14096504452021347 -0.49649104638738467 0.17431487103872065 0.1280233349071552 -0.39828634911111094 -0.123012146535609 0.796353348750582 -0.1990120953164991 0.14208747709425926 -0.15634825877621536 0.21241107385028998 0.11696409023893066 0.763990291786429 -0.15142558653098184 -20.821789335560986 11.492750176329071 8.55272805769021 -8.48113047713326 31.165850750168257 6.367424680171525 -20.527634360690243 3.0926803678233736 0.0 -4.4954269865636425; 3.9745335912245405 -3.459563926045012 -0.7747633260143918 2.867668100949396 143.84629074224426 -0.8356513316632758 4.977925763589639 0.6139492987944425 1.9659181264966423 0.5101856099584939 -0.5483302074322889 1.9332521497265753 -0.6518911244386039 -0.49805021700509067 1.5391681635429277 0.4803756975503874 -3.1290330034942357 0.773393723599188 -0.556198293307142 0.6097633565335612 -0.8519325071079763 -0.4582451991961546 -2.99742054570752 0.5940071564855544 80.55300207044424 -44.65732371238011 -32.786233343709846 33.00991030929034 -120.79908386912516 -24.493506839974003 79.32490334640458 -11.65169590472271 0.0 17.326481349198758; 0.2914989043179214 -0.2574293211988331 -0.053978992900507505 0.21251488769755994 -0.8356513316632755 155.05351455332158 0.36567287057179865 0.04774065285143782 0.15448224874461694 0.0348248511105464 -0.04121203339565337 0.15030011597797618 -0.06051106983760948 -0.03825736795418658 0.12285331244211922 0.038195983748756 -0.23121845818526443 0.06072533209795762 -0.03991599149671864 0.047182436625326445 -0.05577376638358063 -0.03380770780153653 -0.22269801262069105 0.04662807159180775 7.023813425075326 -3.9189173651927027 -2.81596315042413 2.9058628611127997 -10.56905666559032 -2.116254370270255 6.907716187689882 -0.9699403827436237 0.0 1.5056872928071237; -1.747062966129367 1.5303128580388845 0.33484918859298834 -1.2654351765671943 4.977925763589635 0.3656728705717989 152.9235981761566 -0.2756369926856659 -0.8944341269117018 -0.21639410759746483 0.24512025946676372 -0.8740959346575243 0.3237306712253959 0.2243635790795677 -0.7059805651706468 -0.2185922657232724 1.3807271986745813 -0.351391576357353 0.24354530290098045 -0.274924250493945 0.355544161439313 0.20248928480869074 1.3265092695058815 -0.26819319918385975 -38.0144242054675 21.049846600890557 15.502604250833222 -15.556441497709992 56.9893068073963 11.573852853953175 -37.45031421966068 5.527352788948149 0.0 -8.190612025134818; -0.220415460863637 0.1873072852199745 0.04720329665486041 -0.15600305715857762 0.6139492987944424 0.04774065285143781 -0.2756369926856659 155.08375008767598 -0.0973291973593955 -0.031164814535587834 0.02966548884398757 -0.09718772117084841 0.021440322048375773 0.02575050072616572 -0.07406156393837647 -0.022772418947824762 0.1716836578073978 -0.03818252882661872 0.032447994247842 -0.030874082133452427 0.05527145791489226 0.02536190516670236 0.16319913893138666 -0.02874966558303367 -3.0398915481253352 1.6315611871495714 1.3260641405605498 -1.1881580348485536 4.486859453845662 0.9649386840477548 -3.014905788656924 0.5339801410646339 0.0 -0.6672571979317482; -0.7205222699453216 0.5992263346129463 0.1528008041159225 -0.5068624728123534 1.9659181264966419 0.15448224874461716 -0.8944341269117014 -0.09732919735939562 154.83447498824773 -0.11205218883575696 0.08989560780506349 -0.29211038807430484 0.03157749255866148 0.07754635045307504 -0.20471877546516246 -0.06970577175477422 0.5523656029634819 -0.11254742411770759 0.10240102805701877 -0.09382839585986578 0.19826834153195796 0.08017462960332111 0.5195380791198149 -0.09071322429027451 -5.471040239357106 2.7978889488808507 2.623570210059188 -1.9818090902589915 7.847410309335933 1.8454055425682234 -5.464934645866409 1.2217538753861212 0.0 -1.2243337266593028; -0.17053753775289726 0.15818182323403474 0.02897829340348746 -0.12752907195643223 0.5101856099584945 0.034824851110546444 -0.21639410759746444 -0.031164814535587858 -0.11205218883575695 155.09910740500146 0.027121886779597308 -0.10404951466049639 0.05952227175932309 0.02604953692279652 -0.09282154727318544 -0.026803842359262222 0.1395705876954298 -0.04317307778022303 0.023436782973327575 -0.03218188632852886 0.020649392454653043 0.02074692963523277 0.1371973640345658 -0.031439283151842336 -6.549440212119702 3.690731426426665 2.562327785932397 -2.7514623371121614 9.917638862175998 1.9442795308136218 -6.431841026412831 0.8341495938375226 0.0 -1.398691655028755; 0.19680271784253658 -0.1681584704115508 -0.038545673773568656 0.14096504452021344 -0.5483302074322892 -0.04121203339565343 0.24512025946676402 0.029665488843987613 0.08989560780506356 0.027121886779597315 155.08774834057246 0.09092779429118954 -0.025534965624964524 -0.02357067193685314 0.06908813658678907 0.022689990605423427 -0.15316815994198507 0.035976159632390536 -0.027172356809710186 0.028813773535347514 -0.04538280229669246 -0.022265998520827508 -0.14577208577225226 0.028397147086550112 2.734254129656474 -1.452816390163885 -1.2152328503298377 1.0524940803854088 -4.009459782661231 -0.8787495584889639 2.7150440020418065 -0.5055454640046178 0.0 0.6034600858620668; -0.702529234914663 0.5901170445887636 0.14717864208427794 -0.4964910463873845 1.9332521497265738 0.15030011597797602 -0.874095934657524 -0.09718772117084841 -0.2921103880743048 -0.10404951466049638 0.09092779429118947 154.81416286012706 0.0539072292631923 0.07923418946092572 -0.2187095005006472 -0.07181917715977523 0.5423216511234902 -0.11678640852135305 0.10034688665449451 -0.09565221536356726 0.18201645047643666 0.07917979259926837 0.5128311248645443 -0.09173567871260051 -6.8929099728363745 3.548891890814683 3.254913595038562 -2.5292155596928914 9.946010108501124 2.302614674837956 -6.885986166903408 1.479757392488266 0.0 -1.5466158551209248; 0.2669627892528454 -0.1940757981592774 -0.06971460039112941 0.17431487103872056 -0.6518911244386036 -0.06051106983760946 0.32373067122539584 0.021440322048375773 0.03157749255866147 0.05952227175932305 -0.025534965624964524 0.05390722926319223 155.18144308092758 -0.017346955772566838 0.006554008730904137 0.008939429225382682 -0.19059703507705034 0.01590943057637397 -0.04049165002567511 0.019061220747254002 -0.11403956609542937 -0.02731776783994015 -0.17035011038825937 0.016496286502886055 -7.6471569756477145 4.695798097107329 2.357397619204708 -3.6301194372373997 12.12866122849347 1.9780601068341965 -7.368509144032546 0.29370782789512173 0.0 -1.5399050104870016; 0.1803064989473871 -0.15229150795923294 -0.0368528326902466 0.12802333490715506 -0.4980502170050896 -0.038257367954186564 0.22436357907956772 0.02575050072616572 0.07754635045307501 0.02604953692279655 -0.023570671936853124 0.07923418946092567 -0.017346955772566845 155.0931121927266 0.05863880366010767 0.019295171516043395 -0.1395537581363821 0.03104830901840578 -0.025426983938712046 0.02521411169697958 -0.044823167891709204 -0.020341636443984616 -0.13226544152037936 0.024440406058324732 1.9731110265001361 -1.0220801020705825 -0.9206154125738633 0.7309954875018767 -2.8562540624962214 -0.6541481639205023 1.9689881975399277 -0.4115860985617747 0.0 0.441684213272031; -0.5700816664051317 0.46818735250640037 0.12349457986578927 -0.39828634911111105 1.5391681635429273 0.12285331244211926 -0.7059805651706468 -0.07406156393837648 -0.20471877546516243 -0.09282154727318553 0.06908813658678904 -0.2187095005006473 0.0065540087309041576 0.058638803660107694 154.96774423194898 -0.05146838218623208 0.43386835870139406 -0.08316710134642573 0.08133580065414243 -0.0706856123464333 0.1661899044271789 0.062812602685809 0.40598367575581235 -0.06818463979206925 -2.3922119288216757 1.0909363660099067 1.37068710446753 -0.719970623954625 3.2299514834193643 0.9093436455132929 -2.4329919428355886 0.7767245990798562 0.0 -0.5620302043318315; -0.17563518619356583 0.14616078511846894 0.03855908653370336 -0.12301214653560896 0.4803756975503875 0.03819598374875596 -0.21859226572327217 -0.022772418947824773 -0.06970577175477417 -0.026803842359262205 0.02268999060542341 -0.07181917715977523 0.008939429225382678 0.01929517151604339 -0.05146838218623208 155.09734328765427 0.1351565121142565 -0.027741365823795914 0.025866783930457563 -0.022983108229143713 0.048104266535017565 0.01987336200459448 0.12748976949947705 -0.021360071367197916 -1.301695080145074 0.6331504019705722 0.6755047721073 -0.4380284940098006 1.8286453347575304 0.46272710548839113 -1.31508348584824 0.34404256272556494 0.0 -0.3016058742139587; 1.1022481922786729 -0.9612320186570157 -0.21327287361114755 0.7963533487505834 -3.129033003494231 -0.23121845818526435 1.3807271986745815 0.17168365780739792 0.552365602963482 0.1395705876954298 -0.15316815994198515 0.5423216511234897 -0.19059703507705059 -0.1395537581363822 0.4338683587013941 0.13515651211425658 154.2450587307461 0.21736345070755544 -0.1539453998787326 0.17083325500788857 -0.23124425081351402 -0.12731594735232601 -0.8332477913534309 0.16651651513644752 22.63437166316537 -12.504166468293391 -9.28021786744856 9.230009967501333 -33.88733663011724 -6.913999377807316 22.307884909354875 -3.345133932794644 0.0 4.882467526869332; -0.2828108684912153 0.23576802987584963 0.06010793679775866 -0.1990120953164994 0.7733937235991887 0.06072533209795767 -0.35139157635735285 -0.03818252882661875 -0.11254742411770759 -0.04317307778022311 0.0359761596323905 -0.11678640852135307 0.01590943057637397 0.031048309018405794 -0.08316710134642574 -0.02774136582379593 0.21736345070755544 155.06873117992444 0.04052221699943096 -0.03739625205545627 0.07621302435528249 0.03169101711014125 0.20490223042480615 -0.03578797962788689 -2.2068161464496625 1.1018318493680321 1.0995770204751585 -0.7720466991215444 3.1334686766198385 0.7635746791998065 -2.2164160593335365 0.535832598681336 0.0 -0.5025860081540855; 0.1945134911302834 -0.17152773352189848 -0.03512984414022556 0.14208747709425942 -0.5561982933071417 -0.03991599149671863 0.2435453029009805 0.03244799424784199 0.10240102805701877 0.023436782973327602 -0.02717235680971015 0.10034688665449462 -0.040491650025675105 -0.02542698393871206 0.08133580065414239 0.02586678393045758 -0.15394539987873282 0.04052221699943096 155.0878223231085 0.031521414234911754 -0.03692184118230158 -0.02237420163577259 -0.1481206777647162 0.03163177444511077 4.528560967276061 -2.521054620205256 -1.8246937580206004 1.8671257341868295 -6.803800089391875 -1.3687602432943955 4.4547985651897655 -0.6356713280991395 0.0 0.9717355651210369; -0.22074552193087085 0.18623226545279079 0.04598929392871942 -0.1563482587762153 0.609763356533561 0.04718243662532649 -0.2749242504939448 -0.030874082133452437 -0.0938283958598659 -0.032181886328528884 0.02881377353534751 -0.09565221536356731 0.019061220747254033 0.02521411169697959 -0.0706856123464333 -0.022983108229143713 0.17083325500788835 -0.03739625205545624 0.03152141423491173 155.08343110836563 0.05613101478247226 0.024965120314026562 0.16180174867447275 -0.0292352624015961 -2.457722918593322 1.288872692667732 1.1219358538848256 -0.9272705923105359 3.580149041580772 0.8032241970763113 -2.4468442878199017 0.4860974733761536 0.0 -0.5459070343122685; 0.2792071059865806 -0.2653495901399336 -0.04323061184164647 0.21241107385029084 -0.8519325071079761 -0.05577376638358064 0.3555441614393129 0.05527145791489239 0.19826834153195833 0.02064939245465319 -0.04538280229669247 0.18201645047643686 -0.11403956609542938 -0.04482316789170927 0.16618990442717882 0.048104266535017606 -0.23124425081351416 0.07621302435528245 -0.036921841182301664 0.05613101478247228 155.08899445806327 -0.0341916247120684 -0.22886142654123 0.056080623096701206 13.025685567925775 -7.442054557172841 -4.932781374522328 5.579561596567559 -19.857830494750843 -3.791469060791062 12.75032095796168 -1.4863178961466632 0.0 2.7534411750442898; 0.16186594522865425 -0.14081880201054117 -0.03102337567871222 0.1169640902389307 -0.4582451991961543 -0.033807707801536545 0.20248928480869074 0.025361905166702396 0.0801746296033211 0.020746929635232766 -0.02226599852082752 0.07917979259926836 -0.02731776783994017 -0.020341636443984613 0.06281260268580897 0.01987336200459448 -0.127315947352326 0.03169101711014124 -0.022374201635772615 0.02496512031402656 -0.03419162471206832 155.09531974692527 -0.12195079843670012 0.024544766859600838 3.1818965155865686 -1.7533650664057825 -1.3119378311376564 1.2925350741330521 -4.756172810048851 -0.9753813791516253 3.1371146226807647 -0.47840646050876207 0.0 0.6871815328918821; 1.0600026736233603 -0.920200135342627 -0.20668922598277997 0.7639902917864304 -2.997420545707515 -0.2226980126206912 1.3265092695058798 0.16319913893138677 0.5195380791198148 0.137197364034566 -0.145772085772252 0.5128311248645446 -0.1703501103882595 -0.13226544152037933 0.4059836757558119 0.127489769499477 -0.8332477913534307 0.20490223042480601 -0.14812067776471619 0.16180174867447275 -0.2288614265412303 -0.12195079843670012 154.31627842983886 0.15775672472648755 20.378124791186117 -11.220008700032482 -8.41843052378186 8.268285578079215 -30.451926843278518 -6.25386055211224 20.096506858207846 -3.080368246600782 0.0 4.4035149989370135; -0.21489379202128586 0.18101503431450253 0.04651702313700789 -0.15142558653098193 0.5940071564855532 0.04662807159180774 -0.2681931991838596 -0.028749665583033684 -0.09071322429027451 -0.03143928315184229 0.028397147086550112 -0.09173567871260052 0.01649628650288606 0.02444040605832472 -0.06818463979206918 -0.021360071367197902 0.16651651513644744 -0.03578797962788685 0.03163177444511074 -0.029235262401596074 0.05608062309670119 0.02454476685960084 0.15775672472648747 155.0866940803077 -2.3980380105341914 1.2565931246666828 1.096389115141613 -0.9042569928684172 3.4959970714266184 0.7843256703568031 -2.389394166475806 0.47523308813408716 0.0 -0.5335903962792319; -30.790622596215265 24.15042487272284 7.7837162309488725 -20.82178933556099 80.55300207044425 7.023813425075325 -38.01442420546749 -3.039891548125335 -5.471040239357106 -6.549440212119702 2.7342541296564735 -6.892909972836376 -7.647156975647713 1.9731110265001355 -2.392211928821674 -1.301695080145073 22.634371663165368 -2.2068161464496616 4.528560967276061 -2.457722918593322 13.025685567925775 3.1818965155865686 20.37812479118611 -2.398038010534191 716.080821307987 -358.2131907612072 -151.00024231753895 280.83071155855265 -908.2390197658569 -134.94849228047585 535.058613003507 1.7105831656710389 0.0 117.66270237901749; 17.020086055672927 -13.369861898476236 -4.382905987305383 11.492750176329073 -44.65732371238012 -3.9189173651927023 21.04984660089056 1.631561187149571 2.7978889488808543 3.690731426426664 -1.4528163901638858 3.5488918908146845 4.695798097107328 -1.0220801020705825 1.0909363660099063 0.6331504019705719 -12.504166468293393 1.1018318493680324 -2.521054620205257 1.2888726926677323 -7.44205455717284 -1.7533650664057823 -11.220008700032482 1.2565931246666828 -358.2131907612076 384.9335947854133 94.97426335555629 -180.3109593907736 580.8704177982571 85.47415296994606 -341.04122037450657 -2.5118194459285093 0.0 -68.21804276939424; 12.6017293749717 -9.8609522076965 -3.0542263613161302 8.552728057690212 -32.78623334370986 -2.81596315042413 15.50260425083322 1.3260641405605498 2.623570210059188 2.5623277859323976 -1.2152328503298375 3.2549135950385626 2.357397619204708 -0.9206154125738633 1.3706871044675297 0.6755047721073001 -9.280217867448561 1.0995770204751587 -1.8246937580206004 1.1219358538848259 -4.932781374522327 -1.3119378311376566 -8.41843052378186 1.0963891151416132 -151.00024231753892 94.97426335555623 197.63836752861607 -74.3134246037615 243.40443080328026 37.24072736280509 -144.92086244148516 1.3441575538042514 0.0 -43.54837301431491; -12.570394888366748 9.876279343541839 3.2632715125614014 -8.481130477133263 33.00991030929036 2.9058628611128015 -15.556441497710004 -1.1881580348485539 -1.981809090258994 -2.751462337112162 1.0524940803854097 -2.5292155596928936 -3.6301194372373997 0.7309954875018769 -0.719970623954625 -0.43802849400980043 9.230009967501335 -0.7720466991215456 1.8671257341868301 -0.927270592310536 5.57956159656756 1.2925350741330521 8.268285578079219 -0.9042569928684174 280.83071155855265 -180.31095939077363 -74.31342460376158 296.5753148497993 -455.4258334051665 -66.9345683555638 267.25974235163886 2.0902425002797664 0.0 51.01208701167779; 46.12617365801851 -36.19037877670211 -11.766580069685284 31.165850750168275 -120.7990838691252 -10.569056665590324 56.98930680739629 4.486859453845663 7.847410309335939 9.917638862176 -4.009459782661232 9.94601010850113 12.12866122849347 -2.8562540624962223 3.229951483419363 1.8286453347575307 -33.887336630117254 3.1334686766198394 -6.803800089391877 3.5801490415807726 -19.85783049475084 -4.756172810048853 -30.451926843278525 3.4959970714266184 -908.2390197658561 580.8704177982568 243.40443080328035 -455.4258334051661 1626.1077578380173 217.9526217374809 -865.6742011881735 -3.755320004161856 0.0 -179.90448112952632; 9.39550846272425 -7.357681518449671 -2.314863373008741 6.367424680171526 -24.493506839974003 -2.1162543702702554 11.573852853953174 0.964938684047755 1.8454055425682234 1.944279530813622 -0.878749558488964 2.302614674837956 1.9780601068341968 -0.6541481639205025 0.9093436455132929 0.46272710548839086 -6.913999377807318 0.7635746791998067 -1.3687602432943955 0.8032241970763113 -3.791469060791062 -0.975381379151625 -6.25386055211224 0.7843256703568031 -134.94849228047573 85.474152969946 37.240727362805096 -66.93456835556373 217.95262173748065 188.02254402038517 -129.1406546989544 0.4729779802713842 0.0 -33.60922631564342; -30.347804889163744 23.78928935014536 7.639360659951171 -20.527634360690236 79.32490334640457 6.90771618768988 -37.450314219660676 -3.0149057886569226 -5.464934645866408 -6.43184102641283 2.715044002041805 -6.885986166903405 -7.368509144032545 1.968988197539926 -2.432991942835587 -1.3150834858482383 22.307884909354872 -2.216416059333537 4.454798565189763 -2.4468442878199013 12.750320957961678 3.1371146226807634 20.096506858207835 -2.389394166475806 535.0586130035083 -341.0412203745067 -144.92086244148516 267.25974235163903 -865.6742011881735 -129.1406546989545 665.7929631960408 0.7310916526361358 0.0 114.603898484543; 4.5234861550524865 -3.526821977360793 -1.0042568133247352 3.0926803678233736 -11.651695904722711 -0.9699403827436239 5.527352788948148 0.5339801410646339 1.221753875386121 0.8341495938375227 -0.5055454640046176 1.4797573924882659 0.2937078278951218 -0.4115860985617747 0.7767245990798564 0.34404256272556494 -3.345133932794643 0.5358325986813359 -0.6356713280991394 0.4860974733761536 -1.4863178961466632 -0.47840646050876207 -3.0803682466007825 0.47523308813408716 1.710583165670995 -2.5118194459284253 1.3441575538042612 2.0902425002797487 -3.7553200041616472 0.47297798027139937 0.7310916526360287 156.8348728335259 0.0 -12.489305214982299; 0.0 0.0 0.0 0.0 0.0 0.0 0.0 0.0 0.0 0.0 0.0 0.0 0.0 0.0 0.0 0.0 0.0 0.0 0.0 0.0 0.0 0.0 0.0 0.0 0.0 0.0 0.0 0.0 0.0 0.0 0.0 0.0 155.11390926152419 0.0; -6.644607125038762 5.198945639433936 1.6588268275091484 -4.4954269865636425 17.32648134919876 1.5056872928071237 -8.190612025134822 -0.6672571979317481 -1.224333726659304 -1.398691655028755 0.6034600858620668 -1.5466158551209253 -1.5399050104870016 0.4416842132720309 -0.562030204331831 -0.3016058742139587 4.882467526869332 -0.5025860081540858 0.9717355651210373 -0.5459070343122685 2.7534411750442898 0.687181532891882 4.403514998937014 -0.5335903962792321 117.6627023790176 -68.21804276939429 -43.54837301431494 51.012087011677835 -179.90448112952646 -33.6092263156434 114.60389848454304 -12.48930521498229 0.0 25.20681673659036]
 * x: [-1.0779226283571326, -0.1121916273168969, 1.0056421674729659, 0.11883490224865331, 0.444854499219186, 0.6687846402115476, -0.9446458444997482, 1.0794296851875111, -0.21601372915550965, -1.1515428482640284, 0.9845345457888314, 0.6058535911286316, -0.668421434784219, 0.6042329056430752, -0.5055512648028174, 1.1677303826471876, -0.4023221316283912, -0.5837993609058354, -0.0944950099487308, -0.20970624986046912, -0.002927381907936892, -0.4341358539012183, 0.012625807481091069, -0.5414659876882287, -0.10322570782782758, 0.07290222229304154, 0.016999531354107724, -0.05880720736775756, 0.17539077479662094, 0.019818801443876412, -0.09528431281258315, -0.01153192496211991, 0.0, 0.02269855204850348]
bfgs    6   loss 1.675478e-07
n     Energy            log10(ΔE)   log10(Δρ)   Diag   Δtime 
---   ---------------   ---------   ---------   ----   ------
  1   -7.813479774029                   -3.98    1.0    363ms
  2   -7.813479783144       -8.04       -4.87    1.0    432ms
  3   -7.813479783326       -9.74       -5.38    2.5    570ms
  4   -7.813479783337      -10.94       -6.34    1.8    521ms
  5   -7.813479783338      -12.53       -7.08    2.6    640ms
  6   -7.813479783338      -14.15       -8.03    2.4    556ms
  7   -7.813479783338   +  -15.05       -8.60    2.9    653ms
  8   -7.813479783338   +  -14.75       -9.55    2.0    532ms
  9   -7.813479783338   +    -Inf      -10.12    2.8    665ms
n     Energy            log10(ΔE)   log10(Δρ)   Diag   Δtime 
---   ---------------   ---------   ---------   ----   ------
  1   -7.840691212807                   -4.17    1.0    781ms
  2   -7.840691215547       -8.56       -4.95    1.0    793ms
  3   -7.840691215466   +  -10.09       -5.44    2.1    984ms
  4   -7.840691215548      -10.08       -6.03    2.0    909ms
  5   -7.840691215535   +  -10.88       -6.62    1.8    963ms
  6   -7.840691215539      -11.36       -7.17    2.0    970ms
  7   -7.840691215538   +  -12.08       -8.21    1.8    903ms
  8   -7.840691215538   +  -13.28       -8.57    2.6    1.07s
  9   -7.840691215538   +  -13.51       -9.15    1.5    928ms
 10   -7.840691215538   +  -13.77       -9.75    2.0    963ms
 11   -7.840691215538      -14.27      -10.30    1.7    909ms
n     Energy            log10(ΔE)   log10(Δρ)   Diag   Δtime 
---   ---------------   ---------   ---------   ----   ------
  1   -7.829295993176                   -4.22    1.0    730ms
  2   -7.829295996438       -8.49       -5.03    1.0    835ms
  3   -7.829295996570       -9.88       -5.52    2.1    971ms
  4   -7.829295996581      -10.93       -6.13    2.0    911ms
  5   -7.829295996582      -12.46       -6.73    1.9    1.01s
  6   -7.829295996582      -13.47       -7.21    2.1    972ms
  7   -7.829295996582   +    -Inf       -8.59    1.7    877ms
  8   -7.829295996582   +  -15.05       -8.68    3.2    1.19s
  9   -7.829295996582   +  -15.05       -9.18    1.0    833ms
 10   -7.829295996582      -14.75      -10.38    1.8    841ms
n     Energy            log10(ΔE)   log10(Δρ)   Diag   Δtime 
---   ---------------   ---------   ---------   ----   ------
  1   -7.813479783338                  -11.34    1.0    376ms
n     Energy            log10(ΔE)   log10(Δρ)   Diag   Δtime 
---   ---------------   ---------   ---------   ----   ------
  1   -7.840691215538                  -11.20    1.0    751ms
n     Energy            log10(ΔE)   log10(Δρ)   Diag   Δtime 
---   ---------------   ---------   ---------   ----   ------
  1   -7.829295996582                  -10.89    1.0    750ms
n     Energy            log10(ΔE)   log10(Δρ)   Diag   Δtime 
---   ---------------   ---------   ---------   ----   ------
  1   -7.813479783338                  -11.80    1.0    405ms
n     Energy            log10(ΔE)   log10(Δρ)   Diag   Δtime 
---   ---------------   ---------   ---------   ----   ------
  1   -7.840691215538                  -11.64    1.0    764ms
n     Energy            log10(ΔE)   log10(Δρ)   Diag   Δtime 
---   ---------------   ---------   ---------   ----   ------
  1   -7.829295996582                  -11.22    1.0    692ms
n     Energy            log10(ΔE)   log10(Δρ)   Diag   Δtime 
---   ---------------   ---------   ---------   ----   ------
  1   -7.813479783338                  -12.09    1.0    419ms
n     Energy            log10(ΔE)   log10(Δρ)   Diag   Δtime 
---   ---------------   ---------   ---------   ----   ------
  1   -7.840691215538                  -11.99    1.0    674ms
n     Energy            log10(ΔE)   log10(Δρ)   Diag   Δtime 
---   ---------------   ---------   ---------   ----   ------
  1   -7.829295996582                  -11.70    1.0    759ms
     7     1.669031e-07     1.049454e-05
 * Current step size: 1.0
 * time: 443.1867871284485
 * g(x): [6.713258310646685e-8, -5.751806326707838e-8, -1.5205358060687973e-8, 4.5579197224996654e-8, -1.8613324059993857e-7, -1.4669819106217163e-8, 8.483145794597426e-8, 7.6350839827103e-9, 7.920106158715176e-8, -5.684612084660538e-9, -2.4611467852117896e-8, 7.292121198178122e-8, -8.435735143284636e-8, -2.128422784000212e-8, 7.230625540867843e-8, 1.5093521258112335e-8, -5.9101011600688755e-8, 3.1602400980808284e-8, -1.5878672239340585e-8, 2.0561923004762804e-8, 1.9633741843635874e-8, -1.1726265931760293e-8, -6.485488451546073e-8, 1.1754664941100028e-8, 9.168998372010605e-7, 5.097065491488144e-7, -2.045218779464297e-6, -7.320853079472491e-7, 3.935981306907139e-8, -1.0396279657394817e-6, 1.2960406826470706e-6, -1.915807025820495e-6, 0.0, -1.0494543836794823e-5]
 * ~inv(H): [160.603307567607 -3.9321738893985816 -1.3310518258466293 3.708364085899906 -13.318102591066278 -1.212122445678072 6.571365009462678 0.5639179878564227 -2.2886852929921404 2.1213517236865123 0.39485676309085554 -1.4128709047399426 5.905732028624274 0.42895467212514754 -2.8097309067811778 -0.27205991642710453 -3.495270600480367 -0.8367403059120379 -0.4520482743027523 -0.25637397557378083 -4.442663388486428 -0.31766842505756204 -2.5854539730398463 0.19205402386489423 -88.94744083716886 17.3623032831499 85.64407611808237 -3.68496155169899 94.80091101079151 50.03617270050429 -101.80171924249971 64.45946073993326 0.0 -29.87891541743925; -3.932173889398583 157.91097420956982 0.9562462257384945 -2.6532562096261625 9.488004826470949 0.8684666472265353 -4.698609129851975 -0.4005598548476285 1.795132845967816 -1.56468047450345 -0.3228347643079572 1.140136659940407 -4.448827848670553 -0.3440145099443368 2.166936473296146 0.22172513180365253 2.4786712430209272 0.6589764778448503 0.3101664871007711 0.21760601283813938 3.285830721666204 0.21660531301909727 1.803205325262027 -0.12240137142851011 67.69041230131268 -13.37632508456761 -64.93646450292515 2.965248837768685 -72.31986526501966 -37.965468193680174 77.39171152433926 -48.80934632594259 0.0 22.673398686095467; -1.3310518258466302 0.9562462257384949 155.43906595953356 -0.8982079970177574 3.2382451075394942 0.29498675385877177 -1.5957779239873588 -0.13501755666135298 0.5240177032564229 -0.5051851286745873 -0.08664904021557199 0.31811560321655713 -1.3892804469698892 -0.09641732336357582 0.6505660329266972 0.062065436603596744 0.8528397383945783 0.19149381023762657 0.11410663398025435 0.05583291232736442 1.0578339610203582 0.07971652625812896 0.6372568266130205 -0.047492225482667225 21.278530572566336 -4.378553074439628 -20.134326890981527 1.1146748336254002 -22.956648200243077 -11.806082485088194 24.255665520554015 -15.04960289166643 0.0 7.076900392310714; 3.7083640858999076 -2.6532562096261643 -0.898207997017758 157.6192867876924 -8.987902618767011 -0.8183158478278411 4.437332184234009 0.3815127104290174 -1.574434853163078 1.4413847165323728 0.27453700942627773 -0.9772029196064662 4.028808982708167 0.29657085379345827 -1.9261923269246484 -0.18795358687268515 -2.356470914692349 -0.5758480428414289 -0.3020190979854778 -0.1791484205314539 -3.0193765738705003 -0.2123579475403609 -1.7373806043101785 0.12801441953140402 -60.69459342175642 11.813831752926177 58.49573605011659 -2.4787978599926714 64.64552711184241 34.16816354611631 -69.47987375404568 44.043169129427305 0.0 -20.397462322688938; -13.31810259106628 9.48800482647095 3.238245107539493 -8.98790261876701 187.2883618884385 2.9419105637111103 -15.920952261821602 -1.357918943454362 5.958453683582168 -5.264119968084131 -1.0614358849415126 3.7620037867561487 -14.897404742330941 -1.1362232277968476 7.21878404299248 0.7308165641826156 8.414849284136258 2.185578420539708 1.0622093388000824 0.7107128133641016 11.048612299297371 0.7424827718522804 6.145807670554335 -0.4251998689227304 226.64330050263175 -44.90852501899857 -217.22227299333142 10.059090881394791 -242.3111892950942 -127.02538879647588 259.0791571242419 -163.21145878724235 0.0 75.88546948425768; -1.2121224456780728 0.8684666472265354 0.29498675385877177 -0.818315847827841 2.941910563711112 155.3819918186251 -1.4515744774263626 -0.12368579884255877 0.5002353453109752 -0.4668397372613005 -0.08541234837123723 0.30813437389984444 -1.2971030917870132 -0.09338764084934383 0.6153035345777379 0.05975325276765359 0.7727524678296374 0.18297050820422256 0.10097214627460888 0.055653578639179614 0.9780234995656818 0.07070898989296916 0.5727599711047129 -0.04208199605428624 19.727543600473073 -3.9570865735631044 -18.828589813817523 0.927022220637434 -21.155883142859736 -11.020362204936543 22.53178089140302 -14.122448103293106 0.0 6.592651705456917; 6.571365009462679 -4.698609129851976 -1.5957779239873577 4.437332184234006 -15.920952261821611 -1.451574477426362 162.97720300529167 0.6726780324320405 -2.804420980910565 2.5581051252864637 0.48881738736935293 -1.7449177800348585 7.160724714604198 0.5286385025744412 -3.4275402129074073 -0.33741452579101466 -4.173928948215626 -1.0265902860623464 -0.5362152922919639 -0.321175259608507 -5.361745414919106 -0.37594778079609464 -3.0750541265803144 0.2227511988582613 -108.29670277607717 21.293685556825782 104.03988127001371 -4.642536354238085 115.60076319908651 60.81130421661092 -123.87504381300727 78.2387469216924 0.0 -36.32336793093142; 0.563917987856423 -0.40055985484762846 -0.13501755666135296 0.38151271042901747 -1.357918943454362 -0.1236857988425588 0.6726780324320405 155.1729675751591 -0.2683194229454793 0.22771572332233378 0.049953532266609146 -0.171658040439648 0.6526275468823508 0.052107856662100514 -0.32159265401410625 -0.0325569284054573 -0.3534352463125256 -0.09830434806625347 -0.042144662927816025 -0.03324806186094019 -0.47749500502634246 -0.029901150106874455 -0.254671510221538 0.018114077356789725 -9.672894950053896 1.7603718766094156 9.51616932296027 -0.26778203290199637 10.150411141630531 5.534899503832371 -11.125897842861011 7.222317309088494 0.0 -3.288553726780895; -2.2886852929921404 1.7951328459678157 0.5240177032564229 -1.5744348531630783 5.958453683582168 0.5002353453109755 -2.8044209809105647 -0.2683194229454794 154.83659999758623 -0.5279726725972623 0.14975792399076335 -0.42839512301858673 -0.7277182023616741 0.11192612479324 -0.0488611307183297 -0.10312472772315782 1.6537066421382154 -0.12457477740669459 0.2914897998896055 -0.16326567952333546 1.0279067484749778 0.21765849045540503 1.4615327704008616 -0.20581307422917589 8.02148717443927 -1.4104365919406017 -7.854054733051002 0.23567323640108737 -8.596791860079309 -4.582069104863773 9.337578217741187 -5.896126078206952 0.0 2.84785752898643; 2.1213517236865136 -1.5646804745034502 -0.5051851286745874 1.4413847165323728 -5.264119968084134 -0.46683973726130057 2.558105125286465 0.2277157233223338 -0.5279726725972622 155.8305216242346 0.061656263150813954 -0.2513784525913684 1.7800254513581069 0.08160842327145207 -0.7325734965899141 -0.04233810641088098 -1.407548770171542 -0.18626656919365736 -0.20437501890655116 -0.0208368821663499 -1.4780897284058632 -0.14738870138713384 -1.1101077721938428 0.11077503764021551 -25.988516426747225 5.040766635840854 25.04116632634607 -1.0620183413807331 27.72898428316644 14.630357944369957 -29.784318850166507 18.83667128721666 0.0 -8.770322752625539; 0.39485676309085554 -0.32283476430795727 -0.086649040215572 0.2745370094262778 -1.0614358849415126 -0.0854123483712373 0.4888173873693534 0.0499535322666092 0.1497579239907634 0.06165626315081404 155.06241389112057 0.15861296397544278 -0.01860516086886782 -0.043324361123635975 0.1094106006335978 0.03628779215457224 -0.30136839637131646 0.06089864290967082 -0.058124563965070236 0.05071306883339956 -0.10847372945451443 -0.04440724294822108 -0.2835960719022182 0.04672186336932149 0.9893449821890044 -0.2220785366432336 -0.9356940358285717 0.05428125320753462 -1.0263028028989631 -0.5465291798867641 1.0958396359231348 -0.7135471076277177 0.0 0.2960035289465534; -1.4128709047399415 1.1401366599404066 0.31811560321655713 -0.9772029196064658 3.7620037867561464 0.3081343738998441 -1.744917780034858 -0.1716580404396479 -0.4283951230185867 -0.2513784525913684 0.1586129639754427 154.63722561040092 -0.08697085802641534 0.12998422711855812 -0.2850740872816509 -0.10836025099412139 1.0619842270246715 -0.1756525437768332 0.20213892959036275 -0.15707376223425412 0.46266726318748086 0.15236129673860405 0.9825647060454406 -0.15251922933297238 -0.6878772224175079 0.046614777997180626 0.8911381596322595 0.11442227640460217 0.42853737539788156 0.48568045986483566 -0.7521093858499563 0.7821566985299677 0.0 -0.17413509416543654; 5.905732028624275 -4.448827848670552 -1.389280446969889 4.028808982708167 -14.897404742330943 -1.297103091787013 7.160724714604198 0.6526275468823508 -0.727718202361674 1.7800254513581066 -0.018605160868867786 -0.08697085802641555 159.02381987459358 0.051681697454303996 -1.3039815665456542 0.011889723486739263 -4.036969757622014 -0.23339431916271325 -0.6320246730588994 0.10461803645378862 -3.6183735973381914 -0.46195949595904606 -3.3218863953865116 0.3830191065677777 -55.6527345604327 11.087272775375139 53.07989691672207 -2.6265508946939935 59.92925331564152 31.084379143427796 -63.72400508366006 39.72551599582484 0.0 -18.76828528018914; 0.42895467212514726 -0.34401450994433663 -0.0964173233635758 0.29657085379345816 -1.1362232277968465 -0.0933876408493438 0.5286385025744411 0.05210785666210051 0.11192612479323996 0.0816084232714521 -0.043324361123635954 0.12998422711855806 0.05168169745430398 155.0787629585504 0.06857117029183875 0.03000799106416618 -0.3194389921218183 0.046467459648954816 -0.05949133853921943 0.04380452053018854 -0.15230098540209824 -0.04489938946690118 -0.2925131422755995 0.044877655831955 -0.18984853355863296 0.04890163336146257 0.13810363897087585 -0.03523687420107002 0.2744009012414419 0.08812331534913061 -0.23358511301563908 0.07791366328960839 0.0 -0.08457828056628515; -2.8097309067811778 2.1669364732961456 0.6505660329266972 -1.9261923269246486 7.218784042992479 0.6153035345777379 -3.4275402129074073 -0.32159265401410625 -0.04886113071832968 -0.7325734965899142 0.10941060063359777 -0.285074087281651 -1.3039815665456542 0.06857117029183876 155.34284780429223 -0.07536534445210971 1.9836640446840834 -0.04086443849171856 0.3334215071452713 -0.1364869295345509 1.4570338170258816 0.24702497510118623 1.7034246429915036 -0.22294300319458502 16.773996343216993 -3.14226725553639 -16.246154406416935 0.6218467175765655 -17.952260524229956 -9.489149875262369 19.34410149645638 -12.202393813845049 0.0 5.779577215509934; -0.2720599164271043 0.22172513180365241 0.062065436603596695 -0.18795358687268512 0.7308165641826154 0.05975325276765354 -0.3374145257910145 -0.03255692840545731 -0.10312472772315778 -0.04233810641088097 0.03628779215457223 -0.10836025099412139 0.01188972348673929 0.030007991064166174 -0.07536534445210971 155.0900564886936 0.20795655741694208 -0.041538761809899634 0.04143882622946655 -0.03457832142093241 0.07585727089128014 0.030992666394960858 0.19593100499397664 -0.03055092045230613 -0.4492639276700103 -0.015752425834354628 0.6136026771166309 0.09901139734411547 0.3118393409962515 0.3350704824008838 -0.5445493661467482 0.5239983651830754 0.0 -0.1666210266160369; -3.495270600480369 2.478671243020927 0.8528397383945779 -2.356470914692347 8.414849284136267 0.7727524678296376 -4.173928948215626 -0.3534352463125256 1.6537066421382154 -1.407548770171542 -0.3013683963713164 1.0619842270246713 -4.036969757622015 -0.3194389921218183 1.9836640446840839 0.2079565574169423 157.3081454662753 0.608329914274318 0.2716461289499925 0.20637632347238058 2.960340051393071 0.188749280152239 1.5851246181404648 -0.1019444930440458 61.44769293462261 -12.1074013909806 -59.007374892886446 2.6520858788850274 -65.5924147291748 -34.49162017664149 70.26431210061364 -44.37352433190879 0.0 20.58842095319136; -0.836740305912038 0.6589764778448503 0.19149381023762657 -0.5758480428414291 2.185578420539709 0.18297050820422261 -1.0265902860623461 -0.09830434806625349 -0.12457477740669459 -0.18626656919365744 0.06089864290967078 -0.17565254377683318 -0.23339431916271325 0.04646745964895482 -0.04086443849171857 -0.04153876180989965 0.608329914274318 155.05950938550532 0.10881750234395512 -0.0647139851652583 0.36041079154051475 0.08127030165373296 0.541653680967461 -0.0772501852829094 2.567891175591316 -0.5332851583968147 -2.379681703354912 0.16385450950557726 -2.86778565262815 -1.4049258567862322 2.9591526870592832 -1.743214489294318 0.0 0.8918968517436842; -0.4520482743027524 0.3101664871007708 0.11410663398025432 -0.30201909798547744 1.0622093388000835 0.10097214627460885 -0.5362152922919639 -0.042144662927816025 0.2914897998896055 -0.2043750189065511 -0.0581245639650702 0.20213892959036292 -0.6320246730588993 -0.05949133853921946 0.3334215071452712 0.04143882622946658 0.2716461289499923 0.10881750234395512 155.1436523006381 0.04398843498039282 0.43563387216999655 0.019357358492222223 0.18125754774599445 -0.003967928987312578 9.963751403996849 -2.0675080472463074 -9.411678649353856 0.5335478762789475 -10.747038769722948 -5.519859266033915 11.341425099557734 -7.03528337471824 0.0 3.298168706518392; -0.2563739755737807 0.21760601283813935 0.05583291232736442 -0.17914842053145383 0.710712813364101 0.05565357863917964 -0.32117525960850674 -0.03324806186094021 -0.16326567952333557 -0.02083688216634991 0.05071306883339955 -0.15707376223425415 0.10461803645378863 0.04380452053018854 -0.1364869295345509 -0.034578321420932416 0.20637632347238039 -0.06471398516525827 0.04398843498039279 155.0666812750414 0.026804589496876145 0.033609458368349464 0.2049898382847816 -0.03622759888233344 -2.1039744693215288 0.38523591897512177 2.0900201005029753 -0.04701104053091476 2.159233823022736 1.2113483917926773 -2.3997810564713813 1.6035646829606778 0.0 -0.6924162972969872; -4.442663388486429 3.285830721666205 1.0578339610203582 -3.0193765738705 11.048612299297373 0.9780234995656817 -5.361745414919107 -0.4774950050263424 1.027906748474978 -1.4780897284058627 -0.1084737294545144 0.4626672631874811 -3.6183735973381914 -0.15230098540209827 1.4570338170258814 0.07585727089128025 2.96034005139307 0.3604107915405147 0.4356338721699966 0.026804589496876155 158.15787359474274 0.31437628942596174 2.3494498684367366 -0.23863421699738838 53.09360923049778 -10.540497756248065 -50.771634657258 2.4244849215208415 -56.96461093786633 -29.71056935711221 60.74883393991767 -38.07416706202368 0.0 17.847078848479004; -0.31766842505756226 0.21660531301909758 0.07971652625812897 -0.21235794754036078 0.742482771852281 0.07070898989296917 -0.3759477807960948 -0.029901150106874448 0.217658490455405 -0.14738870138713378 -0.044407242948221085 0.15236129673860405 -0.4619594959590461 -0.04489938946690117 0.24702497510118623 0.030992666394960854 0.18874928015223918 0.08127030165373295 0.019357358492222216 0.033609458368349464 0.3143762894259618 155.12648979284504 0.12320309670779811 -0.002032101921569326 7.214877974182041 -1.4490475255018793 -6.891102899125186 0.33639343675315614 -7.722306564431199 -4.032130264871988 8.23322949137636 -5.174035989492173 0.0 2.403138247932746; -2.5854539730398485 1.803205325262027 0.6372568266130203 -1.7373806043101754 6.145807670554339 0.5727599711047122 -3.0750541265803135 -0.25467151022153794 1.4615327704008614 -1.1101077721938422 -0.28359607190221797 0.9825647060454411 -3.3218863953865116 -0.29251314227559955 1.703424642991503 0.19593100499397662 1.5851246181404637 0.5416536809674609 0.1812575477459944 0.20498983828478176 2.3494498684367353 0.12320309670779786 156.21230363533036 -0.05078177782227723 51.10723547957653 -10.106270068377379 -49.04086949018165 2.2317789559644883 -54.55567715418418 -28.668720067783045 58.40810044021391 -36.87764272670956 0.0 17.093452129590435; 0.19205402386489465 -0.12240137142851039 -0.047492225482667294 0.1280144195314039 -0.42519986892273265 -0.04208199605428631 0.2227511988582617 0.018114077356789715 -0.20581307422917586 0.11077503764021555 0.046721863369321485 -0.15251922933297235 0.38301910656777777 0.044877655831955 -0.22294300319458493 -0.030550920452306108 -0.10194449304404601 -0.07725018528290936 -0.003967928987312623 -0.036227598882333414 -0.2386342169973884 -0.00203210192156934 -0.05078177782227747 155.10934714686553 -5.821620470666583 1.0166344541746244 5.8037341211744655 -0.11163488640259582 6.03686294637484 3.3658312901380323 -6.707567178089891 4.431128348104063 0.0 -1.9843928444459087; -88.94744083716886 67.69041230131268 21.278530572566336 -60.694593421756416 226.64330050263177 19.72754360047307 -108.29670277607717 -9.672894950053896 8.021487174439269 -25.98851642674722 0.9893449821890045 -0.687877222417509 -55.6527345604327 -0.1898485335586343 16.773996343216993 -0.4492639276700092 61.447692934622594 2.5678911755913174 9.963751403996849 -2.103974469321528 53.093609230497776 7.21487797418204 51.10723547957653 -5.8216204706665815 1207.3523937448224 -358.2993300977914 -772.4090625801355 202.86567762395094 -1315.912712470399 -480.29349994797866 1139.8612429043349 -509.2007076812592 0.0 314.8267084052287; 17.3623032831499 -13.376325084567608 -4.378553074439627 11.813831752926172 -44.90852501899858 -3.9570865735631036 21.293685556825782 1.760371876609415 -1.4104365919405975 5.040766635840851 -0.22207853664323424 0.046614777997181285 11.087272775375135 0.04890163336146272 -3.1422672555363906 -0.015752425834354915 -12.107401390980598 -0.5332851583968146 -2.067508047246308 0.38523591897512155 -10.540497756248062 -1.4490475255018782 -10.10627006837738 1.0166344541746235 -358.2993300977918 336.92016403334526 170.30108700630342 -130.53962192426144 521.0369770119365 120.43500220280737 -361.7876303011141 76.50552853612342 0.0 -83.58166692724924; 85.64407611808238 -64.93646450292513 -20.134326890981527 58.49573605011659 -217.22227299333147 -18.828589813817523 104.03988127001372 9.516169322960272 -7.854054733051001 25.041166326346065 -0.9356940358285719 0.8911381596322612 53.07989691672207 0.13810363897087566 -16.246154406416935 0.6136026771166307 -59.007374892886446 -2.379681703354912 -9.411678649353856 2.0900201005029753 -50.771634657258 -6.891102899125186 -49.040869490181656 5.803734121174465 -772.4090625801355 170.30108700630336 865.8213239107198 -53.64591028005651 852.917446940272 419.39240563487755 -877.5997853532792 523.946994279933 0.0 -268.9263909498028; -3.6849615516990055 2.965248837768694 1.1146748336254015 -2.478797859992672 10.059090881394821 0.9270222206374362 -4.642536354238099 -0.26778203290199676 0.23567323640108487 -1.0620183413807323 0.05428125320753565 0.11442227640459976 -2.6265508946939944 -0.035236874201069794 0.6218467175765653 0.09901139734411565 2.652085878885031 0.16385450950557615 0.5335478762789484 -0.047011040530914816 2.4244849215208406 0.33639343675315614 2.2317789559644963 -0.11163488640259607 202.86567762395094 -130.53962192426147 -53.64591028005658 257.3831510594086 -328.6466888998945 -48.296296594424696 192.6674576361307 1.3770747011012596 0.0 35.60798857422753; 94.8009110107916 -72.31986526501969 -22.956648200243077 64.64552711184243 -242.31118929509435 -21.15588314285974 115.60076319908654 10.150411141630535 -8.596791860079302 27.72898428316644 -1.026302802898965 0.42853737539788644 59.92925331564153 0.274400901241441 -17.95226052422996 0.31183934099625177 -65.59241472917482 -2.86778565262815 -10.747038769722954 2.159233823022737 -56.96461093786633 -7.722306564431201 -54.55567715418421 6.03686294637484 -1315.9127124703982 521.0369770119363 852.9174469402723 -328.6466888998941 1889.66755822089 548.0755803776094 -1393.312145263448 518.6918541067422 0.0 -362.64340791648743; 50.036172700504295 -37.965468193680174 -11.806082485088194 34.16816354611631 -127.0253887964759 -11.020362204936543 60.81130421661093 5.534899503832371 -4.582069104863773 14.630357944369955 -0.5465291798867643 0.48568045986483505 31.0843791434278 0.0881233153491309 -9.48914987526237 0.3350704824008834 -34.49162017664149 -1.4049258567862326 -5.519859266033916 1.2113483917926768 -29.71056935711221 -4.032130264871987 -28.668720067783052 3.3658312901380314 -480.29349994797855 120.43500220280731 419.3924056348776 -48.29629659442462 548.0755803776091 405.41825963727825 -539.2904367011787 302.2524726353889 0.0 -161.06546143607395; -101.80171924249973 77.39171152433926 24.25566552055401 -69.47987375404568 259.07915712424193 22.531780891403017 -123.87504381300728 -11.125897842861011 9.337578217741186 -29.7843188501665 1.0958396359231346 -0.7521093858499532 -63.72400508366006 -0.2335851130156411 19.344101496456382 -0.5445493661467465 70.26431210061362 2.9591526870592832 11.341425099557732 -2.399781056471381 60.74883393991767 8.233229491376358 58.408100440213914 -6.7075671780898904 1139.8612429043362 -361.7876303011143 -877.5997853532793 192.66745763613088 -1393.312145263448 -539.2904367011788 1401.4902336878934 -594.3198903850599 0.0 350.74201937724075; 64.45946073993328 -48.8093463259426 -15.04960289166643 44.043169129427305 -163.21145878724238 -14.122448103293108 78.23874692169241 7.222317309088494 -5.896126078206951 18.83667128721666 -0.7135471076277176 0.7821566985299674 39.72551599582485 0.07791366328960797 -12.202393813845049 0.5239983651830753 -44.37352433190879 -1.743214489294318 -7.035283374718241 1.603564682960678 -38.07416706202368 -5.174035989492173 -36.87764272670957 4.431128348104062 -509.2007076812593 76.50552853612356 523.9469942799332 1.3770747011012334 518.6918541067424 302.252472635389 -594.31989038506 558.424201655631 0.0 -192.336458983049; 0.0 0.0 0.0 0.0 0.0 0.0 0.0 0.0 0.0 0.0 0.0 0.0 0.0 0.0 0.0 0.0 0.0 0.0 0.0 0.0 0.0 0.0 0.0 0.0 0.0 0.0 0.0 0.0 0.0 0.0 0.0 0.0 155.11390926152419 0.0; -29.87891541743926 22.673398686095467 7.076900392310716 -20.397462322688934 75.8854694842577 6.592651705456918 -36.323367930931425 -3.2885537267808953 2.8478575289864283 -8.770322752625539 0.2960035289465537 -0.17413509416543782 -18.76828528018914 -0.08457828056628536 5.779577215509935 -0.16662102661603684 20.58842095319136 0.8918968517436837 3.2981687065183927 -0.6924162972969872 17.847078848479004 2.4031382479327457 17.09345212959044 -1.9843928444459085 314.8267084052288 -83.5816669272493 -268.9263909498028 35.607988574227576 -362.64340791648755 -161.0654614360739 350.7420193772408 -192.33645898304897 0.0 99.44140099953682]
 * x: [-1.077885499664015, -0.11221994377876214, 1.0056333778272317, 0.11886017815550703, 0.444759966042478, 0.6687764537478642, -0.9446006215644036, 1.079433733100266, -0.21601375434947084, -1.1515330082183717, 0.9845331210306956, 0.6058568389656925, -0.6684034944452464, 0.6042320852105271, -0.5055549299072511, 1.167731177810008, -0.4023482113898403, -0.583799066363043, -0.09449948987262705, -0.20970460034028374, -0.00294700746924532, -0.4341391110407113, 0.0126034964193017, -0.5414632609382826, -0.10354518141541448, 0.07300215303048652, 0.01724716936838979, -0.05886000970298547, 0.1757804954011697, 0.019970781554155593, -0.09563468071314707, -0.011363860531744098, 0.0, 0.02260222300972278]
bfgs    7   loss 1.669031e-07
n     Energy            log10(ΔE)   log10(Δρ)   Diag   Δtime 
---   ---------------   ---------   ---------   ----   ------
  1   -7.814807390723                   -3.14    1.0    391ms
  2   -7.814807783564       -6.41       -3.90    1.0    500ms
  3   -7.814807796979       -7.87       -4.59    2.3    497ms
  4   -7.814807797664       -9.16       -5.32    2.2    609ms
  5   -7.814807797679      -10.84       -6.13    2.2    518ms
  6   -7.814807797679      -12.38       -6.90    2.5    601ms
  7   -7.814807797679      -13.80       -7.81    2.6    570ms
  8   -7.814807797679   +    -Inf       -8.34    2.7    686ms
  9   -7.814807797679      -15.05       -9.27    2.0    522ms
 10   -7.814807797679      -15.05      -10.09    3.0    682ms
n     Energy            log10(ΔE)   log10(Δρ)   Diag   Δtime 
---   ---------------   ---------   ---------   ----   ------
  1   -7.842046235996                   -3.30    1.0    802ms
  2   -7.842046447816       -6.67       -4.07    1.0    765ms
  3   -7.842046456290       -8.07       -4.60    2.1    1.01s
  4   -7.842046457253       -9.02       -5.10    2.0    928ms
  5   -7.842046457252   +  -12.01       -5.76    1.7    958ms
  6   -7.842046457263      -10.97       -6.28    2.1    1.03s
  7   -7.842046457261   +  -11.84       -7.16    1.8    878ms
  8   -7.842046457261   +  -12.60       -8.38    2.4    1.10s
  9   -7.842046457261   +  -14.15       -8.36    3.1    1.24s
 10   -7.842046457261   +  -13.77       -9.54    1.0    829ms
 11   -7.842046457261      -14.75       -9.97    2.9    1.15s
 12   -7.842046457261   +    -Inf      -10.00    1.2    865ms
 13   -7.842046457261      -15.05      -10.19    1.0    780ms
n     Energy            log10(ΔE)   log10(Δρ)   Diag   Δtime 
---   ---------------   ---------   ---------   ----   ------
  1   -7.830659805608                   -3.35    1.0    754ms
  2   -7.830659990434       -6.73       -4.13    1.0    775ms
  3   -7.830659998156       -8.11       -4.68    2.1    982ms
  4   -7.830659998731       -9.24       -5.19    2.1    966ms
  5   -7.830659998758      -10.57       -5.91    1.8    879ms
  6   -7.830659998759      -11.91       -6.29    2.1    981ms
  7   -7.830659998759      -12.79       -7.64    1.3    904ms
  8   -7.830659998759      -14.15       -8.14    3.2    1.13s
  9   -7.830659998759   +  -15.05       -8.52    1.6    887ms
 10   -7.830659998759      -14.75       -9.61    1.7    914ms
 11   -7.830659998759      -15.05      -10.05    3.0    1.12s
n     Energy            log10(ΔE)   log10(Δρ)   Diag   Δtime 
---   ---------------   ---------   ---------   ----   ------
  1   -7.814807797679                  -10.66    1.0    460ms
n     Energy            log10(ΔE)   log10(Δρ)   Diag   Δtime 
---   ---------------   ---------   ---------   ----   ------
  1   -7.842046457261                  -11.05    1.0    656ms
n     Energy            log10(ΔE)   log10(Δρ)   Diag   Δtime 
---   ---------------   ---------   ---------   ----   ------
  1   -7.830659998759                  -11.09    1.0    728ms
n     Energy            log10(ΔE)   log10(Δρ)   Diag   Δtime 
---   ---------------   ---------   ---------   ----   ------
  1   -7.814807797679                  -10.95    1.0    443ms
n     Energy            log10(ΔE)   log10(Δρ)   Diag   Δtime 
---   ---------------   ---------   ---------   ----   ------
  1   -7.842046457261                  -11.47    1.0    720ms
n     Energy            log10(ΔE)   log10(Δρ)   Diag   Δtime 
---   ---------------   ---------   ---------   ----   ------
  1   -7.830659998759                  -11.48    1.0    741ms
n     Energy            log10(ΔE)   log10(Δρ)   Diag   Δtime 
---   ---------------   ---------   ---------   ----   ------
  1   -7.814807797679                  -11.24    1.0    411ms
n     Energy            log10(ΔE)   log10(Δρ)   Diag   Δtime 
---   ---------------   ---------   ---------   ----   ------
  1   -7.842046457261                  -11.85    1.0    714ms
n     Energy            log10(ΔE)   log10(Δρ)   Diag   Δtime 
---   ---------------   ---------   ---------   ----   ------
  1   -7.830659998759                  -11.81    1.0    700ms
     8     1.625512e-07     1.428582e-04
 * Current step size: 1.0
 * time: 490.47333121299744
 * g(x): [7.339170188397992e-7, -5.797406419463801e-7, -1.8377912977913842e-7, 4.932086761129081e-7, -1.924533980627967e-6, -1.6654885127400868e-7, 9.108438816151332e-7, 7.201302883264201e-8, 2.9727554310355555e-7, 1.0545700769797642e-7, -1.1833300474161041e-7, 3.0965596841041665e-7, -7.888588147823225e-8, -9.262591639779854e-8, 2.2461442884362437e-7, 5.824595252017832e-8, -5.607345789304072e-7, 1.2069812049864803e-7, -1.2622054311419406e-7, 9.711771931229635e-8, -1.7965262701578906e-7, -8.88489439788963e-8, -5.353661610661237e-7, 7.003312172372674e-8, 8.579597327818415e-6, 1.3742923505362107e-6, -1.4122208282559497e-5, -3.539731250192911e-6, -3.3068996030292434e-6, -7.342511872386006e-6, 1.049668094433699e-5, -1.2775225302799292e-5, 0.0, -0.0001428581505859746]
 * ~inv(H): [175.96696731775572 -15.553928088733391 -4.6061562191774925 14.41838816306024 -52.09926659940821 -4.45712581890432 25.03984832482383 2.5548862101014786 -6.498162451851693 7.479108338307096 1.218012889617418 -3.5116597955703437 19.562118569824516 1.2249807734648648 -8.534002422294483 -0.43268972509325154 -13.655230074990737 -2.3261991058502907 -1.6252909122349541 -0.4641339354549069 -15.519511738298645 -1.2759072298972052 -10.458827526818876 1.2668639833745075 -216.54605854883752 8.886285391927634 260.41379965571605 25.39693406063334 190.04255600016242 145.93634153359375 -262.53705031459407 211.19386411634594 0.0 -83.84151030174161; -15.553928088733395 166.70211308909256 3.4343701600841885 -10.754347335654561 38.823847740782355 3.3233986930363075 -18.669329419686694 -1.9060332830623725 4.974887709235981 -5.6161210272703315 -0.9438112522327478 2.7241699863164075 -14.772452320895146 -0.9448873904882854 6.492520906273097 0.3428911343469781 10.164785170102885 1.7839750562204308 1.1985900700603802 0.37384395315908536 11.661647590486432 0.9419366220216444 7.760470803901773 -0.9352612043762124 164.21848937696595 -7.018948579844694 -197.0635419722482 -18.978386811130516 -144.43831646819675 -110.47391035337503 198.9641293389163 -159.72352041569368 0.0 63.47842866751093; -4.6061562191774925 3.4343701600841876 156.13060984639674 -3.185571197917534 11.50483872870433 0.9841646840943158 -5.529484297699176 -0.56503381552546 1.4643547029098585 -1.660785576641641 -0.2783910443402122 0.7999076058544987 -4.364469038973984 -0.27835777619079954 1.9140848406117053 0.09958431680627519 3.0122348726085906 0.5252617388690833 0.35527785319857025 0.1089583911347482 3.4498436972878412 0.2794097484740394 2.3012833274100943 -0.2782826707613017 48.41357135380666 -2.051041880090451 -58.12442844512217 -5.614469238289659 -42.55477325495272 -32.582321829265226 58.663142781973896 -47.11846096596165 0.0 18.72101197808137; 14.418388163060241 -10.754347335654565 -3.1855711979175356 165.08248240338474 -36.022599263622624 -3.082072909261492 17.31384284893333 1.7657948400601438 -4.481029390555347 5.1675576256464675 0.8378271762942715 -2.4180057490518343 13.507236049661307 0.8435502562825999 -5.888576965106206 -0.29780703249756296 -9.44314991518702 -1.6036258183366416 -1.1256705585351219 -0.31825663385034136 -10.721160650059295 -0.8833104292641837 -7.235213811545659 0.8761837883176483 -149.68609371555524 6.242295959593008 179.85262683936827 17.451269034107362 131.49487268285748 100.80467685624735 -181.43594580358464 145.82092863183004 0.0 -57.92369139166065; -52.0992665994082 38.82384774078235 11.50483872870433 -36.02259926362262 285.1802829722057 11.132810803705524 -62.53912337207246 -6.383946672613438 16.587131701561102 -18.789202090412264 -3.1404148085905437 9.062241197427747 -49.373598671011244 -3.1464344456856526 21.671146269274484 1.136513586140661 34.0603036741936 5.946447036324411 4.023089671477541 1.2357717536880075 39.01113263197528 3.1609570892045267 26.018865990977098 -3.138368955474964 548.7248566506875 -23.476220353114993 -658.4306408013265 -63.38749978259658 -482.67136509072793 -369.12160914104504 664.8197004638882 -533.6565992020218 0.0 212.10861436257176; -4.45712581890432 3.3233986930363066 0.9841646840943157 -3.082072909261491 11.132810803705524 156.06638307601395 -5.351092345821264 -0.5463748674136059 1.4060060873883764 -1.6036936830937505 -0.26558299719594225 0.7647630899512232 -4.206340840640666 -0.26626965360476634 1.8411230638979463 0.09495133431561939 2.9161751345551026 0.5038685244579688 0.345312151027458 0.1029624709107106 3.3295169562333338 0.27132639863288055 2.2301497136140265 -0.26974378594995546 46.65264275787436 -1.9649077939918385 -56.026914040070615 -5.420887693558456 -40.99881985874417 -31.404865853679745 56.53669057052353 -45.420723085560304 0.0 18.044852782737085; 25.039848324823826 -18.66932941968669 -5.529484297699174 17.31384284893332 -62.53912337207246 -5.351092345821264 185.17635395061697 3.0687561280254014 -7.885767126635674 9.00524325604258 1.4863385807594043 -4.284789935093094 23.60845700515088 1.4915674419299474 -10.329936624223887 -0.532120268796404 -16.383937036124163 -2.825060918644656 -1.9421570645613175 -0.5752746405541046 -18.69224190195603 -1.525581256716389 -12.532475101650432 1.5155913778164172 -261.64933753701126 10.848256696028729 314.4902442054859 30.577437728020914 229.7424879552067 176.2558722743756 -317.1637230600016 255.0153134004029 0.0 -101.26055849823068; 2.5548862101014786 -1.906033283062372 -0.5650338155254598 1.7657948400601433 -6.383946672613437 -0.546374867413606 3.068756128025401 155.42624146149993 -0.7774560243929362 0.9106255122199308 0.14286517708488958 -0.41455048371150216 2.3681921779028374 0.14490261289059955 -1.0268023755781994 -0.050600863362293455 -1.6754937832310657 -0.2775713057276596 -0.20173939731934418 -0.0526967113119195 -1.886940492915809 -0.15795001867502084 -1.287122267486704 0.1559847439207475 -26.263676027872275 1.1023820486268265 31.543556737079683 3.052870876581727 23.088845490724434 17.68087880620191 -31.83438801763657 25.57001027538225 0.0 -10.162446913490127; -6.498162451851692 4.97488770923598 1.4643547029098585 -4.481029390555346 16.587131701561102 1.4060060873883766 -7.885767126635674 -0.7774560243929363 155.7106082604038 -1.9083829186095733 0.029920420549691247 -0.07678314485870624 -4.053416121997902 -0.026585413432077137 1.2384312444129382 -0.08040606356495648 4.4791730054667465 0.17789556740518642 0.670975891836699 -0.16375732710210486 3.863154707764519 0.5099411825571343 3.7120371133036727 -0.48944310912969097 43.40725800401925 -2.470986421008177 -50.96964070880671 -4.290871242895729 -39.27089351863704 -28.694118048647304 52.44703575743824 -40.972296033128096 0.0 16.71827691182198; 7.479108338307096 -5.6161210272703315 -1.660785576641641 5.167557625646467 -18.789202090412264 -1.6036936830937507 9.005243256042581 0.9106255122199309 -1.9083829186095733 157.6714837795131 0.31558472106862917 -0.9132543802868696 6.412013508584479 0.3342589442702029 -2.6406872240289316 -0.09168059026973284 -4.963708381569275 -0.6725771281978392 -0.6317079789154508 -0.07529248521966324 -5.278319522860534 -0.49087486737360675 -3.8850221614085942 0.4821898422330492 -70.6191301850338 3.145264125721827 84.493538713176 8.000958138082563 62.37774205918571 47.39539866591622 -85.54583030493941 68.40008496415088 0.0 -27.301935487248468; 1.218012889617418 -0.9438112522327479 -0.2783910443402122 0.8378271762942716 -3.1404148085905437 -0.2655829971959423 1.4863385807594047 0.14286517708488966 0.02992042054969129 0.3155847210686293 155.0665226825107 0.13070701958604433 0.5556697411396812 -0.030790587090791535 -0.09092336441487821 0.035738122329289204 -0.8615163125054515 0.021062945267339327 -0.14294231244114075 0.06130672274291644 -0.6263917709575358 -0.1069992957788367 -0.7407339989185872 0.10020033723641658 -6.008009730747798 0.6038159814354277 6.623472450484944 0.31020230826756684 5.80914622802254 3.7729688197470463 -7.164053293777564 5.208063328397841 0.0 -2.249086372814327; -3.511659795570343 2.724169986316407 0.7999076058544988 -2.4180057490518334 9.062241197427745 0.764763089951223 -4.284789935093093 -0.41455048371150205 -0.07678314485870617 -0.9132543802868696 0.13070701958604425 154.74522149853124 -1.6197907992352725 0.08490237339979445 0.2720676250116153 -0.10344765591254498 2.4833008701619894 -0.05666629256975633 0.4088282033588949 -0.17461632140731875 1.8161241848773508 0.3070478778189639 2.1327396469227966 -0.2906627170275956 17.083069923443585 -1.5013130998472748 -19.168842479187468 -1.1056176042106178 -16.244634831210867 -10.884453904028453 20.461422605986705 -15.161613118199224 0.0 6.465886238650779; 19.562118569824513 -14.772452320895141 -4.364469038973984 13.507236049661305 -49.373598671011244 -4.206340840640666 23.60845700515088 2.3681921779028374 -4.053416121997902 6.4120135085844785 0.5556697411396812 -1.6197907992352725 170.5431276436411 0.6407211262884139 -5.973532720637224 -0.09918140000035684 -13.13008331427076 -1.4000384440056826 -1.761311871201102 0.005450032473953774 -13.166934878286167 -1.3579978423059291 -10.459260384686822 1.32222426500658 -169.7051747363023 8.591025993767323 201.32572653933403 18.098354845532032 151.40629346693112 113.10569252051779 -205.212351446196 162.51822287562095 0.0 -65.37206553101583; 1.2249807734648646 -0.9448873904882852 -0.2783577761907995 0.8435502562825998 -3.1464344456856517 -0.2662696536047663 1.4915674419299474 0.14490261289059955 -0.026585413432077175 0.334258944270203 -0.030790587090791514 0.0849023733997944 0.6407211262884139 155.09732963171083 -0.1479257744375136 0.02775200694529006 -0.8577442054876644 -0.0006097943359768511 -0.13681380833739784 0.04939899100162375 -0.6693218127724293 -0.10302024546680466 -0.7270294273254868 0.09747279818365992 -6.922150213438832 0.5735993831125206 7.834402495746475 0.4909794566241526 6.513721783198384 4.440481699046306 -8.296587271841183 6.2196252523076145 0.0 -2.6198703660909155; -8.534002422294483 6.492520906273096 1.9140848406117055 -5.888576965106206 21.671146269274484 1.8411230638979466 -10.329936624223887 -1.0268023755781994 1.2384312444129382 -2.6406872240289316 -0.09092336441487824 0.2720676250116152 -5.973532720637224 -0.14792577443751356 157.1927658500688 -0.03694286844340058 5.811123096925654 0.40779755994394873 0.8289487601850706 -0.11685464209035124 5.383160678069477 0.6339727419842005 4.730797066070156 -0.6124767917605705 64.74314001558791 -3.3883478699236744 -76.56339029757787 -6.750454325646992 -58.045539158846225 -43.042986419489694 78.2955701695462 -61.71379802230188 0.0 24.9647477986408; -0.4326897250932513 0.342891134346978 0.09958431680627514 -0.2978070324975629 1.136513586140661 0.09495133431561933 -0.5321202687964037 -0.05060086336229347 -0.08040606356495644 -0.09168059026973283 0.03573812232928919 -0.10344765591254498 -0.09918140000035681 0.027752006945290054 -0.03694286844340057 155.09011296388033 0.3173628006966098 -0.03401720726019894 0.058128486909634826 -0.036782505434604575 0.17644694012060538 0.04327773914821205 0.2853589187039568 -0.040960757982807273 0.9172064309601511 -0.1849855767858936 -0.8501087960068058 0.05728021010674998 -1.032944679715384 -0.5026711468917978 1.065058371386627 -0.6193081565574774 0.0 0.32784321062083865; -13.655230074990735 10.164785170102881 3.01223487260859 -9.443149915187014 34.060303674193605 2.9161751345551026 -16.38393703612416 -1.6754937832310655 4.479173005466746 -4.963708381569274 -0.8615163125054512 2.483300870161989 -13.13008331427076 -0.8577442054876643 5.811123096925654 0.31736280069661005 164.02066871381575 1.6090916195899414 1.038836845075438 0.35234819088946706 10.315282093264416 0.8179869162755389 6.7778306902367245 -0.8143367527941598 145.76488665892074 -5.996664259363303 -175.29504400312575 -17.094051324177048 -127.89123106739576 -98.23356063412449 176.69731520844846 -142.17499670067673 0.0 56.410490707079454; -2.3261991058502907 1.7839750562204306 0.5252617388690832 -1.6036258183366416 5.946447036324411 0.5038685244579688 -2.8250609186446556 -0.2775713057276596 0.1778955674051864 -0.6725771281978393 0.021062945267339286 -0.05666629256975631 -1.4000384440056823 -0.0006097943359768419 0.4077975599439487 -0.03401720726019895 1.6090916195899412 155.1639686823748 0.24450213015366457 -0.06628232689099002 1.3587701166679298 0.18541219038250775 1.3402255456728143 -0.1773446610045789 15.09892682783031 -0.9907002542125982 -17.519640063238256 -1.354212423917437 -13.83254740078021 -9.884060125547155 18.19017894578892 -14.029853773220676 0.0 5.777516229087314; -1.6252909122349541 1.19859007006038 0.3552778531985702 -1.1256705585351217 4.023089671477543 0.34531215102745805 -1.942157064561318 -0.2017393973193442 0.6709758918366991 -0.6317079789154507 -0.1429423124411407 0.4088282033588951 -1.761311871201102 -0.13681380833739787 0.8289487601850705 0.05812848690963486 1.0388368450754377 0.2445021301536646 155.22119162165401 0.0717814062959783 1.3229981287456996 0.08635584266697144 0.7631272227822431 -0.08830083574573035 19.619478203305036 -0.7174835198237096 -23.748725837944928 -2.4022331637076504 -17.06893043909535 -13.29271041798525 23.80920172687581 -19.305797968440697 0.0 7.6090394663649175; -0.4641339354549067 0.3738439531590854 0.10895839113474813 -0.3182566338503414 1.2357717536880068 0.10296247091071062 -0.5752746405541042 -0.052696711311919504 -0.163757327102105 -0.07529248521966322 0.06130672274291643 -0.17461632140731878 0.005450032473953807 0.04939899100162375 -0.11685464209035125 -0.03678250543460458 0.3523481908894669 -0.06628232689099 0.07178140629597828 155.05768967680038 0.1355510775467286 0.05267934141664394 0.3306336167668578 -0.048530672907740734 -0.29110233763565974 -0.1954565193655567 0.7069413466283782 0.26709574738609576 -0.06984331655646325 0.35920259304922914 -0.4173966845649707 0.6731933818090646 0.0 -0.15070591694968732; -15.519511738298643 11.661647590486432 3.449843697287841 -10.721160650059291 39.01113263197527 3.3295169562333338 -18.692241901956034 -1.8869404929158091 3.863154707764519 -5.278319522860533 -0.6263917709575358 1.816124184877351 -13.166934878286167 -0.6693218127724293 5.383160678069476 0.17644694012060552 10.315282093264415 1.3587701166679298 1.322998128745699 0.13555107754672863 166.00128045413734 1.0265011743810513 8.09265757366742 -1.0057870316152209 145.39320467458637 -6.847747261177397 -173.3671785827049 -16.082675951094824 -128.90491542611485 -97.30577573107237 175.97032206378807 -140.20093831590805 0.0 56.0989681035197; -1.2759072298972056 0.9419366220216445 0.27940974847403943 -0.8833104292641835 3.160957089204528 0.2713263986328806 -1.5255812567163891 -0.15795001867502087 0.5099411825571343 -0.4908748673736068 -0.10699929577883671 0.30704787781896387 -1.3579978423059293 -0.10302024546680465 0.6339727419842005 0.04327773914821205 0.8179869162755393 0.18541219038250775 0.08635584266697145 0.052679341416643946 1.0265011743810515 155.18309030340887 0.6043391583297423 -0.07022414819439177 15.128010950902555 -0.5602917425018268 -18.29927213925861 -1.8438086740889574 -13.175155664800316 -10.243777239738966 18.357396760365592 -14.871741696716894 0.0 5.866184636844904; -10.458827526818878 7.760470803901773 2.3012833274100943 -7.235213811545657 26.018865990977112 2.230149713614027 -12.532475101650439 -1.2871222674867044 3.712037113303673 -3.8850221614085947 -0.7407339989185868 2.132739646922797 -10.459260384686823 -0.7270294273254868 4.730797066070156 0.28535891870395674 6.777830690236725 1.3402255456728145 0.7631272227822432 0.33063361676685804 8.09265757366742 0.6043391583297422 160.21599839973044 -0.6052121537565621 116.35538945805058 -4.632894072472972 -140.1973639106206 -13.821036505370865 -101.83480728065211 -78.53693102916841 141.0903695842986 -113.78651708815215 0.0 45.052993512332655; 1.2668639833745077 -0.9352612043762125 -0.2782826707613018 0.8761837883176482 -3.1383689554749665 -0.2697437859499556 1.5155913778164178 0.1559847439207475 -0.48944310912969097 0.4821898422330493 0.10020033723641657 -0.29066271702759555 1.3222242650065805 0.09747279818365992 -0.6124767917605703 -0.04096075798280726 -0.8143367527941603 -0.17734466100457888 -0.08830083574573042 -0.048530672907740706 -1.005787031615221 -0.07022414819439177 -0.6052121537565623 155.18411671924193 -14.76467861832094 0.5551412566278504 17.844905749894696 1.7891219626615056 12.877725766606245 9.990725278775997 -17.91612500062176 14.497092000533398 0.0 -5.723954151381836; -216.54605854883755 164.21848937696595 48.41357135380667 -149.68609371555522 548.7248566506875 46.65264275787437 -261.6493375370113 -26.26367602787228 43.407258004019255 -70.6191301850338 -6.008009730747797 17.083069923443585 -169.70517473630235 -6.922150213438834 64.74314001558793 0.9172064309601521 145.76488665892077 15.098926827830315 19.61947820330504 -0.2911023376356598 145.39320467458637 15.128010950902553 116.35538945805058 -14.76467861832094 2266.4403599017055 -282.7557842101013 -2231.169039017652 -43.90359932609326 -2099.9472608319884 -1280.0584428546658 2476.219769174137 -1735.6659956264684 0.0 764.3902176120696; 8.88628539192763 -7.018948579844687 -2.0510418800904513 6.242295959593001 -23.476220353114993 -1.9649077939918373 10.848256696028729 1.102382048626825 -2.4709864210081736 3.1452641257218232 0.603815981435427 -1.5013130998472741 8.591025993767321 0.5735993831125207 -3.3883478699236744 -0.18498557678589392 -5.996664259363299 -0.9907002542125986 -0.7174835198237095 -0.19545651936555694 -6.8477472611773935 -0.5602917425018253 -4.632894072472969 0.555141256627849 -282.75578421010164 300.6290413143379 131.64049181949906 -104.90581608219145 413.04147629714004 93.7286686479048 -284.3770918277312 57.64773776227487 0.0 -64.88866131458073; 260.41379965571605 -197.06354197224817 -58.12442844512218 179.85262683936824 -658.4306408013267 -56.02691404007063 314.49024420548596 31.54355673707969 -50.969640708806715 84.49353871317601 6.623472450484944 -19.168842479187468 201.32572653933406 7.834402495746476 -76.56339029757788 -0.850108796006806 -175.29504400312578 -17.51964006323826 -23.748725837944928 0.7069413466283784 -173.36717858270492 -18.299272139258612 -140.1973639106206 17.844905749894696 -2231.169039017652 131.64049181949906 2772.4868709530892 218.41527174937676 2014.5206287852545 1473.3672045465325 -2690.165306827913 2105.582910823226 0.0 -867.161124640691; 25.396934060633324 -18.978386811130505 -5.614469238289657 17.451269034107362 -63.38749978259655 -5.420887693558454 30.577437728020904 3.0528708765817267 -4.290871242895731 8.000958138082563 0.31020230826756784 -1.1056176042106203 18.098354845532032 0.4909794566241528 -6.7504543256469915 0.057280210106750176 -17.094051324177045 -1.3542124239174378 -2.4022331637076495 0.26709574738609565 -16.082675951094824 -1.8438086740889574 -13.821036505370857 1.7891219626615054 -43.903599326093264 -104.90581608219149 218.41527174937664 270.03111691324585 -91.95014553749793 106.5776038989874 -100.12727530813454 215.95900090074414 0.0 -55.267929097259646; 190.0425560001625 -144.43831646819675 -42.55477325495272 131.49487268285745 -482.67136509072805 -40.998819858744184 229.74248795520677 23.08884549072444 -39.27089351863703 62.377742059185714 5.809146228022538 -16.24463483121086 151.40629346693115 6.513721783198383 -58.045539158846225 -1.0329446797153838 -127.89123106739581 -13.832547400780212 -17.068930439095354 -0.06984331655646256 -128.90491542611485 -13.175155664800318 -101.83480728065213 12.877725766606245 -2099.9472608319875 413.0414762971398 2014.5206287852548 -91.9501455374975 2405.028491225994 1178.0397536789505 -2404.9837897187067 1512.3687604515947 0.0 -712.1600125890756; 145.93634153359375 -110.47391035337502 -32.58232182926523 100.80467685624734 -369.12160914104504 -31.40486585367975 176.25587227437563 17.680878806201914 -28.694118048647304 47.39539866591622 3.7729688197470455 -10.884453904028453 113.1056925205178 4.440481699046306 -43.042986419489694 -0.5026711468917981 -98.23356063412449 -9.884060125547157 -13.29271041798525 0.3592025930492289 -97.30577573107239 -10.243777239738964 -78.5369310291684 9.990725278775995 -1280.0584428546656 93.72866864790477 1473.3672045465323 106.57760389898748 1178.0397536789503 987.2711945046024 -1535.3972438106523 1178.4573402546569 0.0 -490.8157916546429; -262.53705031459407 198.96412933891628 58.663142781973896 -181.43594580358464 664.8197004638884 56.53669057052354 -317.16372306000164 -31.83438801763657 52.44703575743825 -85.54583030493941 -7.164053293777564 20.461422605986705 -205.21235144619604 -8.296587271841185 78.2955701695462 1.0650583713866288 176.6973152084485 18.190178945788922 23.809201726875806 -0.41739668456496953 175.9703220637881 18.35739676036559 141.0903695842986 -17.91612500062176 2476.2197691741385 -284.37709182773136 -2690.165306827913 -100.12727530813437 -2404.9837897187067 -1535.3972438106523 3080.0127017795216 -2112.3861985984513 0.0 912.2548530100416; 211.1938641163459 -159.72352041569368 -47.11846096596166 145.82092863183001 -533.6565992020218 -45.420723085560304 255.01531340040293 25.57001027538225 -40.972296033128096 68.40008496415088 5.20806332839784 -15.161613118199222 162.51822287562095 6.219625252307614 -61.71379802230187 -0.6193081565574775 -142.17499670067676 -14.029853773220678 -19.305797968440697 0.6731933818090647 -140.20093831590805 -14.871741696716894 -113.78651708815212 14.497092000533396 -1735.6659956264682 57.647737762275035 2105.582910823226 215.9590009007441 1512.3687604515947 1178.4573402546569 -2112.3861985984513 1865.7299089880519 0.0 -690.9287984945086; 0.0 0.0 0.0 0.0 0.0 0.0 0.0 0.0 0.0 0.0 0.0 0.0 0.0 0.0 0.0 0.0 0.0 0.0 0.0 0.0 0.0 0.0 0.0 0.0 0.0 0.0 0.0 0.0 0.0 0.0 0.0 0.0 155.11390926152419 0.0; -83.84151030174161 63.47842866751091 18.72101197808137 -57.92369139166064 212.10861436257176 18.044852782737088 -101.2605584982307 -10.162446913490129 16.71827691182198 -27.301935487248468 -2.2490863728143267 6.4658862386507785 -65.37206553101583 -2.619870366090916 24.9647477986408 0.32784321062083877 56.41049070707946 5.777516229087314 7.609039466364918 -0.15070591694968716 56.09896810351971 5.866184636844904 45.05299351233265 -5.723954151381834 764.3902176120698 -64.88866131458079 -867.1611246406908 -55.2679290972596 -712.1600125890757 -490.81579165464285 912.2548530100416 -690.9287984945084 0.0 285.9815949744556]
 * x: [-1.0776636806037316, -0.11238725781754592, 1.005581488689351, 0.11901182789882211, 0.4441997199427178, 0.6687278172662042, -0.944331707451298, 1.0794585845388927, -0.2160446200996172, -1.1514650285168997, 0.9845336881686053, 0.6058504606937215, -0.6682508679775467, 0.6042350560586214, -0.5056074783915958, 1.167731138482319, -0.4024993699213665, -0.5838092613418162, -0.09452264254883799, -0.20970145225791734, -0.003085552517512673, -0.43415612989914476, 0.01247983305068737, -0.5414489053585329, -0.10543295782078282, 0.07324199513437415, 0.01925979736824869, -0.058808630688384995, 0.1776458665741908, 0.021123718469648643, -0.09785575256925463, -0.00979434051969134, 0.0, 0.02192106178913264]
bfgs    8   loss 1.625512e-07
n     Energy            log10(ΔE)   log10(Δρ)   Diag   Δtime 
---   ---------------   ---------   ---------   ----   ------
  1   -7.818229271031                   -2.82    1.0    392ms
  2   -7.818230951223       -5.77       -3.47    1.0    433ms
  3   -7.818231048314       -7.01       -4.32    2.2    553ms
  4   -7.818231051546       -8.49       -4.78    2.4    566ms
  5   -7.818231051593      -10.33       -5.67    1.5    516ms
  6   -7.818231051597      -11.36       -6.23    2.7    589ms
  7   -7.818231051597      -12.86       -6.93    2.0    555ms
  8   -7.818231051597      -14.21       -8.01    2.2    558ms
  9   -7.818231051597   +  -15.05       -8.99    3.3    732ms
 10   -7.818231051597   +  -15.05       -9.67    2.9    617ms
 11   -7.818231051597      -15.05      -10.32    2.0    556ms
n     Energy            log10(ΔE)   log10(Δρ)   Diag   Δtime 
---   ---------------   ---------   ---------   ----   ------
  1   -7.845516721189                   -2.88    1.0    737ms
  2   -7.845518173193       -5.84       -3.64    1.0    786ms
  3   -7.845518238979       -7.18       -4.20    2.2    971ms
  4   -7.845518244210       -8.28       -4.66    2.1    1.01s
  5   -7.845518244446       -9.63       -5.36    1.4    787ms
  6   -7.845518244465      -10.73       -5.85    2.2    967ms
  7   -7.845518244466      -12.09       -6.59    1.6    939ms
  8   -7.845518244466   +  -13.94       -7.70    2.0    886ms
  9   -7.845518244466      -14.35       -8.20    3.0    1.16s
 10   -7.845518244466   +    -Inf       -8.62    1.6    894ms
 11   -7.845518244466   +    -Inf       -9.74    1.2    818ms
 12   -7.845518244466   +    -Inf      -10.36    2.9    1.15s
n     Energy            log10(ΔE)   log10(Δρ)   Diag   Δtime 
---   ---------------   ---------   ---------   ----   ------
  1   -7.834128416021                   -2.93    1.0    691ms
  2   -7.834129677227       -5.90       -3.70    1.0    841ms
  3   -7.834129734197       -7.24       -4.29    2.1    1.02s
  4   -7.834129737702       -8.46       -4.75    2.1    910ms
  5   -7.834129737909       -9.68       -5.52    1.6    913ms
  6   -7.834129737917      -11.06       -5.88    2.1    1.04s
  7   -7.834129737918      -12.02       -7.34    1.2    808ms
  8   -7.834129737918      -13.45       -7.72    3.4    1.26s
  9   -7.834129737918   +    -Inf       -8.18    1.8    978ms
 10   -7.834129737918   +    -Inf       -8.87    1.5    868ms
 11   -7.834129737918   +    -Inf       -9.46    1.7    992ms
 12   -7.834129737918   +  -14.75       -9.74    1.9    1.02s
 13   -7.834129737918   +  -15.05      -10.45    1.2    797ms
n     Energy            log10(ΔE)   log10(Δρ)   Diag   Δtime 
---   ---------------   ---------   ---------   ----   ------
  1   -7.818231051597                  -10.85    1.0    405ms
n     Energy            log10(ΔE)   log10(Δρ)   Diag   Δtime 
---   ---------------   ---------   ---------   ----   ------
  1   -7.845518244466                  -11.04    1.0    757ms
n     Energy            log10(ΔE)   log10(Δρ)   Diag   Δtime 
---   ---------------   ---------   ---------   ----   ------
  1   -7.834129737918                  -11.12    1.0    768ms
n     Energy            log10(ΔE)   log10(Δρ)   Diag   Δtime 
---   ---------------   ---------   ---------   ----   ------
  1   -7.818231051597                  -11.22    1.0    477ms
n     Energy            log10(ΔE)   log10(Δρ)   Diag   Δtime 
---   ---------------   ---------   ---------   ----   ------
  1   -7.845518244466                  -11.42    1.0    744ms
n     Energy            log10(ΔE)   log10(Δρ)   Diag   Δtime 
---   ---------------   ---------   ---------   ----   ------
  1   -7.834129737918                  -11.38    1.0    762ms
n     Energy            log10(ΔE)   log10(Δρ)   Diag   Δtime 
---   ---------------   ---------   ---------   ----   ------
  1   -7.818231051597                  -11.59    1.0    410ms
n     Energy            log10(ΔE)   log10(Δρ)   Diag   Δtime 
---   ---------------   ---------   ---------   ----   ------
  1   -7.845518244466                  -11.77    1.0    809ms
n     Energy            log10(ΔE)   log10(Δρ)   Diag   Δtime 
---   ---------------   ---------   ---------   ----   ------
  1   -7.834129737918                  -11.71    1.0    725ms
     9     1.509520e-07     2.168114e-04
 * Current step size: 1.0
 * time: 538.9287791252136
 * g(x): [1.140030312647132e-6, -8.540238195916392e-7, -3.5031564541563373e-7, 7.24623565415986e-7, -2.8945487611600004e-6, -2.825436774433889e-7, 1.428007793687288e-6, 5.732933474492701e-8, 4.545958761274255e-7, 1.5826371607195028e-7, -2.3038079700786908e-7, 4.5931789454777525e-7, -1.30776371565337e-7, -1.6035203069610195e-7, 3.474157941048342e-7, 4.728530806543702e-8, -8.665572885566504e-7, 1.8090980305942947e-7, -2.4159321456024987e-7, 1.4365416419516005e-7, -2.6651647404776435e-7, -1.5137536570414277e-7, -8.384182515613525e-7, 5.605000483163017e-8, 1.2760046655836392e-5, 2.0518538724730914e-6, -2.1073680253309238e-5, -5.3056374758273015e-6, -4.825355257635551e-6, -1.0945364965038034e-5, 1.5589846253414176e-5, -1.9090238212400623e-5, 0.0, -0.0002168113639727335]
 * ~inv(H): [541.8846066840814 -295.1208234875422 -79.07466637418172 271.6861663375508 -981.382282363869 -80.4447661158991 464.32092687836 52.90194332280051 -101.76541531704774 134.0030699520346 22.068297243333568 -48.355841497690555 338.2991276707303 19.910875124605344 -140.19990844301026 -1.0804486644040758 -256.5412314347506 -35.610357285312595 -27.561242486105993 -3.9863859961620163 -276.7120095793052 -23.71721176310361 -199.00952965308718 30.10962192035236 -3144.1742990296784 -207.4075662641114 4305.064373303859 715.4000553133432 2348.4159979074125 2362.3876828854836 -3960.1384704216052 3614.149547565788 0.0 -1330.1168399963701; -295.1208234875422 380.2715084398666 60.37402042520899 -207.28302653481225 748.7662385341233 61.39584676221443 -354.2995922481154 -40.33482838934243 77.69846365112427 -102.25905282026295 -16.82479552805821 36.94550642051422 -258.19266458892037 -15.194174793389404 107.02199681698063 0.8557859219338715 195.74153972462827 27.192578362590822 21.051707357285043 3.0553850726464153 211.1648126297177 18.101475968936576 151.84212277797852 -22.94123888019009 2402.0344289055497 156.87250578514545 -3286.445594585703 -544.90832527482 -1796.046684253901 -1803.6321693567968 3024.7100506184997 -2758.497419751734 0.0 1015.6329350598462; -79.07466637418172 60.37402042520899 171.20376213207723 -55.59416061336866 200.70699627612967 16.417790321084485 -94.90521166006995 -10.8797284861132 20.966840578267792 -27.452990648878878 -4.611909302687029 10.000553261534458 -69.41534457760345 -4.130977456020677 28.830110959263468 0.1982428307141207 52.42765057069817 7.337721644690348 5.564179828600218 0.8433148779256682 56.70150656923738 4.820627432355685 40.6257861920524 -6.2040522456988905 642.2639024157126 44.474671801768835 -882.7237778261132 -148.32978855760075 -477.0600141308224 -484.10907183978634 809.8418903963701 -741.7576602223222 0.0 272.38882769004994; 271.68616633755073 -207.28302653481222 -55.59416061336866 345.9287504280817 -689.3271550441166 -56.5264631030419 326.17619124667937 37.120527068325394 -71.38913016734216 94.09637243648012 15.440414842409703 -33.90012194403024 237.4876635997493 13.949821922697037 -98.38391818312734 -0.7740848047258081 -180.21963585940344 -24.980545673088955 -19.40422042756259 -2.783639880181357 -194.29892033713756 -16.677497851067802 -139.83065162231597 21.119657414793565 -2209.260132742043 -144.25213019332583 3022.626327416097 501.13480047188636 1651.9805398316892 1658.8527767912863 -2781.9633304530303 2537.037060026161 0.0 -934.1267289191368; -981.3822823638689 748.7662385341232 200.70699627612967 -689.3271550441166 2645.101442169552 204.14153282975397 -1178.1587882066024 -134.17652310267195 258.4127661222891 -340.0657774450594 -56.00129824352506 122.87387486408296 -858.65233624086 -50.55114007591179 355.9286576912486 2.814792231870366 650.9073982978239 90.43594518725678 69.95943345834488 10.16329818214857 702.2384577026138 60.17870694155762 504.9093553460186 -76.33128438987016 7985.678157440885 523.3105334914429 -10928.740921962572 -1813.4206541848464 -5968.82636472418 -5997.558911000088 10056.562783235298 -9173.687549533908 0.0 3377.1082896383937; -80.4447661158991 61.395846762214425 16.417790321084485 -56.5264631030419 204.14153282975397 171.8347021779759 -96.5649669051201 -11.027266229717089 21.232408659368417 -27.894218397897642 -4.629232659677548 10.105101579046815 -70.4653059047096 -4.165310408722496 29.228431831304803 0.21703955931088928 53.3491521923115 7.430281648869263 5.705265123566505 0.8409755765131645 57.60554328169298 4.921874820055693 41.36730130009856 -6.280280849861029 653.8804412894189 43.89085019027388 -896.5013250618686 -149.56780309179578 -487.4342785155515 -491.8500633553614 823.8956181399927 -752.8755912583199 0.0 276.86399689770315; 464.3209268783599 -354.29959224811535 -94.90521166006995 326.17619124667937 -1178.1587882066024 -96.56496690512009 712.5231280928205 63.529255745551424 -122.28553828155961 160.90833838452204 26.54233374275911 -58.14078028202797 406.30142550800826 23.93785252552072 -168.42767375549224 -1.3004129462514746 -307.9624151819711 -42.793322103776326 -33.058524685287374 -4.8086454594364545 -332.27866696880034 -28.458903957966783 -238.87257704414398 36.15682641607182 -3775.692007148154 -249.51652201422547 5170.472170759437 859.5655147721016 2819.515037804305 2837.2147737743107 -4755.730090894058 4340.825841824978 0.0 -1597.4139139219155; 52.90194332280051 -40.33482838934242 -10.879728486113198 37.120527068325394 -134.17652310267195 -11.027266229717089 63.529255745551424 162.2964049575662 -13.789849752452799 18.28324226301101 2.9363710700796517 -6.522684261841809 46.06990823718048 2.67433937049278 -19.042332985565196 -0.16740672197350218 -35.10676140811612 -4.824845129138763 -3.8281880125309082 -0.5226923511232582 -37.74467034315637 -3.2672491778131727 -27.269906907097557 4.077818127780571 -430.7121462355649 -26.565244571285966 586.8287681107544 96.07879639039841 324.0252657694847 322.2670653847466 -541.6987480143687 492.0359989140237 0.0 -181.60875460615875; -101.76541531704773 77.69846365112426 20.96684057826779 -71.38913016734216 258.4127661222891 21.232408659368414 -122.28553828155961 -13.789849752452799 180.3538589994314 -34.78896602761143 -5.272579476523024 11.494765611011818 -86.78015547262295 -4.821976702846974 35.3497739877414 0.13451495547765208 67.73547637185516 8.789422983798948 7.52022362195755 0.7287990165524261 71.73118949632135 6.388636789845863 52.868161658535506 -7.92066623394109 808.3492986337079 50.34316266709025 -1101.9559826451275 -180.7370265296904 -607.8326509012204 -605.1187588390134 1016.974027542828 -924.0102161627701 0.0 341.13752351234086; 134.00306995203456 -102.25905282026294 -27.452990648878874 94.09637243648012 -340.0657774450594 -27.89421839789764 160.90833838452204 18.28324226301101 -34.78896602761143 201.39724821785825 7.477622153534858 -16.380059618428543 116.52550904932733 6.769142630630667 -48.10374818495953 -0.33307916682305233 -88.95454422627293 -12.160945448096811 -9.636061609982926 -1.283975985627609 -95.54089741568912 -8.264020578718224 -69.1056070370177 10.425820297756117 -1083.937611098365 -70.32599114554138 1482.2493106342201 245.3807995502462 811.1766190675544 813.5435695857049 -1364.7683848578374 1243.9438322177914 0.0 -458.20962994857416; 22.068297243333568 -16.82479552805821 -4.61190930268703 15.440414842409707 -56.00129824352507 -4.629232659677548 26.542333742759112 2.9363710700796517 -5.272579476523024 7.477622153534859 156.15534724988981 -2.3428067730594075 18.5150221288107 0.979156171126579 -7.460861248024697 -0.037647424418314 -14.717546230287653 -1.8328862349532296 -1.6970784768027527 -0.12010806473964121 -15.403843363168333 -1.4141506535439636 -11.537035220885054 1.6821745264545145 -174.97791203961182 -8.96333967488968 235.47902010071493 37.10697316616283 134.0175582049767 129.56995300221658 -219.31494804535146 196.8040137651988 0.0 -73.22301178979649; -48.355841497690555 36.94550642051422 10.000553261534458 -33.90012194403024 122.87387486408296 10.105101579046813 -58.140780282027976 -6.522684261841809 11.49476561101182 -16.380059618428543 -2.3428067730594075 160.17366379652697 -40.51502965250064 -2.1599733313135823 16.29894280834962 0.005981544377597106 32.26296157991685 3.987299290956359 3.6501828777750114 0.2411594065314921 33.73905413383413 3.0807050176153323 25.283398141184787 -3.774754832889871 377.64368460592885 22.73480093654239 -513.5238214761769 -83.59150643467615 -285.06079553129496 -282.10609873222336 474.8137292769514 -430.3024622315061 0.0 159.16742027798335; 338.29912767073023 -258.19266458892037 -69.41534457760345 237.48766359974934 -858.65233624086 -70.4653059047096 406.3014255080083 46.06990823718048 -86.78015547262295 116.52550904932733 18.515022128810696 -40.51502965250064 447.76951011099766 16.805474749808276 -120.39231845954657 -0.7378626947944588 -224.7319266010075 -30.30564838506763 -24.508826425179425 -3.023289819338087 -240.4665033480784 -20.96378667654532 -174.80584822589063 26.32052485247797 -2724.2418548388546 -174.18671887818732 3721.1780187039158 613.990574068533 2042.1423638896047 2042.755783476314 -3429.0297963467897 3121.995343981613 0.0 -1150.8740050082354; 19.910875124605344 -15.194174793389404 -4.130977456020678 13.94982192269704 -50.551140075911796 -4.165310408722497 23.93785252552073 2.67433937049278 -4.821976702846974 6.769142630630668 0.979156171126579 -2.1599733313135827 16.80547474980828 156.0212910528108 -6.798408578318191 -0.025464377990937516 -13.26986113269239 -1.6767692571254378 -1.5033714140394983 -0.11982011164521604 -13.949087104858457 -1.2646991851407465 -10.384531789414275 1.536393596999321 -157.61166894381205 -8.949261185268131 213.4879759286021 34.33520409390427 119.61622386793701 117.35038688207875 -197.92300071505247 178.7206337297494 0.0 -66.23997235196553; -140.19990844301026 107.02199681698063 28.83011095926347 -98.38391818312735 355.92865769124865 29.228431831304807 -168.42767375549226 -19.042332985565196 35.3497739877414 -48.103748184959535 -7.460861248024698 16.29894280834962 -120.39231845954659 -6.798408578318191 204.39241956790747 0.24483315186396318 93.22891945023196 12.327347236918763 10.263167251730835 1.1247880149358669 99.22559969028866 8.746842332299977 72.64597179766336 -10.908671621580325 1121.0457503197188 70.75802219348641 -1529.7732636481064 -251.66550883970177 -841.6522016917993 -839.9099754588011 1410.7281249357338 -1283.0982627052417 0.0 473.35116796909216; -1.0804486644040747 0.8557859219338714 0.19824283071412058 -0.7740848047258079 2.8147922318703666 0.21703955931088917 -1.3004129462514746 -0.1674067219735022 0.13451495547765224 -0.33307916682305233 -0.037647424418314014 0.005981544377597062 -0.737862694794459 -0.025464377990937474 0.24483315186396298 155.07785319033746 0.7413773521475925 0.04056424221959981 0.07600313364439366 -0.023458837716667617 0.677597453136443 0.07255563151281551 0.5998305434024913 -0.11462664189069563 5.309099461572731 1.211388494626361 -8.602532287387561 -2.0904593316448743 -2.934248441992788 -4.609419041543661 7.074582200450251 -7.491337363515335 0.0 2.54868769290635; -256.54123143475056 195.74153972462824 52.42765057069817 -180.21963585940344 650.9073982978239 53.34915219231149 -307.9624151819711 -35.10676140811612 67.73547637185516 -88.95454422627293 -14.71754623028765 32.26296157991685 -224.7319266010075 -13.269861132692387 93.22891945023194 0.7413773521475926 325.2390333414717 23.709144994214636 18.24196015083741 2.693467545959196 183.70484363442495 15.709266650455715 131.92399965099767 -19.9693945980884 2088.692569748443 138.02300112982428 -2860.2850863663066 -475.5101144303049 -1559.7078850212204 -1569.5338838379905 2630.824877807757 -2401.3391486327 0.0 883.6600620708849; -35.610357285312595 27.19257836259082 7.3377216446903475 -24.980545673088955 90.43594518725678 7.430281648869262 -42.793322103776326 -4.824845129138763 8.789422983798948 -12.160945448096811 -1.8328862349532293 3.987299290956359 -30.30564838506763 -1.6767692571254373 12.327347236918762 0.04056424221959978 23.709144994214636 158.17322788152345 2.636409464643924 0.24582410113049108 25.071746357901105 2.2388963548086274 18.51349993935609 -2.774495726068225 282.3219519989819 17.49965620323354 -384.73218013093765 -63.03541319485198 -212.40219264042116 -211.2803217129365 355.1531625509683 -322.5747923162334 0.0 119.12259510639007; -27.561242486105993 21.051707357285043 5.564179828600218 -19.404220427562592 69.95943345834489 5.705265123566505 -33.05852468528738 -3.8281880125309087 7.520223621957551 -9.636061609982928 -1.6970784768027527 3.650182877775012 -24.508826425179425 -1.5033714140394983 10.263167251730835 0.0760031336443937 18.241960150837414 2.6364094646439242 157.0008731752059 0.3362605085047592 19.917217155450924 1.655126081584524 14.08707340391059 -2.1799335232321533 225.47381574575076 16.732832502711684 -311.6693947585722 -53.24629746250584 -166.03828643017326 -170.77598543795014 284.7710918280943 -262.2781038233603 0.0 95.97468053353029; -3.9863859961620163 3.055385072646415 0.8433148779256682 -2.7836398801813576 10.16329818214857 0.8409755765131645 -4.8086454594364545 -0.5226923511232582 0.7287990165524261 -1.2839759856276092 -0.1201080647396412 0.24115940653149207 -3.023289819338087 -0.11982011164521603 1.1247880149358667 -0.023458837716667624 2.693467545959196 0.2458241011304911 0.33626050850475914 155.08784626861592 2.6292352919210398 0.274219419896411 2.155794190795446 -0.3142120588196855 28.307741913364065 1.3506814129863065 -37.91282665299111 -5.884986316992027 -21.860842710272475 -20.879107321964305 35.45844371413635 -31.634623823365832 0.0 11.837952889732865; -276.7120095793051 211.16481262971766 56.701506569237374 -194.29892033713756 702.2384577026138 57.60554328169298 -332.27866696880034 -37.74467034315637 71.73118949632135 -95.54089741568912 -15.403843363168331 33.73905413383413 -240.4665033480784 -13.949087104858453 99.22559969028865 0.6775974531364433 183.70484363442495 25.071746357901105 19.91721715545092 2.6292352919210398 352.3286604426246 17.07535713287525 142.73624610611682 -21.528391828932783 2237.425266927137 144.61150324540995 -3058.730411306607 -505.9284946156081 -1675.1071165468038 -1678.8820139599015 2816.8738121601737 -2566.782292191542 0.0 945.649584282178; -23.71721176310361 18.101475968936576 4.8206274323556855 -16.677497851067805 60.178706941557635 4.921874820055694 -28.458903957966786 -3.267249177813173 6.388636789845864 -8.264020578718226 -1.4141506535439636 3.0807050176153323 -20.963786676545322 -1.2646991851407463 8.746842332299977 0.07255563151281555 15.709266650455717 2.238896354808628 1.655126081584524 0.274219419896411 17.075357132875254 156.55124644888335 12.152888229041974 -1.8567363750656019 194.05982924781998 13.494624857894593 -266.81473618498495 -44.88279810663911 -144.04970774294688 -146.3188805644298 244.70920159029933 -224.231970098449 0.0 82.31022201732631; -199.00952965308718 151.84212277797852 40.62578619205241 -139.830651622316 504.9093553460187 41.36730130009856 -238.87257704414404 -27.26990690709756 52.86816165853552 -69.10560703701772 -11.537035220885054 25.28339814118479 -174.80584822589063 -10.384531789414275 72.64597179766336 0.5998305434024916 131.92399965099767 18.513499939356095 14.08707340391059 2.1557941907954463 142.73624610611685 12.152888229041974 257.34494087485643 -15.499917879358803 1623.7702811876209 108.27892066332183 -2225.18541799482 -370.70102785828163 -1211.2410574495916 -1220.8976884885963 2045.6250840171067 -1868.4888953261582 0.0 687.2570920048237; 30.109621920352357 -22.94123888019009 -6.2040522456988905 21.11965741479357 -76.33128438987016 -6.280280849861029 36.15682641607182 4.077818127780571 -7.920666233941091 10.425820297756117 1.6821745264545143 -3.774754832889871 26.320524852477973 1.5363935969993208 -10.908671621580325 -0.11462664189069562 -19.9693945980884 -2.7744957260682255 -2.1799335232321533 -0.3142120588196855 -21.528391828932786 -1.8567363750656016 -15.4999178793588 157.41946850466144 -246.86272209243614 -14.784753609905964 335.65768259156135 54.615306792422956 186.2442958522857 184.38947103572315 -310.2764953296239 281.29855142260067 0.0 -103.93452075160315; -3144.1742990296784 2402.0344289055497 642.2639024157127 -2209.2601327420434 7985.678157440886 653.880441289419 -3775.6920071481545 -430.71214623556494 808.349298633708 -1083.937611098365 -174.97791203961182 377.6436846059289 -2724.2418548388546 -157.61166894381205 1121.0457503197185 5.309099461572735 2088.692569748443 282.32195199898194 225.47381574575078 28.30774191336407 2237.4252669271373 194.05982924781998 1623.7702811876209 -246.86272209243614 25643.13034525398 1507.5380578206336 -34626.48923162294 -5619.099851524427 -19255.419035027826 -19024.208180103888 32028.315181796905 -29011.995638353554 0.0 10736.434719816314; -207.4075662641114 156.87250578514545 44.47467180176883 -144.25213019332585 523.3105334914428 43.89085019027387 -249.5165220142255 -26.565244571285966 50.34316266709026 -70.32599114554138 -8.96333967488968 22.73480093654239 -174.1867188781873 -8.949261185268131 70.7580221934864 1.2113884946263607 138.02300112982428 17.49965620323354 16.732832502711684 1.350681412986306 144.61150324540995 13.494624857894593 108.27892066332183 -14.784753609905964 1507.5380578206332 351.8642633508182 -2214.364060078002 -442.74326190956845 -1007.8818255497262 -1202.5723707746952 1941.800840066437 -1889.7320218281702 0.0 670.6770782374981; 4305.064373303859 -3286.445594585703 -882.7237778261133 3022.6263274160974 -10928.740921962573 -896.5013250618687 5170.472170759438 586.8287681107544 -1101.9559826451277 1482.2493106342204 235.4790201007149 -513.5238214761769 3721.178018703916 213.4879759286021 -1529.7732636481064 -8.602532287387566 -2860.285086366307 -384.73218013093776 -311.6693947585722 -37.91282665299111 -3058.7304113066075 -266.81473618498495 -2225.18541799482 335.6576825915614 -34626.48923162294 -2214.364060078002 47453.62864949885 7804.3932251135075 25956.81010759533 25964.698418797434 -43585.09060988468 39682.49198329355 0.0 -14642.149834267422; 715.400055313343 -544.9083252748198 -148.32978855760075 501.1348004718864 -1813.4206541848464 -149.56780309179578 859.5655147721017 96.07879639039841 -180.7370265296904 245.3807995502462 37.106973166162824 -83.59150643467615 613.990574068533 34.33520409390427 -251.66550883970172 -2.0904593316448743 -475.5101144303049 -63.03541319485198 -53.24629746250583 -5.884986316992027 -505.9284946156081 -44.8827981066391 -370.7010278582816 54.615306792422956 -5619.099851524426 -442.7432619095685 7804.393225113507 1507.1575280261543 4110.671413405965 4273.441047775196 -7109.654864462696 6574.249863296152 0.0 -2404.330753439627; 2348.4159979074125 -1796.046684253901 -477.0600141308224 1651.9805398316894 -5968.826364724181 -487.4342785155515 2819.5150378043054 324.0252657694847 -607.8326509012204 811.1766190675545 134.0175582049767 -285.06079553129496 2042.142363889605 119.616223867937 -841.6522016917992 -2.9342484419927883 -1559.7078850212206 -212.4021926404212 -166.03828643017326 -21.860842710272475 -1675.107116546804 -144.04970774294688 -1211.2410574495914 186.24429585228572 -19255.419035027826 -1007.8818255497265 25956.81010759533 4110.671413405966 14861.409242130465 14278.04620184624 -24138.612973104995 21706.19635155316 0.0 -8065.440496705465; 2362.387682885483 -1803.6321693567963 -484.1090718397863 1658.8527767912865 -5997.558911000088 -491.8500633553613 2837.2147737743107 322.2670653847466 -605.1187588390134 813.5435695857049 129.56995300221655 -282.1060987322233 2042.755783476314 117.35038688207872 -839.909975458801 -4.609419041543663 -1569.5338838379905 -211.2803217129365 -170.7759854379501 -20.8791073219643 -1678.8820139599018 -146.3188805644298 -1220.897688488596 184.38947103572315 -19024.208180103884 -1202.5723707746954 25964.698418797427 4273.441047775196 14278.046201846239 14410.350076372273 -23939.98259626368 21779.397372825708 0.0 -8039.605779988948; -3960.138470421605 3024.7100506184993 809.8418903963701 -2781.9633304530303 10056.5627832353 823.8956181399927 -4755.730090894059 -541.6987480143687 1016.9740275428281 -1364.7683848578376 -219.31494804535146 474.8137292769514 -3429.02979634679 -197.92300071505244 1410.7281249357336 7.074582200450258 2630.824877807757 355.1531625509684 284.7710918280943 35.45844371413635 2816.873812160174 244.70920159029933 2045.6250840171067 -310.2764953296239 32028.315181796905 1941.800840066437 -43585.09060988468 -7109.654864462696 -24138.61297310499 -23939.98259626368 40422.87556908116 -36533.197092743256 0.0 13506.46533085465; 3614.1495475657875 -2758.497419751734 -741.7576602223223 2537.037060026161 -9173.68754953391 -752.8755912583199 4340.825841824979 492.03599891402376 -924.0102161627702 1243.9438322177914 196.80401376519876 -430.3024622315061 3121.995343981613 178.7206337297494 -1283.0982627052417 -7.491337363515336 -2401.3391486327 -322.57479231623347 -262.2781038233603 -31.634623823365832 -2566.782292191542 -224.231970098449 -1868.488895326158 281.29855142260067 -29011.99563835355 -1889.7320218281702 39682.49198329354 6574.249863296152 21706.196351553164 21779.397372825708 -36533.197092743256 33458.84913879795 0.0 -12280.095889315446; 0.0 0.0 0.0 0.0 0.0 0.0 0.0 0.0 0.0 0.0 0.0 0.0 0.0 0.0 0.0 0.0 0.0 0.0 0.0 0.0 0.0 0.0 0.0 0.0 0.0 0.0 0.0 0.0 0.0 0.0 0.0 0.0 155.11390926152419 0.0; -1330.11683999637 1015.6329350598461 272.38882769004994 -934.1267289191369 3377.108289638394 276.86399689770315 -1597.4139139219158 -181.60875460615875 341.13752351234086 -458.2096299485743 -73.22301178979649 159.16742027798338 -1150.8740050082356 -66.23997235196553 473.3511679690921 2.548687692906352 883.660062070885 119.12259510639008 95.97468053353029 11.837952889732865 945.6495842821781 82.31022201732631 687.2570920048237 -103.93452075160316 10736.434719816314 670.6770782374981 -14642.149834267422 -2404.330753439627 -8065.440496705465 -8039.605779988948 13506.46533085465 -12280.095889315446 0.0 4530.64261561149]
 * x: [-1.07715440722528, -0.11277221274250454, 1.0054702191803848, 0.11936509051554427, 0.44291401252819457, 0.6686192024127331, -0.9437181822196431, 1.0795222915485974, -0.21616656986591787, -1.1512929420710114, 0.9845543199894863, 0.6057949561487128, -0.6678243761488031, 0.6042564321280542, -0.5057795300704195, 1.167727154356672, -0.40283877957704817, -0.5838519843123823, -0.09456518631566718, -0.20970472454846711, -0.0034401558668945248, -0.4341897654851872, 0.012212974470393158, -0.541413961086501, -0.10968934985468363, 0.07317399764988555, 0.024752797354461648, -0.058061286200551704, 0.18109118836709365, 0.024166405600532546, -0.10312522948933114, -0.00525319304235022, 0.0, 0.020189900748154403]
bfgs    9   loss 1.509520e-07
n     Energy            log10(ΔE)   log10(Δρ)   Diag   Δtime 
---   ---------------   ---------   ---------   ----   ------
  1   -7.887078242286                   -1.58    1.0    372ms
  2   -7.887516860868       -3.36       -2.27    1.0    462ms
  3   -7.887553524340       -4.44       -2.90    2.3    546ms
  4   -7.887554349475       -6.08       -3.97    2.0    595ms
  5   -7.887554387342       -7.42       -4.45    2.9    619ms
  6   -7.887554387690       -9.46       -4.61    1.9    572ms
  7   -7.887554387824       -9.87       -5.52    1.0    430ms
  8   -7.887554387832      -11.11       -6.47    2.3    637ms
  9   -7.887554387832      -12.87       -7.18    2.5    604ms
 10   -7.887554387832      -14.75       -7.19    1.8    560ms
 11   -7.887554387832   +    -Inf       -7.93    1.0    552ms
 12   -7.887554387832      -14.45       -8.46    2.0    572ms
 13   -7.887554387832   +  -14.45       -8.91    1.4    553ms
 14   -7.887554387832      -15.05       -9.77    2.0    505ms
 15   -7.887554387832   +  -15.05       -9.83    2.0    572ms
 16   -7.887554387832   +    -Inf      -11.03    1.0    515ms
n     Energy            log10(ΔE)   log10(Δρ)   Diag   Δtime 
---   ---------------   ---------   ---------   ----   ------
  1   -7.914649375821                   -1.63    1.0    777ms
  2   -7.915066170318       -3.38       -2.37    1.0    873ms
  3   -7.915103630449       -4.43       -2.83    2.4    941ms
  4   -7.915104507308       -6.06       -3.40    1.9    967ms
  5   -7.915104593258       -7.07       -4.05    1.6    828ms
  6   -7.915104598166       -8.31       -4.32    2.0    950ms
  7   -7.915104598715       -9.26       -5.31    1.2    875ms
  8   -7.915104598748      -10.48       -5.93    2.4    979ms
  9   -7.915104598749      -12.35       -6.15    1.9    968ms
 10   -7.915104598749      -12.93       -7.07    1.3    835ms
 11   -7.915104598749      -13.85       -7.87    2.4    1.15s
 12   -7.915104598749   +  -14.75       -8.52    2.4    1.05s
 13   -7.915104598749      -14.75       -8.84    1.9    890ms
 14   -7.915104598749   +    -Inf       -9.84    1.3    892ms
 15   -7.915104598749   +    -Inf      -10.28    2.7    1.06s
n     Energy            log10(ΔE)   log10(Δρ)   Diag   Δtime 
---   ---------------   ---------   ---------   ----   ------
  1   -7.902629615367                   -1.68    1.0    759ms
  2   -7.903003464665       -3.43       -2.41    1.0    869ms
  3   -7.903038736499       -4.45       -2.84    2.3    976ms
  4   -7.903039658174       -6.04       -3.41    1.9    1.06s
  5   -7.903039719229       -7.21       -4.11    1.6    902ms
  6   -7.903039723223       -8.40       -4.18    2.0    983ms
  7   -7.903039724042       -9.09       -5.47    1.0    839ms
  8   -7.903039724072      -10.52       -5.99    3.1    1.16s
  9   -7.903039724072      -12.72       -5.90    2.0    919ms
 10   -7.903039724072      -12.36       -7.45    1.0    872ms
 11   -7.903039724072      -13.80       -7.95    3.4    1.23s
 12   -7.903039724072   +  -14.75       -8.43    2.0    881ms
 13   -7.903039724072      -15.05       -8.66    1.6    950ms
 14   -7.903039724072      -15.05       -8.97    1.3    918ms
 15   -7.903039724072      -14.75       -9.28    1.5    853ms
 16   -7.903039724072   +  -15.05       -9.93    1.8    985ms
 17   -7.903039724072   +  -14.75      -10.70    1.6    923ms
n     Energy            log10(ΔE)   log10(Δρ)   Diag   Δtime 
---   ---------------   ---------   ---------   ----   ------
  1   -7.824108061294                   -1.55    1.0    465ms
  2   -7.824771279730       -3.18       -2.25    1.0    449ms
  3   -7.824801463003       -4.52       -3.02    2.3    591ms
  4   -7.824802281791       -6.09       -3.79    2.2    530ms
  5   -7.824802295604       -7.86       -4.64    2.5    642ms
  6   -7.824802296473       -9.06       -5.19    2.6    574ms
  7   -7.824802296482      -11.08       -5.71    1.9    557ms
  8   -7.824802296483      -12.05       -6.33    2.0    514ms
  9   -7.824802296483      -13.33       -7.27    1.9    589ms
 10   -7.824802296483      -15.05       -8.27    2.8    561ms
 11   -7.824802296483      -15.05       -8.71    2.8    688ms
 12   -7.824802296483      -15.05       -9.66    1.7    480ms
 13   -7.824802296483   +  -14.45      -10.45    2.6    675ms
n     Energy            log10(ΔE)   log10(Δρ)   Diag   Δtime 
---   ---------------   ---------   ---------   ----   ------
  1   -7.851669993055                   -1.63    1.0    810ms
  2   -7.852136831853       -3.33       -2.33    1.0    785ms
  3   -7.852164663372       -4.56       -3.05    2.2    1.05s
  4   -7.852165397809       -6.13       -3.69    2.1    1.02s
  5   -7.852165430623       -7.48       -4.25    1.9    939ms
  6   -7.852165432941       -8.63       -4.54    1.9    1.01s
  7   -7.852165433387       -9.35       -6.19    1.0    863ms
  8   -7.852165433402      -10.81       -6.38    4.0    1.23s
  9   -7.852165433402      -13.27       -6.61    1.3    903ms
 10   -7.852165433402      -13.94       -7.31    1.0    887ms
 11   -7.852165433402      -14.57       -7.72    2.0    938ms
 12   -7.852165433402      -15.05       -8.96    1.5    911ms
 13   -7.852165433402   +    -Inf       -9.03    3.0    1.20s
 14   -7.852165433402      -15.05       -9.20    2.0    912ms
 15   -7.852165433402   +    -Inf       -9.89    1.0    846ms
 16   -7.852165433402   +  -15.05      -10.77    1.1    885ms
n     Energy            log10(ΔE)   log10(Δρ)   Diag   Δtime 
---   ---------------   ---------   ---------   ----   ------
  1   -7.840325335061                   -1.68    1.0    724ms
  2   -7.840728075318       -3.39       -2.38    1.0    852ms
  3   -7.840751489008       -4.63       -3.08    2.1    969ms
  4   -7.840752212047       -6.14       -3.66    2.0    970ms
  5   -7.840752251321       -7.41       -4.32    1.8    930ms
  6   -7.840752253206       -8.72       -4.61    2.0    926ms
  7   -7.840752253520       -9.50       -6.14    1.1    878ms
  8   -7.840752253531      -10.95       -6.33    3.6    1.33s
  9   -7.840752253531      -13.35       -6.42    1.0    773ms
 10   -7.840752253531      -13.32       -7.51    1.0    850ms
 11   -7.840752253531      -14.75       -7.68    2.8    1.16s
 12   -7.840752253531   +    -Inf       -8.17    1.0    767ms
 13   -7.840752253531   +  -14.75       -8.17    1.4    887ms
 14   -7.840752253531      -14.45       -9.15    1.0    840ms
 15   -7.840752253531   +  -14.57       -9.74    1.9    937ms
 16   -7.840752253531   +    -Inf       -9.32    1.2    879ms
 17   -7.840752253531      -14.35       -9.88    1.0    869ms
 18   -7.840752253531   +  -14.45      -11.04    1.0    793ms
n     Energy            log10(ΔE)   log10(Δρ)   Diag   Δtime 
---   ---------------   ---------   ---------   ----   ------
  1   -7.824802296483                  -11.31    1.0    382ms
n     Energy            log10(ΔE)   log10(Δρ)   Diag   Δtime 
---   ---------------   ---------   ---------   ----   ------
  1   -7.852165433402                  -11.33    1.0    747ms
n     Energy            log10(ΔE)   log10(Δρ)   Diag   Δtime 
---   ---------------   ---------   ---------   ----   ------
  1   -7.840752253531                  -11.83    1.0    786ms
n     Energy            log10(ΔE)   log10(Δρ)   Diag   Δtime 
---   ---------------   ---------   ---------   ----   ------
  1   -7.824802296483                  -11.65    1.0    454ms
n     Energy            log10(ΔE)   log10(Δρ)   Diag   Δtime 
---   ---------------   ---------   ---------   ----   ------
  1   -7.852165433402                  -11.67    1.0    751ms
n     Energy            log10(ΔE)   log10(Δρ)   Diag   Δtime 
---   ---------------   ---------   ---------   ----   ------
  1   -7.840752253531                  -12.05    1.0    770ms
n     Energy            log10(ΔE)   log10(Δρ)   Diag   Δtime 
---   ---------------   ---------   ---------   ----   ------
  1   -7.824802296483                  -11.99    1.0    393ms
n     Energy            log10(ΔE)   log10(Δρ)   Diag   Δtime 
---   ---------------   ---------   ---------   ----   ------
  1   -7.852165433402                  -11.97    1.0    720ms
n     Energy            log10(ΔE)   log10(Δρ)   Diag   Δtime 
---   ---------------   ---------   ---------   ----   ------
  1   -7.840752253531                  -12.46    1.0    725ms
    10     1.277938e-07     1.337928e-04
 * Current step size: 0.1
 * time: 637.1241710186005
 * g(x): [-8.458899699129377e-7, 6.505651885877098e-7, 3.776508748181035e-7, -5.10474898613837e-7, 2.2952413287182798e-6, 2.6370443974085125e-7, -1.1158729356348043e-6, 3.043625917226589e-8, -8.209440716672999e-8, -1.8553505533444203e-7, 3.6830449843941734e-8, -6.908402240203646e-8, -4.1774257740508944e-7, 1.614073514246544e-8, 1.2890674021989149e-8, 4.968085438564115e-9, 6.316750949490847e-7, -1.326648551646149e-8, 1.8962551282327628e-7, -3.687590499023784e-8, 4.339433345385004e-7, 1.0383462256701019e-7, 5.684512425431914e-7, 2.0613275262672093e-8, -8.567735207295991e-6, 5.568971353474702e-7, 1.0982115160773688e-5, 1.4728884595513402e-6, 5.852093872063386e-6, 5.902802130329695e-6, -9.703303389445758e-6, 9.446766634855718e-6, 0.0, 0.00013379275443018793]
 * ~inv(H): [433.16527603635944 -210.20415038992377 -62.97061775265887 192.16243473665747 -703.6717397174563 -60.28931913512759 335.9644424191245 33.29211462365587 -68.6753895822799 94.35544932466699 12.865939605343234 -32.8181619722277 237.6990508268556 12.792075180825474 -96.28038460854549 -2.383894676543152 -185.348907467561 -24.399082854386425 -23.748806729932703 -2.424244435672098 -195.61366026334602 -18.42747801924119 -145.43807155972485 18.092660646487186 -2032.1460730866347 -244.59909674858125 2953.601649754849 575.9606521494186 1383.3881505263782 1606.3771497514842 -2608.206333718545 2514.817765099732 0.0 -896.331658640531; -210.2041503899237 313.98009246566374 47.687307959363814 -145.22577828360588 531.8872569613369 45.60962124769865 -254.0063268145432 -25.102196248781866 51.94050542013768 -71.32916161310142 -9.692611508990678 24.850611929415187 -179.72656753620237 -9.662900193113092 72.80593550754364 1.8465895492272448 140.11828095687517 18.460211102123715 18.003417913117676 1.8448126848462414 147.88605548408327 13.944863030315268 109.9549400815712 -13.617542781533837 1537.6941799611475 184.19589912674587 -2233.5491393171233 -434.8996105576671 -1047.8898711453417 -1214.8725011334927 1973.2026275234618 -1901.4625093207792 0.0 677.9411042347002; -62.970617752658846 47.687307959363814 169.16542285271404 -43.63605335626745 159.4734519021403 13.571650831919817 -76.01638872153103 -7.706523554944964 15.785485695289534 -21.46045100228556 -3.071358429012261 7.567749856853538 -54.16530862231727 -2.983814467494021 22.043293055877918 0.4786028822606598 41.938467643943696 5.5991208256501235 5.225236733641986 0.581326046648009 44.483377332632635 4.11709480542685 32.832906757735124 -4.224594176636567 464.0240320330566 55.50684265645321 -673.9556671195086 -131.18895349775647 -316.2195366614831 -366.579997976382 595.3846325078267 -573.7570597746065 0.0 204.54361705720504; 192.1624347366574 -145.22577828360585 -43.63605335626745 287.8523656907612 -486.243561328384 -41.71183125467133 232.22486876769017 22.914952112484286 -47.329210056378855 65.1573985904024 8.800611238319075 -22.602525722995562 164.08230213268865 8.790424496397009 -66.40335609062485 -1.6825709189640783 -128.11645257783897 -16.820073333898286 -16.499362581494513 -1.6567470642513198 -135.08455327220895 -12.767089765203758 -100.57203074259283 12.432408173924875 -1402.8168988757902 -168.61314611275287 2038.504740446135 397.3319525729595 955.3141101463763 1108.7163893048805 -1800.3910925800365 1735.5781468896682 0.0 -618.6790234242601; -703.6717397174561 531.8872569613368 159.4734519021403 -486.2435613283839 1935.750524723466 152.6176242328791 -850.2525909085123 -84.16112152252114 173.9670187096868 -238.82436406035794 -32.54491487506604 83.22167588862303 -601.77957784895 -32.393101835440504 243.82062925628597 6.119724317795497 469.03930105075744 61.82001591166541 60.157482661018705 6.181604929864201 495.1402282735663 46.644197205351844 368.02739222559325 -45.69152201551152 5148.940002837613 616.7574788806738 -7479.006257281777 -1456.2505240299643 -3508.814374004579 -4067.9808427232215 6607.210575792849 -6367.0285964063005 0.0 2270.066412060344; -60.28931913512757 45.60962124769863 13.571650831919815 -41.711831254671324 152.61762423287908 168.15406719652944 -72.81878366451255 -7.283975039586761 14.985450732526248 -20.49587015222031 -2.8519447564486278 7.1718508845656395 -51.67506533485158 -2.8083330163703915 20.973256523041563 0.4937399076575285 40.17338825956028 5.320529150231154 5.089150352717004 0.5390828501644758 42.48823782726496 3.9733444785528698 31.49288838294081 -3.9723614376526646 442.2918627765236 53.00390654235132 -642.507166078242 -125.12825498104897 -301.3410291310954 -349.46657241028106 567.5575757417993 -546.9976524959801 0.0 195.00260591629325; 335.96444241912434 -254.00632681454317 -76.01638872153103 232.22486876769014 -850.2525909085123 -72.81878366451255 561.026865382224 40.28154001345746 -83.11872824781952 114.05669523587618 15.614435532874943 -39.749750104469804 287.4061717693272 15.500127016375465 -116.4748349137175 -2.8704706556246733 -223.93122566477894 -29.529201676273704 -28.638126636785806 -2.953416529355817 -236.45874865505115 -22.242305697127822 -175.67577408236568 21.8980873504112 -2457.976730447288 -295.39862640486297 3571.839058529706 696.1953329833555 1673.7888933312563 1942.6709983299736 -3154.5353817688433 3041.086071836089 0.0 -1083.994707447663; 33.29211462365587 -25.10219624878186 -7.7065235549449635 22.914952112484283 -84.16112152252117 -7.283975039586763 40.281540013457466 158.96707231615056 -8.037894830202466 11.224585754472388 1.413810246907433 -3.821699006313201 28.194279559641842 1.4620201385185783 -11.338088843929906 -0.3349843932985192 -22.222260941925597 -2.862943233780811 -2.9658733254774843 -0.2645970358617097 -23.275798496218968 -2.251237950544799 -17.497006489048125 2.0645989492275088 -240.5941394220812 -29.000728683974668 349.70360283021125 68.20977266696795 163.80646245924055 190.19429005700798 -308.8363149869179 297.7417449221688 0.0 -106.14430777090872; -68.67538958227986 51.940505420137654 15.785485695289525 -47.32921005637884 173.96701870968676 14.985450732526244 -83.11872824781952 -8.037894830202465 170.50823553658273 -22.818300750431067 -2.6148375335733474 6.871561713367756 -56.4424904429369 -2.730035236708638 22.20914727185294 0.46084189211970034 46.02193792694148 5.4399850224712205 6.177788737537497 0.2780171490950433 47.21361375294852 4.714120153425906 36.448217773541444 -4.424003143038301 480.7939691065347 57.20870236478984 -697.5436815197806 -135.4634303698715 -328.5468729517239 -379.48970059631114 616.9507744338858 -593.5784288005415 0.0 212.00560668674856; 94.35544932466694 -71.3291616131014 -21.460451002285556 65.1573985904024 -238.82436406035796 -20.49587015222031 114.05669523587619 11.224585754472386 -22.81830075043107 186.97991473609142 4.182937783455119 -10.759091377119644 79.95908848949107 4.205045606031624 -32.184259582057216 -0.7783049116026826 -62.97284132039785 -8.099318270298712 -8.167857837430622 -0.7248518265619615 -66.03693352611761 -6.307365176223148 -49.52011534117778 6.11229777042418 -683.0691531568051 -81.98350708870376 992.36064093579 193.3180579622845 465.42540769172155 539.7556366819871 -876.6472426137674 844.8218577200919 0.0 -301.2562153727759; 12.865939605343236 -9.692611508990678 -3.0713584290122626 8.800611238319082 -32.54491487506605 -2.851944756448629 15.614435532874952 1.4138102469074332 -2.614837533573349 4.182937783455122 155.46715764163858 -1.094770637313463 10.178163705698578 0.42398894761320843 -3.887162453640985 -0.10334702371336911 -8.662873367985222 -0.9237722148024387 -1.2589474868565265 -0.0035268259548043458 -8.644452018997614 -0.9255032206430689 -6.929770567309831 0.7669928887652109 -87.76511898514212 -9.28745328133939 125.47500928134752 23.507917501885345 61.484230209675324 68.41383486262934 -112.1444106214903 106.39228555631648 0.0 -38.34192831974858; -32.8181619722277 24.850611929415184 7.567749856853539 -22.602525722995562 83.22167588862303 7.171850884565639 -39.74975010446982 -3.821699006313201 6.87156171336776 -10.759091377119642 -1.0947706373134625 158.0027485900575 -26.269599734296122 -1.1776479402649778 10.128543897726466 0.1592466563515513 22.06722335505752 2.4145126642485537 3.0199245962287486 0.029478733564721728 22.226551172593304 2.2944554516972437 17.57334382144832 -2.132787723249339 223.8319878444459 25.960831057666464 -323.6253573195843 -62.334375716004374 -153.91265085207445 -176.1579442323686 286.97387488755476 -275.1435261773525 0.0 98.53105124811152; 237.69905082685554 -179.72656753620237 -54.16530862231727 164.08230213268868 -601.7795778489501 -51.675065334851595 287.40617176932733 28.19427955964184 -56.44249044293692 79.95908848949107 10.178163705698573 -26.269599734296122 355.032572028121 10.311425553574534 -80.03526158110931 -1.8562819693923345 -158.79987287567442 -20.00992722142212 -20.75430561820693 -1.6085461914283545 -165.63102159042901 -15.988721746180206 -125.09211351245736 15.401353985584501 -1708.8430864213005 -203.05244918776157 2479.2654727565296 481.4350170521845 1167.1607982507774 1348.7750288100265 -2192.3280758471387 2109.9481997319685 0.0 -753.0914030473552; 12.792075180825469 -9.662900193113089 -2.9838144674940206 8.790424496397009 -32.3931018354405 -2.808333016370392 15.500127016375465 1.4620201385185776 -2.7300352367086376 4.205045606031623 0.4239889476132081 -1.1776479402649775 10.311425553574532 155.57991579938704 -3.9977245954859133 -0.08750099535610552 -8.5932773015175 -0.9634822707030583 -1.193441826531628 -0.02570440871366282 -8.693738232400097 -0.8969667077547075 -6.838714780368788 0.8028036475586184 -88.40841848254533 -9.909467820531287 127.28810338367957 24.26652846613521 61.206784573389626 69.32868583597323 -113.19319339500854 108.11643895565068 0.0 -38.79525826361934; -96.28038460854552 72.80593550754365 22.043293055877925 -66.40335609062488 243.8206292562861 20.973256523041574 -116.47483491371757 -11.338088843929908 22.209147271852952 -32.18425958205722 -3.887162453640986 10.128543897726468 -80.03526158110934 -3.997724595485916 186.87807192566854 0.700657964405315 64.42371863916372 7.8614595221191745 8.540102670948034 0.5185201889888427 66.63063849017071 6.545107204083412 50.889240606503655 -6.2157750616313745 682.7739924194397 81.30681318128363 -990.7754201695388 -192.48879342197176 -466.30959630682526 -538.9964173000709 876.0943300673271 -843.1823718344575 0.0 301.02394982965683; -2.383894676543151 1.8465895492272446 0.47860288226065967 -1.682570918964078 6.119724317795498 0.49373990765752834 -2.8704706556246733 -0.3349843932985192 0.4608418921197005 -0.7783049116026826 -0.10334702371336911 0.15924665635155125 -1.8562819693923347 -0.08750099535610548 0.7006579644053148 155.08417836463923 1.6090373001551255 0.15537794919338693 0.17849185088036068 -0.012425092873266024 1.5982263149817146 0.15609664300471818 1.2779145081848586 -0.2085393710329378 15.240911659725946 2.1545488673420703 -22.64682798325416 -4.645871068080436 -10.003358710717636 -12.27874959928284 19.711198686026396 -19.373082032759896 0.0 6.846311141965119; -185.34890746756096 140.1182809568752 41.9384676439437 -128.116452577839 469.0393010507575 40.17338825956028 -223.93122566477896 -22.2222609419256 46.0219379269415 -62.97284132039786 -8.66287336798522 22.067223355057525 -158.79987287567442 -8.593277301517503 64.42371863916372 1.6090373001551257 278.62948981138857 16.355088563024868 15.782019994179254 1.6655829943504068 130.5662235742349 12.258358189759791 96.8670249389526 -12.06808398172321 1358.3182427243642 163.27101354290568 -1973.9219331716035 -384.77019538633647 -924.8851742389115 -1073.5804359779008 1743.2447262278463 -1680.6317511786497 0.0 599.0247094831967; -24.39908285438642 18.46021110212371 5.599120825650123 -16.82007333389829 61.820015911665415 5.320529150231154 -29.529201676273708 -2.862943233780811 5.439985022471223 -8.099318270298712 -0.9237722148024385 2.4145126642485533 -20.00992722142212 -0.9634822707030583 7.861459522119171 0.1553779491933869 16.355088563024864 157.03460561382607 2.192571444575903 0.09160420691146932 16.754910981327836 1.675447256178872 12.957171284668508 -1.58007474212968 170.68411466037546 20.094730172856455 -247.29478868116192 -47.867303739887845 -116.90558177551902 -134.5646328564157 218.92918244005634 -210.3694018518307 0.0 75.19638946230138; -23.7488067299327 18.00341791311768 5.225236733641986 -16.499362581494516 60.15748266101872 5.089150352717006 -28.63812663678582 -2.9658733254774843 6.177788737537499 -8.167857837430622 -1.2589474868565265 3.019924596228749 -20.754305618206935 -1.1934418265316284 8.540102670948032 0.1784918508803607 15.782019994179254 2.1925714445759033 157.01405132249485 0.26157785455738425 16.939720772323362 1.5216788354413497 12.301122499204087 -1.6287961201007821 177.68323168251948 21.629895599671652 -258.69482340920763 -50.6422520987622 -120.55653072995828 -140.6580461761664 228.12444884441325 -220.37009441421517 0.0 78.4273941658039; -2.4242444356720974 1.8448126848462412 0.5813260466480091 -1.6567470642513205 6.181604929864201 0.5390828501644759 -2.953416529355818 -0.26459703586170963 0.27801714909504355 -0.7248518265619616 -0.003526825954804309 0.029478733564721627 -1.6085461914283545 -0.025704408713662846 0.5185201889888423 -0.012425092873266026 1.6655829943504066 0.09160420691146935 0.2615778545573842 155.06809781248572 1.4820784493573016 0.19116019211308455 1.3734960942501013 -0.15912790239345126 13.521420291822102 1.398167686922673 -19.250858113667615 -3.571693019287114 -9.572393678731148 -10.505144732542343 17.2851350238375 -16.293867660951417 0.0 5.921629972694293; -195.61366026334596 147.88605548408324 44.483377332632635 -135.084553272209 495.1402282735664 42.488237827264975 -236.45874865505124 -23.275798496218968 47.21361375294854 -66.03693352611762 -8.644452018997614 22.22655117259331 -165.63102159042904 -8.693738232400097 66.63063849017068 1.598226314981715 130.5662235742349 16.75491098132784 16.939720772323362 1.4820784493573016 291.9555719528848 13.08216222001203 102.69074461585645 -12.682487188587945 1415.9194857327386 169.08498190022857 -2055.6974300265365 -399.83497229723343 -965.8447926221521 -1118.2239587005326 1816.817017413295 -1749.7997286378845 0.0 624.1963080712654; -18.427478019241185 13.944863030315274 4.117094805426851 -12.767089765203764 46.644197205351865 3.9733444785528715 -22.242305697127826 -2.2512379505447995 4.714120153425908 -6.307365176223151 -0.9255032206430689 2.2944554516972437 -15.988721746180211 -0.8969667077547078 6.545107204083411 0.15609664300471823 12.258358189759793 1.6754472561788725 1.5216788354413497 0.19116019211308455 13.082162220012034 156.31231884126663 9.579196455534495 -1.2260743411625243 136.83728135640908 16.577409791610382 -199.08084690261916 -38.90836050673905 -92.97089904994819 -108.2569543538274 175.6570085130455 -169.55403950110218 0.0 60.37665664317998; -145.43807155972482 109.95494008157121 32.83290675773514 -100.57203074259287 368.02739222559336 31.49288838294082 -175.67577408236576 -17.497006489048125 36.44821777354147 -49.52011534117779 -6.929770567309831 17.573343821448322 -125.09211351245737 -6.838714780368791 50.88924060650365 1.2779145081848589 96.86702493895258 12.95717128466851 12.301122499204087 1.3734960942501018 102.69074461585647 9.579196455534495 231.00601931119908 -9.49673367665939 1070.2712184520074 128.87101524289886 -1555.7308729059473 -303.43376820198984 -728.381518671046 -846.0985124963781 1373.633704718719 -1324.6752499923589 0.0 472.0362374506185; 18.092660646487175 -13.617542781533833 -4.2245941766365664 12.432408173924879 -45.691522015511495 -3.9723614376526646 21.8980873504112 2.0645989492275083 -4.424003143038303 6.112297770424179 0.7669928887652101 -2.1327877232493386 15.4013539855845 0.8028036475586183 -6.215775061631372 -0.2085393710329378 -12.068083981723206 -1.58007474212968 -1.628796120100782 -0.1591279023934512 -12.682487188587945 -1.2260743411625237 -9.496733676659385 156.2058221412943 -131.71775996322503 -15.721702849551987 191.20992969177163 37.183684988492224 89.86169674174009 104.01260265818712 -169.00617995784899 162.75366125223184 0.0 -58.05084623175907; -2032.1460730866343 1537.6941799611475 464.0240320330566 -1402.8168988757905 5148.940002837614 442.29186277652377 -2457.9767304472884 -240.59413942208124 480.79396910653486 -683.0691531568052 -87.76511898514208 223.83198784444593 -1708.8430864213 -88.40841848254537 682.773992419439 15.240911659725949 1358.318242724364 170.68411466037546 177.68323168251948 13.5214202918221 1415.9194857327386 136.83728135640902 1070.271218452007 -131.71775996322503 14795.54461309132 1672.785804921198 -21137.497647840577 -4055.975202374725 -10081.852394301597 -11507.420820234593 18753.44244038991 -17968.65294816165 0.0 6439.377081315054; -244.59909674858122 184.19589912674584 55.5068426564532 -168.6131461127529 616.7574788806737 53.00390654235132 -295.398626404863 -29.000728683974664 57.208702364789865 -81.98350708870375 -9.28745328133939 25.960831057666464 -203.0524491877615 -9.909467820531288 81.3068131812836 2.15454886734207 163.27101354290565 20.094730172856455 21.629895599671652 1.3981676869226725 169.08498190022857 16.57740979161038 128.87101524289886 -15.721702849551988 1672.7858049211977 427.0351476827538 -2540.100588380989 -546.3581665265256 -1053.2199904391546 -1372.9527648843216 2178.269609146874 -2183.6520841832776 0.0 761.9271855346726; 2953.6016497548494 -2233.5491393171237 -673.9556671195088 2038.504740446136 -7479.006257281779 -642.5071660782424 3571.8390585297084 349.7036028302112 -697.5436815197811 992.3606409357905 125.4750092813475 -323.6253573195843 2479.2654727565305 127.28810338367965 -990.7754201695388 -22.646827983254166 -1973.921933171604 -247.29478868116206 -258.69482340920763 -19.25085811366762 -2055.6974300265374 -199.0808469026192 -1555.7308729059478 191.20992969177175 -21137.497647840588 -2540.100588380989 30866.17585483815 5984.168948076358 14403.333144989097 16704.043607712414 -27130.769549695182 26144.627506560264 0.0 -9338.671339847713; 575.9606521494185 -434.89961055766696 -131.18895349775647 397.33195257295955 -1456.250524029964 -125.128254981049 696.1953329833555 68.20977266696795 -135.4634303698715 193.3180579622845 23.507917501885338 -62.334375716004374 481.4350170521845 24.26652846613522 -192.48879342197168 -4.645871068080436 -384.77019538633635 -47.86730373988784 -50.64225209876219 -3.5716930192871135 -399.83497229723343 -38.908360506739044 -303.4337682019898 37.18368498849223 -4055.9752023747246 -546.3581665265256 5984.168948076356 1363.8882093610512 2691.792926933627 3247.6741745020704 -5231.937804127706 5112.028413233474 0.0 -1811.6221681806367; 1383.3881505263787 -1047.8898711453419 -316.2195366614832 955.314110146377 -3508.8143740045803 -301.3410291310955 1673.7888933312574 163.8064624592406 -328.5468729517241 465.4254076917218 61.484230209675346 -153.9126508520745 1167.1607982507778 61.20678457338968 -466.30959630682514 -10.003358710717636 -924.8851742389118 -116.90558177551908 -120.55653072995828 -9.572393678731155 -965.8447926221526 -92.97089904994822 -728.3815186710459 89.86169674174016 -10081.8523943016 -1053.2199904391553 14403.3331449891 2691.792926933628 7218.250818818969 7853.365490140015 -12870.727799664457 12214.341047030617 0.0 -4400.171495972578; 1606.3771497514836 -1214.8725011334923 -366.57999797638195 1108.7163893048807 -4067.9808427232206 -349.46657241028106 1942.6709983299738 190.19429005700795 -379.4897005963112 539.755636681987 68.4138348626293 -176.15794423236852 1348.7750288100262 69.32868583597322 -538.9964173000707 -12.278749599282841 -1073.5804359779006 -134.5646328564157 -140.65804617616635 -10.50514473254234 -1118.2239587005324 -108.25695435382737 -846.0985124963779 104.01260265818713 -11507.420820234589 -1372.9527648843218 16704.043607712403 3247.6741745020704 7853.365490140008 9241.808119157255 -14765.845760045184 14217.356414113496 0.0 -5080.526655865235; -2608.206333718545 1973.2026275234616 595.3846325078267 -1800.3910925800367 6607.210575792852 567.5575757417994 -3154.5353817688456 -308.83631498691784 616.9507744338862 -876.6472426137678 -112.1444106214903 286.97387488755476 -2192.3280758471396 -113.19319339500858 876.0943300673267 19.711198686026403 1743.2447262278463 218.92918244005645 228.12444884441325 17.285135023837494 1816.8170174132952 175.6570085130455 1373.633704718719 -169.00617995784907 18753.442440389914 2178.269609146874 -27130.769549695175 -5231.937804127707 -12870.727799664448 -14765.845760045184 24192.67404866008 -23074.16810461973 0.0 8259.254059494442; 2514.817765099732 -1901.462509320779 -573.7570597746068 1735.5781468896682 -6367.028596406302 -546.9976524959802 3041.086071836091 297.74174492216883 -593.5784288005417 844.8218577200918 106.39228555631644 -275.14352617735256 2109.9481997319685 108.11643895565074 -843.1823718344574 -19.373082032759896 -1680.6317511786497 -210.36940185183073 -220.37009441421517 -16.293867660951417 -1749.7997286378848 -169.55403950110218 -1324.6752499923584 162.75366125223184 -17968.65294816165 -2183.652084183278 26144.62750656025 5112.028413233474 12214.341047030617 14217.356414113498 -23074.168104619734 22419.568620649217 0.0 -7947.218874349375; 0.0 0.0 0.0 0.0 0.0 0.0 0.0 0.0 0.0 0.0 0.0 0.0 0.0 0.0 0.0 0.0 0.0 0.0 0.0 0.0 0.0 0.0 0.0 0.0 0.0 0.0 0.0 0.0 0.0 0.0 0.0 0.0 155.11390926152419 0.0; -896.3316586405308 677.9411042347 204.54361705720504 -618.6790234242603 2270.0664120603446 195.0026059162933 -1083.9947074476634 -106.14430777090874 212.00560668674865 -301.25621537277607 -38.341928319748575 98.53105124811154 -753.0914030473555 -38.79525826361936 301.0239498296567 6.8463111419651215 599.0247094831968 75.1963894623014 78.4273941658039 5.921629972694294 624.1963080712655 60.376656643179984 472.0362374506185 -58.05084623175911 6439.377081315057 761.9271855346726 -9338.671339847711 -1811.6221681806373 -4400.171495972578 -5080.5266558652365 8259.25405949444 -7947.218874349377 0.0 2837.0095495645983]
 * x: [-1.0761885011556582, -0.11350959629578579, 1.0052725696243212, 0.12004351876182785, 0.4404620797186965, 0.6684182159264316, -0.942558317029734, 1.0796542934563806, -0.216416543294217, -1.1509595244847128, 0.9846081743586345, 0.6056775568216267, -0.6669854278143357, 0.6043051034023845, -0.5061255057875477, 1.1677250094006746, -0.4034801143840318, -0.5839393356550953, -0.094634558885142, -0.20971379213111774, -0.0041283624024994955, -0.4342493424659025, 0.011714634085189354, -0.5413385590684174, -0.11744301642332755, 0.07263594125147496, 0.03541016025051779, -0.056269957940434386, 0.18685090100913737, 0.030011188839465353, -0.11290311760073216, 0.003702006161559017, 0.0, 0.016900606048317557]
bfgs   10   loss 1.277938e-07
n     Energy            log10(ΔE)   log10(Δρ)   Diag   Δtime 
---   ---------------   ---------   ---------   ----   ------
  1   -7.861998715332                   -1.81    1.0    454ms
  2   -7.862149696901       -3.82       -2.49    1.0    425ms
  3   -7.862160319888       -4.97       -3.24    2.3    559ms
  4   -7.862160587486       -6.57       -4.10    2.1    602ms
  5   -7.862160595639       -8.09       -4.78    2.4    532ms
  6   -7.862160595843       -9.69       -4.98    2.2    620ms
  7   -7.862160595897      -10.27       -5.59    1.1    433ms
  8   -7.862160595901      -11.43       -6.57    2.1    610ms
  9   -7.862160595901      -13.11       -6.96    2.3    562ms
 10   -7.862160595901   +  -14.21       -7.63    1.7    473ms
 11   -7.862160595901      -14.57       -8.29    2.0    621ms
 12   -7.862160595901      -14.27       -8.64    1.9    512ms
 13   -7.862160595901   +  -14.15       -9.20    1.5    563ms
 14   -7.862160595901   +    -Inf       -9.78    1.7    499ms
 15   -7.862160595901   +  -14.75      -10.52    1.6    527ms
n     Energy            log10(ΔE)   log10(Δρ)   Diag   Δtime 
---   ---------------   ---------   ---------   ----   ------
  1   -7.889516803273                   -1.88    1.0    749ms
  2   -7.889652687486       -3.87       -2.63    1.0    795ms
  3   -7.889662662102       -5.00       -3.18    2.2    1.05s
  4   -7.889662842984       -6.74       -4.13    1.9    1.01s
  5   -7.889662854858       -7.93       -4.84    2.6    959ms
  6   -7.889662854988       -9.88       -5.16    2.2    995ms
  7   -7.889662854993      -11.28       -6.32    1.2    810ms
  8   -7.889662854994      -12.05       -6.78    3.0    1.20s
  9   -7.889662854994      -14.10       -7.53    1.1    902ms
 10   -7.889662854994   +    -Inf       -8.68    2.1    919ms
 11   -7.889662854994      -14.45       -9.36    3.0    1.23s
 12   -7.889662854994   +  -14.75       -9.89    1.9    996ms
 13   -7.889662854994   +  -14.75      -10.34    1.9    939ms
n     Energy            log10(ΔE)   log10(Δρ)   Diag   Δtime 
---   ---------------   ---------   ---------   ----   ------
  1   -7.877725670551                   -1.93    1.0    714ms
  2   -7.877846034087       -3.92       -2.67    1.0    861ms
  3   -7.877855162953       -5.04       -3.21    2.2    1.03s
  4   -7.877855342178       -6.75       -4.06    1.9    1.01s
  5   -7.877855349452       -8.14       -4.88    2.3    958ms
  6   -7.877855349653       -9.70       -5.28    2.4    1.03s
  7   -7.877855349657      -11.35       -6.40    1.4    915ms
  8   -7.877855349657      -12.44       -6.60    2.6    1.02s
  9   -7.877855349657      -13.94       -7.54    1.0    837ms
 10   -7.877855349657   +  -15.05       -8.33    2.2    1.04s
 11   -7.877855349657   +    -Inf       -8.98    2.1    936ms
 12   -7.877855349657   +  -14.57      -10.09    2.1    1.03s
n     Energy            log10(ΔE)   log10(Δρ)   Diag   Δtime 
---   ---------------   ---------   ---------   ----   ------
  1   -7.828257448909                   -1.83    1.0    375ms
  2   -7.828414206327       -3.80       -2.45    1.0    516ms
  3   -7.828424357156       -4.99       -3.34    2.3    555ms
  4   -7.828424735707       -6.42       -3.83    2.5    654ms
  5   -7.828424741239       -8.26       -4.72    1.7    481ms
  6   -7.828424741796       -9.25       -5.09    2.5    661ms
  7   -7.828424741802      -11.27       -5.87    1.2    450ms
  8   -7.828424741802      -12.14       -6.34    2.4    526ms
  9   -7.828424741802      -13.56       -7.44    1.6    535ms
 10   -7.828424741802      -14.75       -8.26    3.2    603ms
 11   -7.828424741802   +  -15.05       -9.25    2.6    605ms
 12   -7.828424741802      -14.75       -9.96    2.9    616ms
 13   -7.828424741802   +  -15.05      -10.77    2.3    615ms
n     Energy            log10(ΔE)   log10(Δρ)   Diag   Δtime 
---   ---------------   ---------   ---------   ----   ------
  1   -7.855676427482                   -1.90    1.0    749ms
  2   -7.855811301906       -3.87       -2.61    1.0    834ms
  3   -7.855819190665       -5.10       -3.31    2.2    982ms
  4   -7.855819420646       -6.64       -3.88    2.1    1.00s
  5   -7.855819432996       -7.91       -4.51    1.8    850ms
  6   -7.855819433705       -9.15       -4.80    2.1    975ms
  7   -7.855819433828       -9.91       -6.13    1.0    846ms
  8   -7.855819433833      -11.31       -6.75    3.3    1.16s
  9   -7.855819433833      -14.57       -6.69    1.9    883ms
 10   -7.855819433833      -14.01       -7.51    1.0    837ms
 11   -7.855819433833      -14.57       -8.36    1.9    978ms
 12   -7.855819433833   +    -Inf       -8.62    2.4    1.03s
 13   -7.855819433833   +    -Inf       -8.67    1.9    996ms
 14   -7.855819433833   +  -14.75       -9.49    1.0    855ms
 15   -7.855819433833      -14.57      -10.41    1.9    865ms
n     Energy            log10(ΔE)   log10(Δρ)   Diag   Δtime 
---   ---------------   ---------   ---------   ----   ------
  1   -7.844255585959                   -1.94    1.0    768ms
  2   -7.844372585203       -3.93       -2.67    1.0    801ms
  3   -7.844379313785       -5.17       -3.33    2.1    1.01s
  4   -7.844379563010       -6.60       -3.81    2.1    1.03s
  5   -7.844379580733       -7.75       -4.58    1.7    876ms
  6   -7.844379581399       -9.18       -4.86    2.0    1.02s
  7   -7.844379581488      -10.05       -6.36    1.1    866ms
  8   -7.844379581491      -11.48       -6.42    3.6    1.18s
  9   -7.844379581491      -13.40       -6.67    1.0    886ms
 10   -7.844379581491      -13.91       -7.94    1.1    870ms
 11   -7.844379581491      -14.75       -8.13    3.1    1.11s
 12   -7.844379581491   +    -Inf       -7.77    1.0    843ms
 13   -7.844379581491      -14.57       -8.37    1.0    893ms
 14   -7.844379581491   +  -14.45       -8.80    1.0    786ms
 15   -7.844379581491      -14.45       -9.47    1.0    901ms
 16   -7.844379581491   +  -14.45       -9.95    1.6    905ms
 17   -7.844379581491   +  -15.05      -10.51    1.8    1.03s
n     Energy            log10(ΔE)   log10(Δρ)   Diag   Δtime 
---   ---------------   ---------   ---------   ----   ------
  1   -7.828424741802                  -11.56    1.0    379ms
n     Energy            log10(ΔE)   log10(Δρ)   Diag   Δtime 
---   ---------------   ---------   ---------   ----   ------
  1   -7.855819433833                  -11.08    1.0    774ms
n     Energy            log10(ΔE)   log10(Δρ)   Diag   Δtime 
---   ---------------   ---------   ---------   ----   ------
  1   -7.844379581491                  -11.84    1.0    698ms
n     Energy            log10(ΔE)   log10(Δρ)   Diag   Δtime 
---   ---------------   ---------   ---------   ----   ------
  1   -7.828424741802                  -11.94    1.0    356ms
n     Energy            log10(ΔE)   log10(Δρ)   Diag   Δtime 
---   ---------------   ---------   ---------   ----   ------
  1   -7.855819433833                  -11.51    1.0    674ms
n     Energy            log10(ΔE)   log10(Δρ)   Diag   Δtime 
---   ---------------   ---------   ---------   ----   ------
  1   -7.844379581491                  -12.65    1.0    698ms
n     Energy            log10(ΔE)   log10(Δρ)   Diag   Δtime 
---   ---------------   ---------   ---------   ----   ------
  1   -7.828424741802                  -12.29    1.0    406ms
n     Energy            log10(ΔE)   log10(Δρ)   Diag   Δtime 
---   ---------------   ---------   ---------   ----   ------
  1   -7.855819433833                  -11.71    1.0    655ms
n     Energy            log10(ΔE)   log10(Δρ)   Diag   Δtime 
---   ---------------   ---------   ---------   ----   ------
  1   -7.844379581491                  -12.88    1.0    758ms
    11     1.198605e-07     5.079669e-04
 * Current step size: 0.1
 * time: 726.7128210067749
 * g(x): [-3.1461212782622894e-6, 2.2116090214071625e-6, 1.5264885856675053e-6, -1.7569858844389618e-6, 7.968263915581088e-6, 1.0116734485176066e-6, -4.138426733106575e-6, 2.505294961357077e-7, -7.690612442282052e-7, -5.29380030092812e-7, 5.519594874816806e-7, -6.579160318719903e-7, -6.065424576511797e-7, 3.036951752991397e-7, -4.5910153805561713e-7, 1.1903228459242211e-7, 2.369239946387366e-6, -2.431682615640228e-7, 9.003930419931731e-7, -2.3367152795211854e-7, 1.1392378770378148e-6, 4.65739942348785e-7, 2.2626328126572033e-6, 2.0495363133855357e-7, -3.127594063783845e-5, -1.5057724154334423e-6, 4.595291015608915e-5, 9.22431596879027e-6, 1.651868442123573e-5, 2.4225653199216798e-5, -3.680532384340392e-5, 4.0731866860070935e-5, 0.0, 0.0005079668848665999]
 * ~inv(H): [200.48435184636057 -32.34863233418783 -14.199560681019719 29.179566885219312 -111.67566310533908 -11.360571130038078 55.910795006592885 2.306700029854456 -11.492417476385315 15.049082141423288 0.440320795213365 -6.680921034025454 39.25782613674087 1.6109704197545907 -15.859971352418388 -2.2960523020213395 -30.233508467343025 -4.402125057707519 -6.263903497213406 -0.8063295288791662 -31.684082754297176 -3.7101879246598477 -24.241564047254442 0.2027902871081637 -312.75136573858634 -54.306098355644565 479.88184414915725 105.59281083975529 192.94402921001733 258.9915848994043 -408.7574820771691 413.49542121790654 0.0 -143.16622521895712; -32.34863233418782 178.05202679899196 10.360544955304807 -20.6715107962043 79.40905069182841 8.19111376270012 -39.92554837994096 -1.4551440146497567 8.249869324760045 -10.719974862046989 -0.2194185442644871 4.873957483587761 -28.067352224323916 -1.1268092304421327 11.354438777611348 1.760806711048191 21.548307659664697 3.1783410122245748 4.6077575543693845 0.6079616097489615 22.599486477354525 2.6853295528080507 17.302194636671558 0.026147187547551687 224.3131574857788 38.38100921967302 -343.2647396872883 -75.13562420589578 -139.1052481517037 -185.32861193995853 292.92378001628725 -295.60733716764645 0.0 102.47624713888331; -14.19956068101969 10.3605449553048 159.05349123666363 -9.413785009702794 35.320676724576714 3.359385225313794 -17.350194944003995 -1.1243610805042392 3.7561721670660475 -4.812607664522082 -0.4093031985886801 2.084575277743402 -12.514209282283506 -0.6157380640664623 5.14034904369232 0.5037469211464566 9.433972891558518 1.399931129215809 1.6319065227091794 0.2425703492812364 10.082912156321886 1.0556541310585608 7.460248403589658 -0.4026201313527465 101.57033566916841 16.46097315047547 -154.13024273294562 -33.126856144309286 -63.98279965327159 -83.31038698054999 132.20726873878536 -132.5070859973384 0.0 46.1247446725032; 29.17956688521925 -20.671510796204288 -9.4137850097028 173.7227562625125 -71.61280075838927 -7.4157278901326205 36.040735561930966 1.2586251235933565 -7.298692796503076 9.620258693239702 0.12834866688139562 -4.297073199922118 25.11379785579978 0.9718615180678714 -10.097627278856361 -1.5973338468822467 -19.460262576454916 -2.817281337511217 -4.212981988277994 -0.5232681937221697 -20.28079944690826 -2.445545220793486 -15.662427002745424 -0.05938644716493166 -199.5770220883275 -34.86371484052442 306.49098271854797 67.57164421001691 122.93689862063742 165.39460491378782 -260.94967070104246 264.13005923867644 0.0 -91.41969144736768; -111.67566310533896 79.40905069182827 35.320676724576735 -71.61280075838917 429.61168528334525 28.104668642024738 -137.7079595851418 -5.380127153979428 28.5063361655505 -37.06509206150973 -0.9662715465989886 16.72512060605866 -96.932171884817 -3.9606049903337515 39.24012157745709 5.869674855483629 74.38337155297457 10.94767231370199 15.628044478771367 2.0650175030198494 78.08847154910505 9.185629008333356 59.65567830854848 -0.2194050964841306 775.6436372205949 132.09399382137144 -1186.0756476643178 -259.19919748063984 -481.6937177763145 -640.4277037874418 1012.6035100900817 -1021.2499194011511 0.0 354.1693124715208; -11.360571130038064 8.191113762700102 3.3593852253137935 -7.415727890132614 28.104668642024738 157.88224551336558 -13.941879504169881 -0.7339652731599164 2.943807209308342 -3.8093754665195863 -0.21646114798606703 1.6738074646913534 -9.924026026253426 -0.44754403459505193 4.044026477489109 0.492356590744369 7.55863508618325 1.1124844011853072 1.4404667796258073 0.1990075572896786 8.000997923826263 0.8877253244095624 6.019425321176673 -0.18211870592734838 79.92481752390947 13.318343456725996 -121.8084163427526 -26.425744899725927 -49.94663247290422 -65.80096120781911 104.2034920450293 -104.81127491607289 0.0 36.408568706585974; 55.91079500659274 -39.92554837994094 -17.350194944004002 36.04073556193093 -137.70795958514188 -13.941879504169894 223.966333470233 2.9604537101877715 -14.280059693163436 18.596208964071668 0.6411199283048746 -8.289636735950655 48.54559099597623 2.0349987161140572 -19.666776508657637 -2.7782834270092343 -37.23769996881915 -5.458556125617753 -7.615634712054729 -1.0062160182664908 -39.14145124796345 -4.5359118858191785 -29.813786945801017 0.34349096851208605 -387.88108004858174 -66.6241438982415 594.0708881886994 130.22738083791728 240.13244694870838 320.6996373857633 -506.6171601595832 511.69507512521255 0.0 -177.31689159481695; 2.306700029854468 -1.4551440146497558 -1.1243610805042403 1.258625123593354 -5.3801271539794735 -0.7339652731599184 2.960453710187781 154.9099381557842 -0.4573633334710387 0.6832217576543383 -0.19537992735605972 -0.3447799659264734 1.8133737383480202 -0.007608620679850552 -0.6654276665439574 -0.2888774092953106 -1.5593373449788086 -0.20611536522861984 -0.5809051501360916 -0.04885414690959507 -1.477412986289093 -0.2729146754050555 -1.3333648300389074 -0.2607269445975392 -13.25508141453618 -2.996016136534214 21.329946720403953 5.154167359237687 7.4225462494402565 11.439336195809268 -17.650460189382503 18.5490244402194 0.0 -6.283405028858154; -11.492417476385269 8.249869324760017 3.756172167066041 -7.298692796503057 28.50633616555048 2.9438072093083374 -14.280059693163427 -0.4573633334710352 156.47219583024915 -3.3379599875815735 0.41623001528621595 0.44998961886829164 -7.696492187444563 0.008192636688071768 2.463501463904555 0.42214797035314716 7.897920154769028 0.5286278783452816 1.852634708342424 -0.11974100501905427 6.9424877257373065 1.0880624696835275 6.6512592370724715 -0.055785425958357365 59.04974056083008 10.112778585936537 -90.12872772689246 -19.65935480976466 -37.05268441535368 -48.69445618183852 77.26991636339439 -77.47888937436743 0.0 27.12658967688244; 15.049082141423236 -10.719974862046964 -4.812607664522078 9.620258693239698 -37.065092061509766 -3.809375466519581 18.59620896407166 0.6832217576543335 -3.3379599875815775 159.95491037247822 -0.03925804160487243 -1.8515917986404067 12.335647631667303 0.39959515326882245 -4.7843909531771045 -0.738592399538367 -10.101812216717066 -1.2853409535330456 -2.192285875795806 -0.17332349626758053 -10.17257879436952 -1.285917318272688 -8.204916979449242 0.030952900973358448 -97.49732128173115 -16.93595806157225 149.52089162574782 32.8803374502135 60.28639200030009 80.70715003051724 -127.4778720973017 128.7926263640827 0.0 -44.67303585473793; 0.44032079521336603 -0.2194185442644862 -0.409303198588682 0.12834866688140076 -0.9662715465990015 -0.21646114798606828 0.6411199283048815 -0.19537992735605983 0.41623001528621395 -0.039258041604869585 154.83355479488057 0.29857467191273906 -0.38942023955141114 -0.16038131147279908 0.3832961527309322 -0.07600268382609521 -0.37501141990926334 0.14008443146693095 -0.287985236715289 0.08306396995648584 0.08889246510709671 -0.12741369641148084 -0.4416609481297047 -0.1508261313106513 2.982451212630792 1.3116921154702 -5.939090981084491 -1.885934969348738 -0.6763710219644171 -3.0965908404866465 4.185957278070606 -5.405052782880694 0.0 1.5916383738237199; -6.680921034025462 4.873957483587758 2.0845752777434035 -4.297073199922121 16.72512060605867 1.6738074646913523 -8.289636735950667 -0.3447799659264737 0.4499896188682976 -1.8515917986404071 0.2985746719127395 155.06692859818276 -3.980936287257598 0.07730053008492402 1.0968154965832242 0.14753765137581148 4.642624843258213 0.16856465378763366 1.0528040064931603 -0.15227851193543748 3.8138982822291942 0.6402617424314349 3.9579408358822197 -0.12625518025113502 30.778062410034867 4.549525009092307 -45.806244618970574 -9.475187318939946 -20.303820411722437 -24.840989738259317 39.999381463302534 -39.13417968498082 0.0 13.950681628268388; 39.2578261367408 -28.0673522243239 -12.51420928228351 25.11379785579978 -96.9321718848171 -9.92402602625344 48.54559099597628 1.8133737383480113 -7.696492187444581 12.335647631667307 -0.38942023955141813 -3.980936287257594 185.82176226451273 0.788214496837511 -11.472796117027341 -1.7590014429387242 -26.505833871046473 -2.9595509866426433 -5.805599519736551 -0.22852381781314438 -25.84472734508881 -3.425123037553238 -21.714263442105256 0.18108842245471968 -243.52031390253202 -40.33008994319424 370.23962693673167 80.01144819006906 153.2875694807029 200.098278618371 -317.6449345448289 318.25385573089847 0.0 -111.03982180129292; 1.6109704197545875 -1.1268092304421309 -0.6157380640664627 0.9718615180678718 -3.960604990333753 -0.4475440345950525 2.0349987161140564 -0.007608620679851199 0.008192636688071747 0.399595153268823 -0.16038131147279935 0.07730053008492412 0.7882144968375118 155.04803058839966 -0.14351078601375397 -0.07365662690694837 -1.1375912844911948 -0.004268670926746444 -0.33741597013651276 0.052122990490099434 -0.8252112737709084 -0.18458671356415723 -1.008025557269124 -0.04091997184607037 -6.240864105745649 -0.5795536832686952 8.709517209315509 1.5468219365438083 4.60151307599132 4.770279396148921 -7.9799455198145095 7.318114562159256 0.0 -2.7250105446214747; -15.859971352418414 11.354438777611358 5.140349043692326 -10.097627278856391 39.2401215774572 4.044026477489117 -19.666776508657684 -0.665427666543957 2.4635014639045614 -4.784390953177107 0.3832961527309311 1.096815496583223 -11.47279611702736 -0.14351078601375472 159.10221555921407 0.6520310964146899 10.808369368456678 0.9532467264590508 2.466854535768701 -0.04082610711070376 9.989215539109985 1.4486365499644467 8.987778277732222 -0.06284946875415688 89.37167092226052 15.184267983463563 -136.34955904324116 -29.69579593160772 -56.000107039663376 -73.66277882253202 116.81591909800574 -117.24878617522769 0.0 40.942301799108904; -2.296052302021339 1.7608067110481909 0.5037469211464566 -1.5973338468822464 5.8696748554836295 0.4923565907443688 -2.7782834270092343 -0.2888774092953105 0.4221479703531473 -0.7385923995383672 -0.07600268382609522 0.14753765137581143 -1.7590014429387244 -0.07365662690694831 0.6520310964146898 155.10127983376668 1.5538017469409247 0.14478781840529262 0.20005409053950662 -0.012891454656551043 1.5205933395096667 0.15973610133359586 1.2442454181908529 -0.17339453156051127 13.781345979492587 2.4133428832106745 -21.193003977119634 -4.67651728714746 -8.48633821421301 -11.435296228298359 18.03028499417558 -18.264065938616383 0.0 6.3449312531063; -30.233508467342975 21.548307659664705 9.433972891558527 -19.460262576454934 74.38337155297458 7.55863508618324 -37.237699968819115 -1.559337344978806 7.89792015476903 -10.101812216717066 -0.37501141990926123 4.642624843258213 -26.505833871046462 -1.1375912844911955 10.80836936845667 1.5538017469409247 175.2233466349322 3.0236418241131657 4.131273445295182 0.5870373535666131 21.28045953217936 2.4489453579623266 16.07441522828574 -0.1363971072019563 211.93643094882154 36.47742319328872 -324.7299951322845 -71.24257514473348 -131.07534105330836 -175.2886565105618 276.8297994565859 -279.73605565657203 0.0 96.88920231952324; -4.4021250577075195 3.178341012224572 1.3999311292158092 -2.817281337511223 10.947672313702006 1.1124844011853077 -5.458556125617755 -0.2061153652286195 0.5286278783452845 -1.2853409535330473 0.140084431466931 0.16856465378763313 -2.9595509866426455 -0.00426867092674631 0.9532467264590484 0.14478781840529256 3.0236418241131657 155.3165758366746 0.6848938503350308 -0.04746753054534466 2.6693443965877353 0.4089887223276799 2.539211600831563 -0.0476301177023328 23.06050791887453 3.6819797257537945 -34.79176165254651 -7.406213181378535 -14.786439634202079 -18.827650555990786 30.056100861191915 -29.834545451441294 0.0 10.506707298206695; -6.263903497213404 4.607757554369389 1.6319065227091802 -4.2129819882779955 15.62804447877139 1.4404667796258088 -7.615634712054738 -0.5809051501360908 1.852634708342426 -2.192285875795806 -0.2879852367152889 1.0528040064931605 -5.805599519736552 -0.33741597013651303 2.4668545357686993 0.20005409053950665 4.131273445295186 0.684893850335031 155.74643130427347 0.140236381524115 4.595285147961706 0.430856274409006 3.2136253712503207 -0.23778986264551244 47.146515888918294 7.873694103100682 -71.95154476110328 -15.638508658926579 -29.345367659739964 -38.857941069918205 61.447930717324994 -61.94643875028442 0.0 21.473729191228774; -0.8063295288791661 0.6079616097489613 0.2425703492812366 -0.5232681937221705 2.0650175030198494 0.19900755728967873 -1.0062160182664917 -0.04885414690959499 -0.11974100501905403 -0.17332349626758073 0.08306396995648588 -0.1522785119354376 -0.22852381781314451 0.052122990490099434 -0.040826107110703946 -0.012891454656551048 0.5870373535666131 -0.047467530545344604 0.14023638152411497 155.05684908054644 0.342083875300051 0.08890304813186863 0.5308746696080737 -0.03449381661071638 1.5590131043470683 0.07777852380069074 -2.0458037100625384 -0.30280993901724196 -1.285804237867246 -1.1334618282251896 1.9843989905525974 -1.6799494411535232 0.0 0.6827678035942263; -31.684082754297158 22.599486477354496 10.082912156321893 -20.28079944690833 78.0884715491052 8.00099792382628 -39.14145124796353 -1.4774129862890901 6.942487725737329 -10.172578794369542 0.08889246510709588 3.8138982822292005 -25.84472734508888 -0.8252112737709085 9.98921553910996 1.5205933395096674 21.280459532179407 2.6693443965877415 4.595285147961708 0.342083875300051 176.47752111230918 2.7050100540183757 17.293643629662157 -0.10471228657416976 205.30732907752218 34.71493191028951 -313.3772541513741 -68.25762525345723 -128.12796305463812 -169.2645065876308 268.03147783338073 -269.65528690542203 0.0 93.77172181134206; -3.7101879246598486 2.6853295528080583 1.0556541310585625 -2.4455452207934947 9.185629008333388 0.8877253244095654 -4.535911885819186 -0.27291467540505604 1.0880624696835295 -1.2859173182726926 -0.12741369641148106 0.6402617424314353 -3.425123037553247 -0.18458671356415748 1.4486365499644474 0.15973610133359595 2.4489453579623324 0.40898872232768063 0.43085627440900626 0.08890304813186863 2.7050100540183797 155.3863711737274 1.9198877133375314 -0.07928651682487697 27.64898485920852 4.718636355590827 -42.3366797918527 -9.268891519683473 -17.101229608730748 -22.853866519914067 36.08330091282602 -36.47396412625828 0.0 12.621746142152107; -24.24156404725443 17.302194636671572 7.460248403589674 -15.66242700274545 59.65567830854863 6.019425321176686 -29.81378694580107 -1.3333648300389058 6.651259237072496 -8.204916979449251 -0.4416609481297046 3.9579408358822206 -21.71426344210528 -1.008025557269126 8.987778277732218 1.2442454181908529 16.074415228285744 2.5392116008315635 3.2136253712503193 0.5308746696080741 17.293643629662174 1.9198877133375283 167.88692131941468 -0.1584126346524991 174.1185092148444 29.986307767888036 -266.87777413040646 -58.58014368496748 -107.56191918317558 -144.04969546036742 227.40690967707187 -229.9368479481597 0.0 79.58189171062433; 0.20279028710815625 0.026147187547555368 -0.40262013135274627 -0.05938644716492905 -0.21940509648410433 -0.18211870592734775 0.3434909685120807 -0.2607269445975401 -0.0557854259583592 0.030952900973357487 -0.15082613131065234 -0.126255180251134 0.1810884224547173 -0.0409199718460707 -0.06284946875415448 -0.17339453156051127 -0.13639710720195078 -0.04763011770233256 -0.23778986264551222 -0.034493816610716294 -0.10471228657416788 -0.07928651682487603 -0.15841263465249472 154.87738637645617 -0.8635109700246171 -0.5430244955939013 1.8773874474725412 0.6740454463642731 0.1023368582354196 0.9724365940505099 -1.3090312540818625 1.7148353716200988 0.0 -0.5027086488541997; -312.75136573858623 224.31315748577896 101.57033566916853 -199.5770220883278 775.6436372205968 79.9248175239096 -387.8810800485819 -13.25508141453618 59.04974056083031 -97.49732128173135 2.9824512126308287 30.778062410034906 -243.52031390253188 -6.240864105745691 89.37167092225997 13.78134597949259 211.93643094882145 23.060507918874524 47.146515888918316 1.559013104347066 205.3073290775219 27.648984859208458 174.11850921484404 -0.8635109700246429 2128.418565678037 250.97776490801948 -2882.5482567222816 -570.3453391192128 -1335.5672661135288 -1566.7559219941704 2540.8558030578865 -2455.873611714051 0.0 884.1302413454862; -54.30609835564453 38.381009219673 16.460973150475475 -34.863714840524416 132.09399382137127 13.318343456725994 -66.62414389824148 -2.9960161365342044 10.11277858593656 -16.93595806157224 1.3116921154702 4.549525009092303 -40.330089943194174 -0.5795536832686942 15.184267983463545 2.413342883210674 36.47742319328873 3.6819797257537923 7.873694103100683 0.07777852380069009 34.714931910289465 4.718636355590821 29.986307767888036 -0.5430244955939032 250.97776490801888 277.788179018014 -506.99016515069013 -165.69600761616283 -59.04065709090006 -264.5629049629329 363.08570060350536 -459.0394356217926 0.0 141.77922111463585; 479.8818441491584 -343.264739687289 -154.13024273294602 306.4909827185493 -1186.075647664321 -121.80841634275315 594.0708881887017 21.32994672040387 -90.12872772689299 149.52089162574853 -5.939090981084491 -45.80624461897058 370.23962693673303 8.709517209315612 -136.34955904324136 -21.19300397711964 -324.7299951322855 -34.7917616525467 -71.95154476110332 -2.0458037100625432 -313.3772541513752 -42.33667979185271 -266.8777741304072 1.8773874474726955 -2882.548256722295 -506.9901651506906 4582.892617998215 977.1904005414245 1779.6624351761598 2389.6316673486212 -3773.398445127346 3814.247077194359 0.0 -1338.0678604786888; 105.59281083975517 -75.13562420589558 -33.12685614430928 67.57164421001687 -259.19919748063944 -26.425744899725913 130.2273808379171 5.154167359237676 -19.65935480976464 32.880337450213496 -1.8859349693487473 -9.47518731893993 80.01144819006902 1.546821936543811 -29.695795931607606 -4.676517287147459 -71.24257514473335 -7.406213181378519 -15.638508658926563 -0.3028099390172403 -68.2576252534571 -9.26889151968345 -58.580143684967396 0.6740454463642807 -570.3453391192112 -165.69600761616277 977.1904005414212 415.56314934261536 272.3194483945728 519.8465219174919 -775.3840717278578 860.3383840772701 0.0 -286.4498779609525; 192.94402921001802 -139.10524815170393 -63.9827996532717 122.93689862063806 -481.693717776316 -49.946632472904355 240.1324469487094 7.422546249440288 -37.0526844153538 60.28639200030038 -0.6763710219643979 -20.303820411722484 153.2875694807032 4.601513075991369 -56.00010703966328 -8.48633821421301 -131.0753410533087 -14.786439634202122 -29.345367659739964 -1.285804237867253 -128.12796305463857 -17.10122960873076 -107.56191918317542 0.10233685823549066 -1335.5672661135309 -59.04065709090086 1779.662435176159 272.31944839457464 1194.2090510163296 980.7192970243917 -1670.885107540728 1483.209182366319 0.0 -560.3432982845487; 258.99158489940345 -185.32861193995765 -83.31038698054988 165.39460491378773 -640.4277037874406 -65.80096120781903 320.69963738576297 11.43933619580916 -48.69445618183847 80.707150030517 -3.096590840486707 -24.840989738259193 200.09827861837044 4.770279396148883 -73.66277882253173 -11.435296228298359 -175.28865651056154 -18.827650555990754 -38.85794106991812 -1.1334618282251825 -169.26450658763017 -22.853866519914003 -144.04969546036705 0.9724365940505092 -1566.7559219941636 -264.5629049629328 2389.6316673486053 519.8465219174916 980.7192970243833 1446.042911042807 -2046.114862168003 2055.396541331606 0.0 -723.4118188277389; -408.7574820771696 292.92378001628725 132.20726873878547 -260.9496707010428 1012.6035100900857 104.20349204502945 -506.61716015958575 -17.650460189382457 77.26991636339474 -127.47787209730228 4.185957278070594 39.99938146330252 -317.64493454483 -7.979945519814554 116.81591909800568 18.030284994175588 276.82979945658633 30.056100861192032 61.44793071732503 1.9843989905525938 268.03147783338096 36.08330091282601 227.40690967707224 -1.3090312540819782 2540.855803057891 363.08570060350604 -3773.3984451273373 -775.3840717278597 -1670.885107540721 -2046.1148621680088 3444.3001407593015 -3226.7983399868967 0.0 1150.6269781607862; 413.4954212179066 -295.60733716764594 -132.50708599733863 264.1300592386761 -1021.2499194011533 -104.81127491607285 511.6950751252133 18.549024440219423 -77.47888937436745 128.79262636408248 -5.405052782880728 -39.13417968498082 318.25385573089835 7.318114562159269 -117.24878617522761 -18.26406593861638 -279.73605565657203 -29.83454545144126 -61.94643875028439 -1.6799494411535205 -269.6552869054218 -36.473964126258224 -229.9368479481592 1.7148353716201046 -2455.873611714045 -459.03943562179296 3814.247077194336 860.3383840772702 1483.2091823663156 2055.3965413316096 -3226.798339986893 3448.516228193166 0.0 -1149.4427925025968; 0.0 0.0 0.0 0.0 0.0 0.0 0.0 0.0 0.0 0.0 0.0 0.0 0.0 0.0 0.0 0.0 0.0 0.0 0.0 0.0 0.0 0.0 0.0 0.0 0.0 0.0 0.0 0.0 0.0 0.0 0.0 0.0 155.11390926152419 0.0; -143.1662252189568 102.47624713888297 46.1247446725032 -91.41969144736788 354.1693124715216 36.40856870658598 -177.31689159481698 -6.283405028858141 27.126589676882503 -44.67303585473809 1.5916383738237272 13.950681628268384 -111.0398218012931 -2.7250105446214903 40.94230179910875 6.344931253106302 96.8892023195234 10.506707298206692 21.47372919122877 0.6827678035942251 93.7717218113421 12.621746142152098 79.58189171062435 -0.5027086488542523 884.1302413454878 141.7792211146358 -1338.0678604786826 -286.44987796095324 -560.3432982845488 -723.4118188277416 1150.6269781607825 -1149.4427925026012 0.0 401.83583670732514]
 * x: [-1.0756135426346838, -0.1139437133841339, 1.005139513448814, 0.12043942565452981, 0.43900689457572967, 0.6682923915328812, -0.9418624010093375, 1.079720950752647, -0.21655291768754642, -1.1507663711171705, 0.9846323552071407, 0.6056135015449902, -0.6665015160330701, 0.6043299610783093, -0.5063189661891742, 1.167719858404685, -0.4038643643398612, -0.583987872870011, -0.09468587400011699, -0.20971783161748567, -0.004528901153869053, -0.43428835701513596, 0.011411675459608035, -0.5413025281152505, -0.12145829863129867, 0.07207051759908158, 0.04137304719765377, -0.05504771358392551, 0.18948509191642446, 0.03324419992693632, -0.1180930701491632, 0.008803497832314128, 0.0, 0.015102019136413385]
bfgs   11   loss 1.198605e-07
n     Energy            log10(ΔE)   log10(Δρ)   Diag   Δtime 
---   ---------------   ---------   ---------   ----   ------
  1   -7.830965452892                   -2.97    1.0    469ms
  2   -7.830966319038       -6.06       -3.60    1.0    443ms
  3   -7.830966377589       -7.23       -4.34    2.4    632ms
  4   -7.830966378964       -8.86       -4.90    2.0    508ms
  5   -7.830966379007      -10.37       -5.59    1.9    533ms
  6   -7.830966379010      -11.51       -6.44    2.3    606ms
  7   -7.830966379010      -13.05       -6.99    2.6    562ms
  8   -7.830966379010      -14.57       -7.87    1.7    571ms
  9   -7.830966379010   +  -15.05       -8.85    2.7    582ms
 10   -7.830966379010      -14.45       -9.96    3.0    665ms
 11   -7.830966379010   +  -14.57      -10.51    3.1    649ms
n     Energy            log10(ΔE)   log10(Δρ)   Diag   Δtime 
---   ---------------   ---------   ---------   ----   ------
  1   -7.858354860633                   -3.01    1.0    698ms
  2   -7.858355697097       -6.08       -3.72    1.0    860ms
  3   -7.858355748085       -7.29       -4.37    2.2    904ms
  4   -7.858355750236       -8.67       -4.80    2.0    986ms
  5   -7.858355750387       -9.82       -5.60    1.6    895ms
  6   -7.858355750393      -11.27       -5.91    2.2    1.00s
  7   -7.858355750393      -12.24       -6.87    1.1    812ms
  8   -7.858355750393      -13.57       -7.25    2.5    1.03s
  9   -7.858355750393      -14.45       -7.74    1.5    935ms
 10   -7.858355750393   +    -Inf       -9.04    1.9    943ms
 11   -7.858355750393   +  -14.75       -9.31    3.2    1.20s
 12   -7.858355750393   +    -Inf       -9.91    1.0    848ms
 13   -7.858355750393      -15.05      -10.32    1.6    782ms
n     Energy            log10(ΔE)   log10(Δρ)   Diag   Δtime 
---   ---------------   ---------   ---------   ----   ------
  1   -7.846861370042                   -3.05    1.0    701ms
  2   -7.846862102551       -6.14       -3.77    1.0    855ms
  3   -7.846862149324       -7.33       -4.42    2.1    987ms
  4   -7.846862150923       -8.80       -4.91    2.0    1.02s
  5   -7.846862151041       -9.93       -5.75    1.8    945ms
  6   -7.846862151044      -11.44       -6.00    2.2    1.06s
  7   -7.846862151045      -12.41       -7.38    1.1    789ms
  8   -7.846862151045      -14.05       -7.79    3.2    1.27s
  9   -7.846862151045      -14.75       -7.96    1.1    887ms
 10   -7.846862151045   +  -14.57       -9.50    1.0    786ms
 11   -7.846862151045      -14.27       -9.82    3.5    1.29s
 12   -7.846862151045   +  -14.27      -10.17    1.0    859ms
n     Energy            log10(ΔE)   log10(Δρ)   Diag   Δtime 
---   ---------------   ---------   ---------   ----   ------
  1   -7.830966379010                  -11.33    1.0    470ms
n     Energy            log10(ΔE)   log10(Δρ)   Diag   Δtime 
---   ---------------   ---------   ---------   ----   ------
  1   -7.858355750393                  -11.18    1.0    708ms
n     Energy            log10(ΔE)   log10(Δρ)   Diag   Δtime 
---   ---------------   ---------   ---------   ----   ------
  1   -7.846862151045                  -11.03    1.0    768ms
n     Energy            log10(ΔE)   log10(Δρ)   Diag   Δtime 
---   ---------------   ---------   ---------   ----   ------
  1   -7.830966379010                  -11.73    1.0    452ms
n     Energy            log10(ΔE)   log10(Δρ)   Diag   Δtime 
---   ---------------   ---------   ---------   ----   ------
  1   -7.858355750393                  -11.58    1.0    767ms
n     Energy            log10(ΔE)   log10(Δρ)   Diag   Δtime 
---   ---------------   ---------   ---------   ----   ------
  1   -7.846862151045                  -11.44    1.0    779ms
n     Energy            log10(ΔE)   log10(Δρ)   Diag   Δtime 
---   ---------------   ---------   ---------   ----   ------
  1   -7.830966379010                  -12.11    1.0    363ms
n     Energy            log10(ΔE)   log10(Δρ)   Diag   Δtime 
---   ---------------   ---------   ---------   ----   ------
  1   -7.858355750393                  -11.97    1.0    684ms
n     Energy            log10(ΔE)   log10(Δρ)   Diag   Δtime 
---   ---------------   ---------   ---------   ----   ------
  1   -7.846862151045                  -11.83    1.0    690ms
    12     1.056483e-07     6.083524e-04
 * Current step size: 1.0
 * time: 775.306978225708
 * g(x): [-3.7905177443262317e-6, 2.544771219745104e-6, 1.9976951806075473e-6, -2.008856620974222e-6, 9.34530002725905e-6, 1.2759551407553489e-6, -5.0180287735801635e-6, 4.3884641028545475e-7, -1.024216563544016e-6, -5.88144355843159e-7, 8.253255376377024e-7, -8.426995749596323e-7, -5.171802751220034e-7, 4.42310740260094e-7, -6.667268652285436e-7, 2.35181066357437e-7, 2.8564976517531234e-6, -3.246630752915901e-7, 1.2117964479807215e-6, -2.903430391895361e-7, 1.2492816263588357e-6, 6.036434161667275e-7, 2.776681038393261e-6, 3.7088300790312977e-7, -3.71426057096107e-5, -2.5459278954287703e-6, 5.585934453532118e-5, 1.1795296290792248e-5, 1.8525244621025137e-5, 2.9356847926513594e-5, -4.3988272016940886e-5, 4.975329182952127e-5, 0.0, 0.0006083524267144064]
 * ~inv(H): [205.9770538803946 -32.62033245569174 -24.0541072380412 28.2208113386459 -119.76616593710719 -15.91213480080773 65.15797147984884 -3.8738456307094844 -9.804314258559078 15.065107216305314 -3.912901441651665 -7.2112361389953525 39.77676499766032 -0.05901166342225232 -14.449960535864745 -5.908835972812844 -34.45170836487372 -4.3950965276446 -12.330808063858118 -0.9543759442057226 -32.54639283826224 -5.886295163826013 -29.386301812920546 -5.154587774240174 -230.71433626454876 -103.73462142760266 451.3079347611541 142.76915683882135 66.38838415239522 236.285282850726 -329.9491260289799 406.5278806156858 0.0 -126.38796537718544; -32.620332455691724 175.91933796871112 15.567467433189508 -18.01216174102027 76.57059772878553 10.256593553422748 -41.80674377009408 2.6017257194836 6.550459312516916 -9.722276175990547 2.525510563435493 4.876479393190471 -25.85933895348629 0.005410363050090025 9.51892955262774 3.912954846244803 22.049828011109376 2.9288493503293616 7.9761159833643545 0.6815619099853807 21.02281319394788 3.7838809443333052 18.784223661701525 3.4341084715933383 157.01582530244042 63.44359992554524 -296.09267025870554 -89.82653211162683 -53.83834656928232 -155.6704928621442 221.38463078828357 -265.1253481536522 0.0 83.63663706033087; -24.054107238041173 15.5674674331895 166.35532745938795 -13.437436787466165 56.95796957334703 7.478419976591638 -30.80973607662759 1.7152725603419041 4.280991106315049 -7.0370987111327485 1.8381605054069676 3.088162987529472 -18.357243716656612 0.07224487908120632 6.493638427051067 2.645793965992712 16.3578887747864 1.935203152039804 5.769369305046285 0.3624357031502569 15.190992607382668 2.7807780157144673 13.991072622754292 2.2975998178364083 93.45326821224062 55.40413850991454 -203.49122115159733 -71.56335428877573 -10.667637839643184 -105.32261314453959 139.56202583366067 -186.28024751592733 0.0 55.626881913476765; 28.220811338645827 -18.012161741020265 -13.437436787466169 170.7112933572376 -66.25902556864934 -8.861007804872747 36.15942736942463 -2.2278476884551988 -5.626729894776276 8.402257948081205 -2.1904091203133342 -4.1756496842961095 22.304736068726694 -0.014062158979696777 -8.194743366978187 -3.368473491278386 -19.080399874308142 -2.5152900675183565 -6.888186797597836 -0.5780884130625199 -18.159496189688664 -3.2716792331768016 -16.25837514293792 -2.9493525976864037 -136.9318983115547 -53.76241268488894 255.78850149961414 76.72382207083372 48.87295198231024 134.62985968883126 -192.3841485107852 228.6679185815773 0.0 -72.42987765416258; -119.76616593710705 76.57059772878539 56.95796957334704 -66.25902556864924 436.64127969753173 37.58610652446026 -153.4772122652153 9.384272850521645 23.581322059784345 -35.581904456203745 9.263159455204319 17.470470151448392 -94.32576507355176 0.08314103196103137 34.49858325286895 14.169197692028295 81.0385424082514 10.561344272774841 29.19452856415309 2.383099867921518 76.9149386849891 13.886286223764778 69.0860890919519 12.414705875787758 559.3743294642582 239.0314536166878 -1074.9346428982744 -333.35276191345235 -176.05636731105324 -563.9211704741426 794.4476897475198 -965.5077447496692 0.0 302.2778779652708; -15.91213480080771 10.25659355342273 7.478419976591637 -8.86100780487274 37.58610652446026 160.07581821036518 -20.383704896308718 1.1709281305142702 2.9306108845789316 -4.678874307779767 1.2217047032762263 2.133588611540821 -12.269460766733726 0.03624072362082154 4.38977609690694 1.7938631550045807 10.802939154000589 1.32030442994929 3.836777924710342 0.26485371490037646 10.104152034003013 1.8412534922071677 9.230013315606847 1.5621823522655767 66.17284347532164 34.88274353220789 -137.36909906382644 -46.21144680251007 -12.824791717478337 -71.4543203314996 96.90134578150835 -124.88073982343111 0.0 37.94867696129373; 65.15797147984868 -41.80674377009406 -30.809736076627594 36.159427369424584 -153.47721226521531 -20.38370489630873 238.5897549800735 -4.956161686288482 -12.510092290468737 19.285603712067633 -5.009523077196176 -9.198172668643029 50.90110734198206 -0.0801500154786024 -18.464404902681334 -7.551331790789004 -44.14491166843775 -5.61200962251395 -15.793971582096301 -1.211488558487326 -41.66747299858146 -7.5420871355150885 -37.66078070927392 -6.5907733015533285 -291.7225880987544 -134.83409648326204 576.3226559058555 184.28899559971435 79.48551772450838 301.403254408935 -418.8143106770984 519.9585639995726 0.0 -161.01795362248683; -3.873845630709472 2.6017257194836008 1.715272560341903 -2.227847688455201 9.384272850521599 1.1709281305142685 -4.956161686288473 155.30796698831395 0.46752300746412234 -1.080039089306428 0.281599291107359 0.29338851180381625 -2.6747292209968703 0.03692063759157588 0.8343030592625205 0.32702291506604747 2.6752144682343073 0.22144620368208867 0.8828515287988149 0.0018884638458213792 2.3232511558606666 0.4437278501400982 2.3100641586948307 0.2740845199204672 4.968344542182582 13.089884786114464 -26.49783974651798 -14.214228012008245 11.733395013126447 -12.886123926507269 11.899237673825892 -26.286917841334162 0.0 6.315690202949206; -9.804314258559032 6.550459312516889 4.280991106315042 -5.6267298947762585 23.581322059784327 2.9306108845789276 -12.51009229046873 0.46752300746412584 155.77432865170712 -2.5812304570951254 0.982963062874771 0.2691523004659815 -5.855173752030995 0.28524344600333723 1.5673345178622968 0.7976928833339707 6.822026258571256 0.34319743081910725 2.2982715898384436 -0.11533825471851916 5.458211668494282 1.1653623462349472 5.994363145883399 0.6641589367971452 36.6472118150351 11.951316657082852 -64.45698072156519 -17.910493831319698 -16.46038193691633 -34.18780699382028 50.561014951183154 -56.928647292307915 0.0 18.722945638900324; 15.065107216305261 -9.722276175990524 -7.037098711132744 8.402257948081203 -35.58190445620378 -4.678874307779763 19.28560371206763 -1.0800390893064327 -2.5812304570951294 159.4904066773351 -1.22885823388295 -1.8421076497480893 11.297935442119725 -0.09361187944349013 -3.958752263918927 -1.6672800754917116 -10.25037471305659 -1.1694056230606038 -3.637499014906828 -0.20459099451467522 -9.42169845369288 -1.7532888011491807 -8.791043268832002 -1.4469445527795743 -67.83573657339542 -27.603047094501676 128.14821132604425 38.96820257831242 23.159091096672995 67.36495777389932 -95.77788707762679 114.75083279999531 0.0 -36.24504736261588; -3.912901441651664 2.525510563435494 1.8381605054069656 -2.1904091203133293 9.263159455204304 1.2217047032762252 -5.009523077196169 0.2815992911073589 0.982963062874769 -1.2288582338829472 155.30210991196137 0.7468211078328469 -3.43349583318381 -0.07399800928669135 1.3470614166658466 0.4612475394772556 2.622915846185136 0.4281744738305955 0.9038353414923271 0.12227832287350404 2.68097929031212 0.4292904871839683 2.188907908868232 0.3906143505371931 12.503059284538187 13.827265238289902 -37.22763031175125 -16.201606990632868 6.50138244971349 -18.73428405238776 21.45341963926793 -35.40515865399118 0.0 9.521674290309566; -7.211236138995359 4.8764793931904675 3.088162987529473 -4.175649684296111 17.470470151448403 2.1335886115408202 -9.198172668643041 0.2933885118038159 0.26915230046598737 -1.8421076497480897 0.7468211078328474 155.11786805827808 -4.006361558193072 0.2501318414032829 0.9411721284662686 0.5181510458802967 5.0531235626174595 0.16513350772292304 1.6724559624707696 -0.13725254205345103 3.8792631212571744 0.8613103881183921 4.468222226750783 0.42571796101414366 22.158796674774248 9.571680904804529 -42.541918640807665 -13.206516496744984 -7.212126233056678 -22.333463483319175 31.643212896177076 -38.128512399233955 0.0 12.13178561557775; 39.776764997660244 -25.859338953486272 -18.357243716656615 22.30473606872669 -94.32576507355185 -12.26946076673374 50.90110734198212 -2.674729220996879 -5.855173752031011 11.297935442119726 -3.433495833183817 -4.006361558193068 183.54598142221363 -0.4619951035203605 -9.501782476301802 -4.154278181926689 -27.209172587310672 -2.6995787835042346 -9.572216500617557 -0.3114918814267106 -24.240805845445067 -4.662051344310179 -23.477947790067788 -3.5962415380419084 -169.95037768036744 -68.54028355085295 319.914595585722 96.90005932782367 59.10092807971409 168.25397640423333 -239.79894477144174 286.22874821726595 0.0 -90.71025599137656; -0.05901166342225547 0.005410363050091933 0.07224487908120594 -0.014062158979696286 0.08314103196102997 0.036240723620820973 -0.08015001547860334 0.03692063759157523 0.28524344600333723 -0.09361187944348963 -0.07399800928669165 0.250131841403283 -0.4619951035203598 155.04242922179452 0.2913803705429176 0.0596063499590467 0.0016636599676340539 0.11544391128114856 0.006545053531810842 0.06472019877276051 0.228931541410943 -0.007597013791500996 -0.04419414519629661 0.050785321298088014 -0.2544979584098363 3.3868851180016923 -4.982270880030932 -3.4706054754876026 4.439015254639842 -2.281832482282128 1.1407210462758655 -5.302844881387866 0.0 0.9818188389545343; -14.44996053586477 9.518929552627752 6.4936384270510725 -8.194743366978217 34.49858325286906 4.389776096906948 -18.464404902681384 0.8343030592625208 1.567334517862303 -3.95875226391893 1.3470614166658454 0.9411721284662677 -9.501782476301821 0.2913803705429168 158.01136473907843 1.3482862708237666 9.96649004728077 0.7500637399381335 3.4338988516168456 -0.024299997159139258 8.435526814917775 1.7053025472728616 8.67707144801418 1.147795395981967 58.399915309513 21.104635521983933 -106.03599551189164 -30.726550939776676 -23.483651513489672 -56.014046445796616 81.3939165146168 -94.24141671029197 0.0 30.431644134593142; -5.9088359728128435 3.9129548462448027 2.645793965992712 -3.368473491278386 14.169197692028295 1.7938631550045805 -7.551331790789005 0.3270229150660476 0.7976928833339708 -1.6672800754917119 0.46124753947725555 0.5181510458802967 -4.154278181926689 0.059606349959046755 1.3482862708237666 155.66291557457689 4.0589923190414 0.3692613589898198 1.3691487491158145 0.023540897290795462 3.5767993814756567 0.6798794830593489 3.4993916832458445 0.4603251000188713 17.972839018686084 14.126941689337459 -44.47538056296947 -17.311163851715207 2.105261662579507 -22.73925582838031 28.39276852443969 -41.39353855312234 0.0 11.869662894465774; -34.45170836487366 22.049828011109383 16.35788877478641 -19.080399874308164 81.03854240825142 10.802939154000581 -44.14491166843773 2.6752144682343104 6.822026258571258 -10.25037471305659 2.6229158461851383 5.05312356261746 -27.20917258731067 0.001663659967633418 9.966490047280764 4.0589923190414 178.4228094439039 3.052242769905947 8.371741249821792 0.691687455044013 22.16365924003676 3.9848972780663474 19.85787860814955 3.548985870560567 157.5646519475814 71.35033933157017 -309.0305496051978 -98.03888785202398 -44.666497424714066 -161.74494910643045 225.53816642213533 -278.49782347041014 0.0 86.46172397375935; -4.3950965276446 2.928849350329359 1.935203152039804 -2.5152900675183623 10.561344272774857 1.3203044299492908 -5.612009622513953 0.22144620368208903 0.3431974308191102 -1.1694056230606056 0.42817447383059554 0.16513350772292257 -2.699578783504237 0.11544391128114867 0.750063739938131 0.36926135898981977 3.0522427699059467 155.2876617143723 1.0333241656894214 -0.03996286818542275 2.4802532479193884 0.5212387135730797 2.67513353797546 0.31038004255810486 15.824033763373777 6.244403909279276 -29.516206215238476 -8.850624870263168 -5.7764921018277455 -15.544086123435171 22.304522333006517 -26.344819167525042 0.0 8.437435969446378; -12.330808063858116 7.97611598336436 5.769369305046287 -6.888186797597838 29.194528564153114 3.8367779247103444 -15.793971582096313 0.8828515287988157 2.298271589838446 -3.6374990149068283 0.9038353414923272 1.67245596247077 -9.57221650061756 0.006545053531810568 3.4338988516168443 1.3691487491158147 8.371741249821795 1.0333241656894216 158.06097401195086 0.20900510730907684 7.862844536230774 1.4177797095780613 7.141211397473286 1.1862566298914687 46.94473457155556 30.133771807424864 -105.81028440438581 -38.32718847596875 -2.5132429676216486 -54.57347418163184 71.10507309499974 -97.33695039943294 0.0 28.689351661970036; -0.9543759442057224 0.6815619099853805 0.3624357031502571 -0.5780884130625207 2.3830998679215174 0.26485371490037657 -1.211488558487327 0.0018884638458214603 -0.11533825471851894 -0.20459099451467538 0.12227832287350408 -0.1372525420534511 -0.31149188142671075 0.0647201987727605 -0.024299997159139466 0.023540897290795455 0.6916874550440129 -0.0399628681854227 0.20900510730907682 155.05879263962396 0.4153343186382529 0.11695490354709552 0.6316331792157119 0.012843933488590016 1.3008115339548028 0.7115604692501337 -2.6887683903554023 -0.9079388043461233 -0.3146114967585886 -1.40267264771447 1.9491494170754278 -2.422857246617448 0.0 0.7867156876319445; -32.54639283826222 21.02281319394785 15.190992607382674 -18.159496189688735 76.91493868498924 10.10415203400303 -41.667472998581545 2.323251155860669 5.458211668494304 -9.421698453692903 2.680979290312119 3.879263121257181 -24.24080584544514 0.22893154141094277 8.435526814917752 3.576799381475657 22.163659240036807 2.4802532479193946 7.862844536230776 0.4153343186382529 175.39105807924633 3.7943162490523843 19.02754824072173 3.107820903747357 144.71193130275174 59.54055349030424 -274.36490774795396 -83.79125610000675 -48.646433555548754 -144.16920650408963 204.62185319052176 -245.8217813006655 0.0 77.54875898998546; -5.886295163826012 3.7838809443333123 2.7807780157144686 -3.27167923317681 13.886286223764804 1.8412534922071702 -7.542087135515096 0.4437278501400976 1.165362346234949 -1.7532888011491852 0.429290487183968 0.8613103881183924 -4.662051344310187 -0.007597013791501252 1.705302547272862 0.6798794830593489 3.984897278066352 0.5212387135730804 1.4177797095780613 0.1169549035470955 3.794316249052387 155.7909830969092 3.3913585883087576 0.5920451554354815 24.346233749481463 13.858336227584472 -52.14386775604369 -18.063479473966453 -3.44114784115399 -27.033176793122173 36.09195951586341 -47.62853939017795 0.0 14.289916042308429; -29.38630181292053 18.784223661701542 13.991072622754308 -16.258375142937943 69.08608909195206 9.230013315606863 -37.660780709273986 2.310064158694832 5.9943631458834234 -8.791043268832013 2.188907908868232 4.468222226750785 -23.477947790067816 -0.044194145196298655 8.677071448014178 3.499391683245845 19.857878608149555 2.675133537975461 7.141211397473285 0.6316331792157124 19.02754824072175 3.3913585883087554 172.0036102955203 3.061868713013177 133.45012992802123 63.346733907849156 -266.2870267313043 -86.05030475987984 -34.21383340306249 -139.103237724214 192.28024793104677 -240.64863512715706 0.0 74.16769375894503; -5.154587774240181 3.434108471593342 2.2975998178364088 -2.949352597686401 12.414705875787785 1.5621823522655776 -6.590773301553335 0.27408451992046634 0.6641589367971433 -1.4469445527795755 0.3906143505371921 0.4257179610141447 -3.5962415380419115 0.05078532129808768 1.1477953959819693 0.4603251000188713 3.548985870560572 0.31038004255810514 1.1862566298914692 0.0128439334885901 3.107820903747359 0.5920451554354825 3.0618687130131814 155.49999053226475 11.733104902647234 14.54481591905195 -37.265137639752574 -16.76499787227082 7.836502734927565 -18.66942309676145 20.88264386021032 -35.62470357665848 0.0 9.507126290504964; -230.7143362645486 157.0158253024406 93.45326821224072 -136.931898311555 559.37432946426 66.17284347532177 -291.72258809875456 4.968344542182577 36.64721181503531 -67.83573657339561 12.50305928453822 22.158796674774287 -169.9503776803673 -0.25449795840987904 58.39991530951244 17.972839018686084 157.5646519475813 15.824033763373768 46.94473457155557 1.3008115339548005 144.71193130275142 24.3462337494814 133.4501299280208 11.733104902647204 1490.2406500523869 179.1962558722292 -1960.9620185551914 -393.79739634880025 -897.6895002175448 -1065.0588575606155 1724.7571726611295 -1671.8906702300992 0.0 604.0391059510476; -103.7346214276026 63.44359992554523 55.404138509914546 -53.76241268488894 239.0314536166876 34.88274353220789 -134.83409648326204 13.089884786114474 11.951316657082875 -27.603047094501665 13.827265238289902 9.571680904804525 -68.54028355085289 3.3868851180016932 21.104635521983923 14.126941689337457 71.35033933157018 6.244403909279273 30.133771807424864 0.711560469250133 59.540553490304205 13.858336227584468 63.34673390784914 14.544815919051949 179.1962558722287 484.23109070468945 -732.0953600892236 -364.7999750841748 247.19199042437978 -360.95354615884486 366.7455517856827 -713.9496444690977 0.0 180.5924425735359; 451.30793476115525 -296.09267025870633 -203.49122115159773 255.78850149961548 -1074.9346428982776 -137.36909906382704 576.3226559058579 -26.49783974651806 -64.45698072156571 128.148211326045 -37.22763031175125 -42.54191864080768 319.9145955857234 -4.9822708800308275 -106.03599551189185 -44.47538056296948 -309.0305496051988 -29.516206215238665 -105.81028440438585 -2.6887683903554076 -274.36490774795516 -52.14386775604371 -266.2870267313051 -37.26513763975242 -1960.9620185552053 -732.0953600892242 3755.896600261063 1057.8158667760997 753.4842176910465 1899.346335062565 -2741.169090343764 3207.92070328478 0.0 -1041.3583541612386; 142.7691568388212 -89.82653211162665 -71.56335428877573 76.72382207083368 -333.35276191345184 -46.21144680251005 184.28899559971424 -14.214228012008258 -17.910493831319673 38.96820257831242 -16.20160699063288 -13.20651649674497 96.90005932782364 -3.4706054754875995 -30.726550939776562 -17.311163851715207 -98.03888785202383 -8.850624870263152 -38.327188475968725 -0.9079388043461217 -83.7912561000066 -18.06347947396643 -86.05030475987974 -16.764997872270808 -393.79739634879877 -364.79997508417466 1057.815866776096 590.2213055526545 -111.12234008332098 537.0427440413049 -647.0470692838276 993.655385221764 0.0 -280.7390267491331; 66.38838415239591 -53.83834656928254 -10.667637839643293 48.87295198231089 -176.05636731105483 -12.824791717478472 79.48551772450939 11.73339501312648 -16.460381936916452 23.15909109667329 6.501382449713509 -7.212126233056723 59.100928079714386 4.439015254639892 -23.483651513489573 2.105261662579507 -44.66649742471441 -5.776492101827788 -2.5132429676216494 -0.31461149675859557 -48.64643355554919 -3.441147841154002 -34.21383340306233 7.836502734927636 -897.6895002175468 247.19199042437901 753.4842176910457 -111.12234008331916 1201.615008111104 453.4141265885513 -996.5804348819736 534.2820279853557 0.0 -283.9252948126544; 236.28528285072505 -155.6704928621433 -105.32261314453946 134.62985968883117 -563.9211704741413 -71.4543203314995 301.40325440893474 -12.886123926507375 -34.187806993820224 67.36495777389908 -18.73428405238782 -22.33346348331905 168.25397640423273 -2.2818324822821654 -56.014046445796325 -22.739255828380305 -161.7449491064302 -15.544086123435136 -54.573474181631745 -1.4026726477144629 -144.16920650408898 -27.03317679312211 -139.1032377242136 -18.669423096761445 -1065.0588575606089 -360.9535461588447 1899.3463350625484 537.0427440413046 453.4141265885429 1160.507922413151 -1472.5480680749793 1683.4935330367734 0.0 -553.3149738438341; -329.9491260289804 221.38463078828357 139.56202583366075 -192.38414851078554 794.4476897475238 96.90134578150851 -418.814310677101 11.899237673825937 50.5610149511835 -95.77788707762737 21.453419639267917 31.64321289617706 -239.79894477144285 1.14072104627582 81.39391651461675 28.392768524439695 225.53816642213576 22.30452233300663 71.10507309499977 1.9491494170754242 204.621853190522 36.09195951586341 192.2802479310471 20.8826438602102 1724.757172661134 366.74555178568335 -2741.1690903437548 -647.0470692838295 -996.5804348819665 -1472.5480680749852 2443.151496291946 -2376.910712923928 0.0 823.7371182549466; 406.5278806156857 -265.12534815365166 -186.28024751592753 228.66791858157694 -965.5077447496712 -124.88073982343107 519.9585639995732 -26.286917841334144 -56.92864729230793 114.75083279999505 -35.40515865399121 -38.12851239923395 286.22874821726583 -5.302844881387854 -94.24141671029189 -41.39353855312234 -278.4978234704101 -26.344819167525007 -97.3369503994329 -2.422857246617445 -245.82178130066524 -47.6285393901779 -240.6486351271565 -35.624703576658476 -1671.8906702300933 -713.949644469098 3207.9207032847557 993.655385221764 534.2820279853523 1683.493533036777 -2376.910712923924 3034.146546054133 0.0 -917.8227637866115; 0.0 0.0 0.0 0.0 0.0 0.0 0.0 0.0 0.0 0.0 0.0 0.0 0.0 0.0 0.0 0.0 0.0 0.0 0.0 0.0 0.0 0.0 0.0 0.0 0.0 0.0 0.0 0.0 0.0 0.0 0.0 0.0 155.11390926152419 0.0; -126.38796537718511 83.63663706033051 55.62688191347675 -72.42987765416277 302.27787796527156 37.94867696129373 -161.01795362248689 6.31569020294922 18.72294563890038 -36.245047362616035 9.521674290309573 12.131785615577748 -90.71025599137674 0.9818188389545186 30.431644134592986 11.869662894465778 86.46172397375952 8.437435969446371 28.689351661970026 0.7867156876319434 77.54875898998549 14.289916042308423 74.16769375894503 9.50712629050491 604.0391059510491 180.59244257353578 -1041.358354161232 -280.73902674913376 -283.92529481265444 -553.3149738438368 823.737118254943 -917.8227637866157 0.0 301.95584111499085]
 * x: [-1.0750406686644403, -0.11433014241762643, 1.0048991746562446, 0.12077524151640878, 0.4376226925094723, 0.6681247438982524, -0.9411355093734781, 1.0797022323587704, -0.21664647458712805, -1.1505980968625882, 0.9846004003194766, 0.6055542349113907, -0.6660746918349959, 0.6043309191950204, -0.5064665314102902, 1.1676723322869442, -0.40425544542399844, -0.5840287106351194, -0.09480668327082739, -0.20972221382126086, -0.004889030098279118, -0.4343499814189588, 0.011079914119164078, -0.5413368716426522, -0.12345382935157787, 0.07068910301167876, 0.046027905801384265, -0.05331472915207993, 0.18946831914667742, 0.03563717959664518, -0.12115975756902236, 0.013105355268737656, 0.0, 0.013846951193205791]
bfgs   12   loss 1.056483e-07
n     Energy            log10(ΔE)   log10(Δρ)   Diag   Δtime 
---   ---------------   ---------   ---------   ----   ------
  1   -7.833349592274                   -2.97    1.0    374ms
  2   -7.833350530857       -6.03       -3.59    1.0    431ms
  3   -7.833350596704       -7.18       -4.26    2.4    592ms
  4   -7.833350597853       -8.94       -4.94    2.0    513ms
  5   -7.833350597893      -10.40       -5.49    2.2    576ms
  6   -7.833350597897      -11.38       -6.54    2.1    539ms
  7   -7.833350597897      -13.15       -7.09    2.8    663ms
  8   -7.833350597897      -14.57       -7.72    2.1    530ms
  9   -7.833350597897      -15.05       -8.48    2.1    607ms
 10   -7.833350597897      -15.05       -9.55    2.3    554ms
 11   -7.833350597897      -14.75      -10.51    3.0    699ms
n     Energy            log10(ΔE)   log10(Δρ)   Diag   Δtime 
---   ---------------   ---------   ---------   ----   ------
  1   -7.860678485419                   -3.00    1.0    765ms
  2   -7.860679405583       -6.04       -3.67    1.0    795ms
  3   -7.860679473748       -7.17       -4.38    2.3    1.05s
  4   -7.860679475476       -8.76       -4.94    2.1    1.06s
  5   -7.860679475581       -9.98       -5.75    1.8    861ms
  6   -7.860679475584      -11.48       -5.99    2.4    1.09s
  7   -7.860679475584      -12.41       -7.44    1.1    757ms
  8   -7.860679475584      -13.91       -8.01    3.7    1.29s
  9   -7.860679475584   +    -Inf       -8.28    1.7    944ms
 10   -7.860679475584   +    -Inf       -9.70    1.3    788ms
 11   -7.860679475584   +    -Inf      -10.05    3.4    1.19s
n     Energy            log10(ΔE)   log10(Δρ)   Diag   Δtime 
---   ---------------   ---------   ---------   ----   ------
  1   -7.849063357539                   -3.04    1.0    757ms
  2   -7.849064172292       -6.09       -3.69    1.0    844ms
  3   -7.849064240461       -7.17       -4.41    2.1    947ms
  4   -7.849064241765       -8.88       -5.15    2.0    988ms
  5   -7.849064241833      -10.17       -5.93    2.2    980ms
  6   -7.849064241834      -12.04       -6.20    2.2    1.02s
  7   -7.849064241834      -12.75       -7.05    1.1    877ms
  8   -7.849064241834      -14.10       -7.61    2.2    982ms
  9   -7.849064241834   +  -15.05       -8.37    1.7    933ms
 10   -7.849064241834   +  -15.05       -9.03    2.2    1.06s
 11   -7.849064241834      -14.35       -9.70    1.7    826ms
 12   -7.849064241834   +  -14.35      -10.40    2.1    1.00s
n     Energy            log10(ΔE)   log10(Δρ)   Diag   Δtime 
---   ---------------   ---------   ---------   ----   ------
  1   -7.833350597897                  -11.21    1.0    366ms
n     Energy            log10(ΔE)   log10(Δρ)   Diag   Δtime 
---   ---------------   ---------   ---------   ----   ------
  1   -7.860679475584                  -10.83    1.0    713ms
n     Energy            log10(ΔE)   log10(Δρ)   Diag   Δtime 
---   ---------------   ---------   ---------   ----   ------
  1   -7.849064241834                  -11.28    1.0    733ms
n     Energy            log10(ΔE)   log10(Δρ)   Diag   Δtime 
---   ---------------   ---------   ---------   ----   ------
  1   -7.833350597897                  -11.62    1.0    386ms
n     Energy            log10(ΔE)   log10(Δρ)   Diag   Δtime 
---   ---------------   ---------   ---------   ----   ------
  1   -7.860679475584                  -11.25    1.0    714ms
n     Energy            log10(ΔE)   log10(Δρ)   Diag   Δtime 
---   ---------------   ---------   ---------   ----   ------
  1   -7.849064241834                  -11.65    1.0    700ms
n     Energy            log10(ΔE)   log10(Δρ)   Diag   Δtime 
---   ---------------   ---------   ---------   ----   ------
  1   -7.833350597897                  -11.94    1.0    434ms
n     Energy            log10(ΔE)   log10(Δρ)   Diag   Δtime 
---   ---------------   ---------   ---------   ----   ------
  1   -7.860679475584                  -11.67    1.0    717ms
n     Energy            log10(ΔE)   log10(Δρ)   Diag   Δtime 
---   ---------------   ---------   ---------   ----   ------
  1   -7.849064241834                  -12.00    1.0    766ms
    13     8.479415e-08     1.949694e-04
 * Current step size: 1.0
 * time: 822.1317059993744
 * g(x): [-1.1406002372442536e-6, 6.861345128432927e-7, 6.437648858897427e-7, -5.520738224102115e-7, 2.594524416009311e-6, 3.9436148575440066e-7, -1.5033285417713342e-6, 1.8074524265639643e-7, -3.8431025316764375e-7, -1.4429591417251143e-7, 3.870145099163953e-7, -3.1479864135027156e-7, 4.899290085745267e-8, 2.0272168487867436e-7, -2.93019141471124e-7, 1.3683123948432635e-7, 8.524544797380418e-7, -1.303394045617464e-7, 4.286548101951503e-7, -1.0060192013926626e-7, 2.691227994404479e-7, 2.0432662183773584e-7, 8.608431065820938e-7, 1.7016573880325203e-7, -1.114613118555505e-5, -1.4572838585712925e-6, 1.7981467571821596e-5, 4.343218498166031e-6, 4.45838345678367e-6, 9.35315127818169e-6, -1.3417379178662519e-5, 1.626142498779276e-5, 0.0, 0.00019496939593415438]
 * ~inv(H): [226.5854486136852 -44.832518490304636 -36.122341644060874 38.33467157277187 -166.79515158300867 -23.26206231317977 92.29818078245853 -7.303697300254242 -11.776864597951947 20.3161528753519 -7.235922220784808 -9.138000270603783 52.97707294386202 -0.9613038078736689 -18.218400155794168 -9.193064374717931 -48.722962162648415 -5.589889728069965 -19.007646360325396 -1.1169911036699192 -44.07574254447712 -8.863128380896844 -42.27239516816023 -8.752008952913744 -286.7570570659806 -147.82785695316858 589.3812739257351 196.4877409368861 60.71141011201103 306.9261188559321 -418.7737975260866 534.8058084751864 0.0 -163.34731725324446; -44.83251849030463 183.13707218072972 22.769550490322324 -23.97963675393619 104.41709230821692 14.632258608529687 -57.90610535722251 4.673354507946801 7.708734585529969 -12.825619317611373 4.511527952319553 6.023703700429432 -33.673870579001104 0.546025725548352 11.740973690329499 5.87595625508422 30.510170818577354 3.6370324438261767 11.962411530703882 0.7799446229545706 27.84516944674345 5.55727950005793 26.43161935231061 5.597096486785091 188.6326712594666 90.4833419341804 -377.3060112840806 -122.34201369152323 -48.040746125745926 -197.06542846721828 272.45799029373353 -340.9575552926417 0.0 105.19696813273464; -36.12234164406085 22.769550490322317 173.28743508302563 -19.428943354601877 84.55692689519017 11.728614220145383 -46.65891515592112 3.6194033802599987 5.464435731130266 -10.134326900560046 3.7391922985035992 4.201926367763351 -26.10797066058289 0.5848110918910707 8.729937767972762 4.5241843926661724 24.705937871425032 2.634421501472644 9.600100833089812 0.4522786709258607 21.968524794661995 4.499006991632058 21.5069800993364 4.321024349711213 130.51869389094418 78.79695349428385 -285.96371179122036 -101.20076395678232 -13.830459143834883 -147.93101007985913 195.74323136280555 -261.8877086980175 0.0 78.17965114697269; 38.334671572771796 -23.979636753936184 -19.428943354601884 175.63970572080052 -89.30914102333853 -12.495576518475687 49.50134058084821 -3.9643212994902903 -6.580344696862619 10.967949271718183 -3.8441345792098525 -5.1286533160690455 28.772442110028404 -0.4649385026571655 -10.029111620855302 -5.00312261194795 -26.088893842860177 -3.101881202029278 -10.205329614311754 -0.6606394923821666 -23.804445767227005 -4.745348971252281 -22.59778726325249 -4.757271005521449 -162.27012981812462 -76.63988577733976 322.7254127469871 104.01504372592674 42.77902192816661 168.66491893662834 -233.85202151618017 291.3732024287237 0.0 -90.1044694589725; -166.79515158300853 104.41709230821678 84.55692689519019 -89.30914102333843 543.9371862103003 54.38237219072134 -215.43121601040414 17.256815411849598 28.07039182692115 -47.55525904570079 16.865982723436485 21.873747396587405 -124.44026477384939 2.1490950428200177 43.08541018997862 21.683462705943377 113.60997692310931 13.288095098731793 44.465817487334206 2.7565403793801186 103.2139430776751 20.69041108431616 98.50569984344304 20.660418020130173 685.4136581321542 340.71233350511915 -1389.3171137990525 -456.7338581758374 -160.27257533447295 -724.5844598096834 995.3318655828768 -1258.0290260298925 0.0 386.2236822087744; -23.26206231317975 14.632258608529671 11.728614220145381 -12.495576518475678 54.382372190721334 162.67562702789334 -30.045590347877265 2.3525007875403454 3.6454234209798497 -6.56051914616847 2.388915888816178 2.8149564186237646 -16.985560120343973 0.3517269865298582 5.745560958758054 2.9472692371776565 15.889082297374125 1.7462444349732253 6.186429212560371 0.32070037472345875 14.226430704549221 2.8929523565598982 13.813760852190235 2.8119683720386903 87.85588804805481 49.63907064315857 -187.25816479362229 -64.6433729946473 -13.39011440414928 -97.14374998587377 130.24353885188225 -170.82560879535203 0.0 51.493220741822256; 92.29818078245837 -57.90610535722249 -46.65891515592113 49.501340580848165 -215.4312160104042 -30.04559034787728 274.31764693152144 -9.439031223255746 -15.117085633915433 26.20821892990505 -9.371109911703305 -11.730875403562088 68.29198380279945 -1.2632611490950945 -23.436880201097967 -11.86185563587468 -62.936435612020496 -7.185344665534612 -24.561173763613443 -1.4238870716986454 -56.85951714615459 -11.454265735497101 -54.62126606375807 -11.301231779579565 -366.91420823647115 -192.11011389251095 758.6860305711929 254.43956383327756 74.12668007711423 394.83879947392774 -537.151570264426 689.0534186504192 0.0 -209.98838838038967; -7.303697300254229 4.673354507946802 3.619403380259998 -3.9643212994902925 17.256815411849555 2.352500787540344 -9.439031223255737 155.7981019021652 0.8177097264708774 -1.97115212475812 0.7999212731719376 0.6028147453999784 -4.887620451920692 0.17486359147889002 1.484295850220526 0.8389469550458221 5.043289141888166 0.41994744959565966 1.9328412805251725 0.024790208253657034 4.262153921663897 0.9198362980621262 4.431376819465159 0.8084700989329497 17.578653811612938 18.551249481366195 -50.72741846806181 -21.74756655648841 7.663177007951089 -25.602440380533224 29.90261917047215 -48.01357325245759 0.0 13.169887021675462; -11.776864597951901 7.7087345855299425 5.464435731130258 -6.580344696862602 28.070391826921135 3.6454234209798457 -15.117085633915426 0.8177097264708808 155.95719194692603 -3.079176612141654 1.3104518265795808 0.45662533115897924 -7.114320425213238 0.3749243215430104 1.9218442235420397 1.121452791130863 8.189934825315996 0.45765251763075376 2.9539663809859213 -0.09864402458943768 6.556306247105289 1.4555362193622159 7.234093686465647 1.0259450664451535 41.12055368458709 16.681056853247306 -77.33360289134417 -23.43399622165827 -14.55623857281597 -40.68888742308672 58.18915565030163 -69.10448247882698 0.0 22.069776023072716; 20.316152875351847 -12.82561931761135 -10.13432690056004 10.967949271718181 -47.55525904570082 -6.560519146168465 26.208218929905048 -1.9711521247581247 -3.079176612141658 160.82472125015843 -2.0829628494120667 -2.335444008251427 14.65799130164635 -0.3261202447508409 -4.914098177195864 -2.511487936299486 -13.888217845775126 -1.4739145742074862 -5.351804941691772 -0.24691182287661337 -12.35511709319973 -2.515904731991673 -12.079401592481155 -2.3772705215445846 -81.41641527003839 -39.237745507157236 163.06330149347573 52.95536869416923 20.644735312094678 85.16001141288537 -117.72482605696054 147.35585877229897 0.0 -45.51263536682172; -7.235922220784808 4.511527952319554 3.739192298503598 -3.844134579209848 16.865982723436474 2.3889158888161774 -9.371109911703298 0.7999212731719378 1.310451826579579 -2.082962849412064 155.8229881793154 1.052664761609391 -5.568863626546933 0.06623165384527294 1.9645245394171889 0.9758957676876889 4.921047869646635 0.6206803136800454 1.9540954138013849 0.14670808786656167 4.548680065863172 0.9009759857288133 4.256703635771879 0.9429978408097976 22.952650984588516 20.12930781364256 -60.02937557986494 -24.25798002513946 5.258499214819908 -30.537797374206377 37.161932832823325 -56.25186868831155 0.0 15.783789472831197; -9.138000270603788 6.0237037004294285 4.201926367763352 -5.128653316069047 21.873747396587415 2.814956418623764 -11.7308754035621 0.602814745399978 0.4566253311589851 -2.3354440082514274 1.0526647616093914 155.29644225209424 -5.242737877824047 0.3327872648078322 1.2966779990995587 0.8203759591896134 6.386414486430316 0.2767911781274817 2.288168080894367 -0.12262898920963873 4.9599872034658965 1.1369338561750773 5.66974711995004 0.75309101769587 27.855966088877384 13.43257129671561 -55.62516179052763 -18.032818995992905 -7.380206877820725 -29.071684141790367 40.39654830152994 -50.174334923727336 0.0 15.6852394496735; 52.97707294386194 -33.67387057900109 -26.107970660582893 28.7724421100284 -124.44026477384948 -16.985560120343987 68.2919838027995 -4.887620451920702 -7.114320425213256 14.657991301646351 -5.568863626546939 -5.242737877824043 191.99802385246429 -1.0423597582346935 -11.911069889495549 -6.264786741068651 -36.35175005959446 -3.464949270348251 -13.861051880335106 -0.41647541463362053 -31.621735380034725 -6.572627893955483 -31.736498833966323 -5.9132287780175545 -205.19785916353635 -97.15474597204329 408.10746253561626 131.58685274051163 54.47238098902536 213.31173458091945 -296.0566995800216 368.32002102365595 0.0 -114.24474615811178; -0.9613038078736719 0.5460257255483538 0.5848110918910702 -0.4649385026571648 2.1490950428200164 0.35172698652985757 -1.263261149095095 0.17486359147888939 0.3749243215430104 -0.3261202447508404 0.06623165384527253 0.3327872648078323 -1.0423597582346926 155.08008188752095 0.45982906747812774 0.1981464037318349 0.6254245655865316 0.16770252003161323 0.2895981325761038 0.07120934698963312 0.7367595480029223 0.11980909479308047 0.5164617611857029 0.198543812288009 2.696605438668149 5.033029840498303 -11.21688647878942 -5.609384484534911 3.927783047869828 -5.520059326146943 5.517590637318122 -10.976378892483131 0.0 2.7065152082137804; -18.218400155794193 11.74097369032951 8.72993776797277 -10.029111620855332 43.08541018997873 5.7455609587580625 -23.436880201098017 1.4842958502205263 1.921844223542046 -4.914098177195867 1.9645245394171875 1.296677999099558 -11.911069889495566 0.459829067478127 158.6940106654021 1.958639369279667 12.578127252160876 0.9686413351271475 4.672132733763976 0.006612374569820698 10.538102184016195 2.2551078175212473 11.040007126201365 1.8238043656098306 67.71973107961026 29.698137565444505 -130.9306246734024 -40.94726397405562 -21.02783613376356 -68.66012344190673 96.72598116243789 -117.59156342128588 0.0 36.99125947962111; -9.193064374717931 5.875956255084219 4.5241843926661724 -5.0031226119479495 21.683462705943377 2.947269237177656 -11.86185563587468 0.8389469550458224 1.1214527911308632 -2.511487936299486 0.9758957676876886 0.8203759591896133 -6.264786741068651 0.19814640373183495 1.958639369279667 156.1714067427141 6.330265851144466 0.5595184215368104 2.4068848370758875 0.04766756775698001 5.4227832976197545 1.1459754698794284 5.542948005756993 1.0059834079172016 28.31456762527614 20.347340369536767 -67.0163197527523 -25.267435248246308 0.8553135055671033 -34.409104931996296 43.93175661825146 -61.998511106923104 0.0 18.061699691588135; -48.72296216264836 30.510170818577365 24.705937871425043 -26.088893842860198 113.60997692310933 15.889082297374118 -62.936435612020475 5.043289141888169 8.189934825315998 -13.888217845775127 4.921047869646637 6.386414486430316 -36.35175005959446 0.6254245655865311 12.57812725216087 6.330265851144467 188.30498892041547 3.879603043669626 12.99005396551384 0.8039323965801278 30.149463852973753 6.044648261450652 28.779412944812854 6.034539084699609 196.66244266115635 101.71990841156992 -404.75573470499825 -135.1152672448158 -41.175697199721604 -210.74780659248123 287.3318453573015 -367.36306452429795 0.0 112.11772035880995; -5.589889728069965 3.6370324438261736 2.634421501472644 -3.101881202029284 13.288095098731809 1.7462444349732262 -7.185344665534614 0.41994744959566 0.4576525176307567 -1.473914574207488 0.6206803136800453 0.2767911781274812 -3.4649492703482534 0.16770252003161334 0.9686413351271449 0.5595184215368104 3.8796030436696256 155.3569295969236 1.4201567673764317 -0.030553033785087138 3.1487659050821546 0.6937403889437045 3.4221176992004785 0.5186668651381127 19.087327077323454 8.79266067455375 -37.52654291020403 -11.958948205811279 -5.468990294508576 -19.643700379947028 27.46811255079188 -33.78349336947384 0.0 10.583224827693451; -19.007646360325396 11.962411530703887 9.600100833089813 -10.205329614311754 44.465817487334235 6.186429212560373 -24.561173763613454 1.9328412805251736 2.9539663809859236 -5.351804941691772 1.9540954138013849 2.2881680808943674 -13.86105188033511 0.28959813257610356 4.672132733763975 2.406884837075888 12.990053965513843 1.420156767376432 160.1777098607649 0.25853165211587337 11.613430273733035 2.3675678814536507 11.298434899705386 2.3029530193267336 67.59321792572212 42.994963697252686 -151.49276676469995 -54.663543836692426 -4.479649146528731 -78.1883141040606 102.32678771943795 -139.1836227463691 0.0 41.197193447097526; -1.1169911036699187 0.7799446229545703 0.4522786709258609 -0.6606394923821673 2.756540379380118 0.32070037472345886 -1.4238870716986463 0.024790208253657128 -0.09864402458943745 -0.24691182287661356 0.1467080878665617 -0.12262898920963881 -0.4164754146336207 0.0712093469896331 0.006612374569820493 0.04766756775698001 0.8039323965801278 -0.03055303378508708 0.25853165211587337 155.05986109932638 0.5073447166383941 0.13944746070059316 0.7321110515124208 0.03791188698101865 1.9123744070416409 0.9626681897376185 -3.842745474774541 -1.2592417829676739 -0.5284938111981576 -2.0095752515453382 2.8161452199718933 -3.454528499895767 0.0 1.114615786290467; -44.0757425444771 27.845169446743427 21.968524794662002 -23.804445767227072 103.21394307767524 14.226430704549239 -56.859517146154666 4.2621539216638995 6.5563062471053115 -12.355117093199754 4.548680065863171 4.959987203465903 -31.6217353800348 0.7367595480029221 10.538102184016171 5.4227832976197545 30.1494638529738 3.1487659050821613 11.613430273733037 0.5073447166383941 181.83614919727214 5.464510902191051 26.242463625931453 5.136399772731921 175.24821734900428 84.6754499156436 -351.2989394117045 -114.1941133947261 -44.2228268440502 -183.4504444277111 253.51360372476788 -317.4928798990943 0.0 98.05073334517886; -8.863128380896843 5.557279500057937 4.499006991632059 -4.74534897125229 20.690411084316185 2.892952356559901 -11.454265735497108 0.9198362980621255 1.4555362193622177 -2.5159047319916774 0.900975985728813 1.1369338561750775 -6.572627893955491 0.11980909479308023 2.255107817521248 1.1459754698794284 6.044648261450656 0.6937403889437053 2.3675678814536503 0.13944746070059313 5.464510902191054 156.21635132015004 5.2471395804137595 1.0962771410086767 33.227739774430496 19.777964163750543 -72.38760383073787 -25.48603209069882 -3.822162583365964 -37.46688250610309 49.69369455497945 -66.24835682699498 0.0 19.79697967913788; -42.272395168160216 26.431619352310626 21.506980099336413 -22.59778726325251 98.50569984344321 13.813760852190251 -54.621266063758135 4.43137681946516 7.2340936864656715 -12.079401592481165 4.256703635771878 5.669747119950041 -31.736498833966355 0.5164617611857009 11.040007126201363 5.542948005756994 28.779412944812854 3.4221176992004794 11.298434899705384 0.7321110515124213 26.242463625931475 5.247139580413758 180.05433653506475 5.2926878780378415 169.44142851437172 90.37511542909628 -352.98325383279166 -119.23308019380839 -32.11326764510228 -183.55108138027404 248.75141276732057 -320.9677815784241 0.0 97.4809310380521; -8.752008952913753 5.5970964867850945 4.321024349711214 -4.757271005521447 20.660418020130205 2.8119683720386917 -11.301231779579572 0.8084700989329494 1.0259450664451517 -2.377270521544586 0.9429978408097967 0.7530910176958711 -5.913228778017558 0.19854381228800874 1.823804365609833 1.0059834079172019 6.034539084699615 0.518666865138113 2.3029530193267345 0.03791188698101873 5.136399772731924 1.096277141008678 5.292687878037847 156.0766716374889 24.13339975701607 20.745312288427574 -62.36394028646861 -25.02042746723798 4.8293208219701995 -31.76556084535335 38.95530339406157 -58.317883412642615 0.0 16.519288478111392; -286.7570570659804 188.63267125946678 130.5186938909443 -162.2701298181249 685.413658132156 87.85588804805494 -366.9142082364713 17.578653811612934 41.1205536845873 -81.41641527003857 22.95265098458855 27.85596608887742 -205.1978591635362 2.696605438668106 67.7197310796097 28.31456762527614 196.66244266115623 19.087327077323444 67.59321792572213 1.9123744070416386 175.24821734900397 33.22773977443043 169.4414285143713 24.13339975701604 1509.0672217403953 375.4738186902395 -2285.5808243183697 -597.1267598996507 -678.2107644004509 -1218.1193836245873 1835.287357758335 -2005.3771737704903 0.0 675.9423442497327; -147.82785695316852 90.48334193418039 78.79695349428387 -76.63988577733974 340.7123335051189 49.63907064315857 -192.11011389251095 18.55124948136621 16.68105685324733 -39.23774550715723 20.129307813642555 13.432571296715604 -97.15474597204323 5.033029840498305 29.698137565444494 20.347340369536767 101.71990841156993 8.792660674553748 42.994963697252686 0.9626681897376177 84.67544991564357 19.77796416375054 90.37511542909627 20.745312288427566 375.473818690239 534.9089425225578 -1056.5917658848564 -447.0054798947279 142.6819995732971 -534.4159631485103 631.7012740649177 -997.1884622247139 0.0 276.02385400863915; 589.3812739257363 -377.3060112840815 -285.96371179122076 322.72541274698847 -1389.317113799056 -187.25816479362288 758.6860305711953 -50.7274184680619 -77.3336028913447 163.06330149347647 -60.02937557986494 -55.62516179052764 408.1074625356177 -11.216886478789315 -130.93062467340263 -67.01631975275231 -404.75573470499927 -37.52654291020422 -151.4927667647 -3.842745474774546 -351.2989394117057 -72.38760383073789 -352.9832538327925 -62.36394028646845 -2285.5808243183833 -1056.591765884857 4661.603667466771 1439.5194538139865 637.7604920095505 2357.7650476011286 -3286.395535371242 4061.518651953419 0.0 -1278.089604489278; 196.48774093688598 -122.34201369152305 -101.20076395678232 104.0150437259267 -456.7338581758369 -64.64337299464728 254.43956383327745 -21.747566556488422 -23.433996221658244 52.95536869416922 -24.257980025139467 -18.03281899599289 131.5868527405116 -5.609384484534909 -40.94726397405551 -25.267435248246308 -135.11526724481567 -11.958948205811263 -54.6635438366924 -1.259241782967672 -114.19411339472596 -25.4860320906988 -119.23308019380829 -25.020427467237965 -597.1267598996492 -447.0054798947278 1439.5194538139826 705.7122627531014 -38.475296160620566 737.9093376972571 -934.7316429521987 1334.6094779575863 0.0 -389.3375020950651; 60.71141011201172 -48.040746125746146 -13.830459143834995 42.77902192816726 -160.2725753344745 -13.390114404149406 74.12668007711525 7.663177007951126 -14.55623857281609 20.644735312094976 5.258499214819923 -7.380206877820773 54.47238098902565 3.9277830478698785 -21.02783613376346 0.8553135055671095 -41.175697199721945 -5.4689902945086155 -4.479649146528734 -0.5284938111981653 -44.22282684405063 -3.8221625833659787 -32.113267645102134 4.829320821970268 -678.2107644004528 142.6819995732963 637.7604920095498 -38.475296160618754 891.5031348119373 374.31892040121244 -771.9755845433559 475.4918375630204 0.0 -230.05030780374082; 306.9261188559312 -197.0654284672174 -147.93101007985902 168.66491893662825 -724.584459809682 -97.14374998587365 394.83879947392745 -25.602440380533327 -40.688887423086655 85.16001141288513 -30.537797374206434 -29.071684141790243 213.31173458091882 -5.52005932614698 -68.66012344190645 -34.40910493199629 -210.747806592481 -19.643700379946992 -78.1883141040605 -2.009575251545331 -183.45044442771044 -37.466882506103026 -183.55108138027364 -31.765560845353342 -1218.1193836245807 -534.4159631485101 2357.7650476011117 737.9093376972567 374.318920401204 1391.2377692702798 -1738.724625214707 2118.7131608825684 0.0 -671.6427774097247; -418.7737975260871 272.45799029373353 195.7432313628056 -233.8520215161805 995.3318655828807 130.2435388518824 -537.1515702644286 29.902619170472196 58.18915565030198 -117.72482605696112 37.16193283282331 40.396548301529926 -296.0566995800227 5.517590637318077 96.72598116243783 43.93175661825146 287.331845357302 27.468112550791993 102.32678771943797 2.8161452199718897 253.5136037247681 49.69369455497945 248.75141276732094 38.95530339406145 1835.2873577583396 631.7012740649184 -3286.395535371233 -934.7316429522007 -771.9755845433489 -1738.724625214713 2697.482917315645 -2914.743817604047 0.0 954.9792589226482; 534.8058084751863 -340.9575552926411 -261.8877086980177 291.37320242872335 -1258.0290260298946 -170.825608795352 689.0534186504199 -48.01357325245757 -69.104482478827 147.35585877229872 -56.251868688311575 -50.17433492372733 368.32002102365584 -10.976378892483119 -117.59156342128578 -61.998511106923104 -367.3630645242979 -33.7834933694738 -139.18362274636905 -3.4545284998957637 -317.4928798990941 -66.24835682699494 -320.9677815784235 -58.3178834126426 -2005.3771737704847 -997.1884622247142 4061.518651953395 1334.609477957586 475.491837563017 2118.713160882572 -2914.743817604043 3830.8536927746554 0.0 -1144.5900370105535; 0.0 0.0 0.0 0.0 0.0 0.0 0.0 0.0 0.0 0.0 0.0 0.0 0.0 0.0 0.0 0.0 0.0 0.0 0.0 0.0 0.0 0.0 0.0 0.0 0.0 0.0 0.0 0.0 0.0 0.0 0.0 0.0 155.11390926152419 0.0; -163.34731725324414 105.19696813273428 78.17965114697267 -90.10446945897269 386.2236822087751 51.493220741822256 -209.98838838038972 13.169887021675475 22.069776023072777 -45.51263536682187 15.783789472831204 15.685239449673496 -114.24474615811195 2.7065152082137645 36.99125947962095 18.06169969158814 112.11772035881012 10.583224827693444 41.19719344709751 1.1146157862904658 98.05073334517888 19.796979679137877 97.48093103805212 16.51928847811134 675.9423442497342 276.023854008639 -1278.0896044892713 -389.3375020950658 -230.05030780374088 -671.6427774097274 954.9792589226445 -1144.5900370105578 0.0 362.1137630944528]
 * x: [-1.074101461015121, -0.11485818270259669, 1.0042731529520315, 0.12119740614535557, 0.43551254208891466, 0.6677594260285636, -0.9398738063542995, 1.0794871493195644, -0.21672042492456062, -1.1503712996638498, 0.9844236642127355, 0.6054582347892964, -0.6654847289343958, 0.6042808942256896, -0.506621660151482, 1.1674974065415726, -0.40491100605500735, -0.5840834156208712, -0.09515557208561345, -0.20973265627699259, -0.005399848184390566, -0.4344997226199123, 0.01047566034953086, -0.5415476747999066, -0.12361678283303254, 0.06731250899964404, 0.05141003480640182, -0.04984179634962429, 0.18555708991529135, 0.038157698882043664, -0.12286247092668995, 0.018676646582203887, 0.0, 0.012674609563702526]
bfgs   13   loss 8.479415e-08
n     Energy            log10(ΔE)   log10(Δρ)   Diag   Δtime 
---   ---------------   ---------   ---------   ----   ------
  1   -7.835721168219                   -2.99    1.0    457ms
  2   -7.835721928517       -6.12       -3.68    1.0    440ms
  3   -7.835721972691       -7.35       -4.29    2.3    572ms
  4   -7.835721973985       -8.89       -5.04    1.8    584ms
  5   -7.835721974044      -10.23       -5.58    2.2    556ms
  6   -7.835721974046      -11.67       -6.65    1.8    570ms
  7   -7.835721974046      -13.08       -7.20    2.9    577ms
  8   -7.835721974046      -15.05       -8.23    2.0    576ms
  9   -7.835721974046   +    -Inf       -9.09    3.2    647ms
 10   -7.835721974046   +    -Inf      -10.03    2.4    625ms
n     Energy            log10(ΔE)   log10(Δρ)   Diag   Δtime 
---   ---------------   ---------   ---------   ----   ------
  1   -7.863062627254                   -3.05    1.0    771ms
  2   -7.863063269280       -6.19       -3.79    1.0    852ms
  3   -7.863063307955       -7.41       -4.43    2.2    945ms
  4   -7.863063309473       -8.82       -4.87    2.0    1.01s
  5   -7.863063309581       -9.97       -5.67    1.6    820ms
  6   -7.863063309585      -11.38       -5.98    2.2    970ms
  7   -7.863063309586      -12.38       -6.83    1.2    890ms
  8   -7.863063309586      -13.59       -7.31    2.2    958ms
  9   -7.863063309586      -14.75       -8.28    1.7    963ms
 10   -7.863063309586   +  -15.05       -8.84    2.6    992ms
 11   -7.863063309586   +    -Inf       -9.20    1.9    926ms
 12   -7.863063309586   +    -Inf       -9.78    1.2    832ms
 13   -7.863063309586      -15.05      -10.17    1.9    858ms
n     Energy            log10(ΔE)   log10(Δρ)   Diag   Δtime 
---   ---------------   ---------   ---------   ----   ------
  1   -7.851419236559                   -3.10    1.0    668ms
  2   -7.851419797519       -6.25       -3.84    1.0    865ms
  3   -7.851419832028       -7.46       -4.48    2.1    989ms
  4   -7.851419833106       -8.97       -5.00    2.0    948ms
  5   -7.851419833189      -10.08       -5.84    1.7    920ms
  6   -7.851419833192      -11.60       -6.09    2.2    1.05s
  7   -7.851419833192      -12.57       -7.49    1.1    796ms
  8   -7.851419833192      -14.57       -7.62    3.5    1.21s
  9   -7.851419833192   +    -Inf       -7.87    1.0    840ms
 10   -7.851419833192      -15.05       -9.64    1.1    753ms
 11   -7.851419833192      -14.57       -9.85    4.1    1.31s
 12   -7.851419833192      -14.45      -10.17    1.0    833ms
n     Energy            log10(ΔE)   log10(Δρ)   Diag   Δtime 
---   ---------------   ---------   ---------   ----   ------
  1   -7.835721974046                  -10.56    1.0    491ms
n     Energy            log10(ΔE)   log10(Δρ)   Diag   Δtime 
---   ---------------   ---------   ---------   ----   ------
  1   -7.863063309586                  -11.46    1.0    766ms
n     Energy            log10(ΔE)   log10(Δρ)   Diag   Δtime 
---   ---------------   ---------   ---------   ----   ------
  1   -7.851419833192                  -11.13    1.0    782ms
n     Energy            log10(ΔE)   log10(Δρ)   Diag   Δtime 
---   ---------------   ---------   ---------   ----   ------
  1   -7.835721974046                  -11.00    1.0    402ms
n     Energy            log10(ΔE)   log10(Δρ)   Diag   Δtime 
---   ---------------   ---------   ---------   ----   ------
  1   -7.863063309586                  -11.77    1.0    676ms
n     Energy            log10(ΔE)   log10(Δρ)   Diag   Δtime 
---   ---------------   ---------   ---------   ----   ------
  1   -7.851419833192                  -11.60    1.0    780ms
n     Energy            log10(ΔE)   log10(Δρ)   Diag   Δtime 
---   ---------------   ---------   ---------   ----   ------
  1   -7.835721974046                  -11.32    1.0    391ms
n     Energy            log10(ΔE)   log10(Δρ)   Diag   Δtime 
---   ---------------   ---------   ---------   ----   ------
  1   -7.863063309586                  -12.12    1.0    709ms
n     Energy            log10(ΔE)   log10(Δρ)   Diag   Δtime 
---   ---------------   ---------   ---------   ----   ------
  1   -7.851419833192                  -12.04    1.0    703ms
    14     8.213402e-08     4.587918e-04
 * Current step size: 1.0
 * time: 869.6679592132568
 * g(x): [-2.8294035103968165e-6, 1.7009556792443012e-6, 1.7176447955279574e-6, -1.3300177010462164e-6, 6.527961740278974e-6, 1.0312330539115412e-6, -3.7844653951170717e-6, 5.299899162269331e-7, -9.256889318406489e-7, -3.6192740670974937e-7, 9.344814680760186e-7, -7.042547840476609e-7, -1.899233768275676e-8, 4.785131567717342e-7, -6.924197411257741e-7, 3.657510813474529e-7, 2.1292998686045406e-6, -2.9243741512212286e-7, 1.113693468188789e-6, -2.2936706328796297e-7, 7.236777704946362e-7, 5.20620146552726e-7, 2.151415628828782e-6, 4.838212546479068e-7, -2.7210349389215397e-5, -3.1610088457015543e-6, 4.315619364558606e-5, 1.0108456882973468e-5, 1.1624706059307397e-5, 2.2520612019519016e-5, -3.267136055394323e-5, 3.8869369786464345e-5, 0.0, 0.0004587918333973674]
 * ~inv(H): [241.49669876398534 -47.961975384971616 -55.741776944312186 39.19826940664988 -191.02244093707034 -32.7407686669585 115.01210546192536 -18.64004664455459 -8.405516634341438 21.466629799509498 -17.827989342375826 -9.810641751820897 54.80081449388948 -5.152668069379817 -15.530882584788941 -17.42076520734285 -59.638973937190386 -5.507958063964302 -31.648978244021315 -1.2469856401454875 -47.449335410861934 -13.568951086219345 -54.74442353953826 -19.286728015639323 -338.4307021511532 -118.53965661752748 605.5438134399992 172.7161039424675 145.20228582888058 320.4748320631234 -471.3800696246529 535.9529471024836 0.0 -174.3594358812575; -47.9619753849716 181.35189729115308 31.64646543652996 -21.368745218082765 105.38149606752064 18.44640550054916 -64.03350555495908 10.909057767327722 4.9851551434068035 -11.936928698077887 10.165483015127082 5.9109774268450055 -30.87545046743616 2.8990331994385525 8.908691188906007 10.08804495292173 33.06390201819939 3.238014849706019 17.98347037767412 0.8263102150731417 26.47457272430153 7.643045898374745 30.40213946619442 11.235693518241174 192.86356066973576 65.92847374083424 -342.5775667719898 -96.7676323201853 -84.64789420624155 -181.4588673895934 267.87592179747844 -302.8241056767804 0.0 98.76220342076999; -55.74177694431216 31.646465436529954 189.8257761022596 -26.007047436449444 124.46417525544632 20.643632410702356 -73.89334191569216 11.018882775918035 4.957797439462539 -13.850694886546423 10.988762679165703 5.581789641669715 -34.70760587167092 3.2280394071849803 9.61462003483241 10.505905637748187 38.55652735454453 3.270785635216415 19.668732354744765 0.5861254809999876 30.45851579986992 8.550413676803082 35.28006516388864 11.501614228423211 211.3986676335334 76.1381437887517 -381.5257671615092 -110.04385174471459 -88.21230065514186 -201.71654774318472 295.40809308199823 -338.1877300255746 0.0 109.71443216326266; 39.19826940664981 -21.368745218082758 -26.007047436449447 172.49719418317116 -86.00121568712484 -15.131053427977355 52.37229337800323 -9.030416960009894 -4.079965798217574 9.742374408338389 -8.380557672014968 -4.877306498881419 25.24071451705895 -2.3923200967524623 -7.279949083395094 -8.321353889719015 -27.021547977365657 -2.6605605247714235 -14.788426424223145 -0.6899881319778483 -21.62313725671166 -6.273509133061067 -24.867121266848056 -9.286574056990641 -157.70044113469302 -53.895835826379255 280.0745078316662 79.10098214547867 69.25388999175408 148.35381681374017 -219.03581520720547 247.56259885191486 0.0 -80.74218599607245; -191.02244093707017 105.38149606752049 124.46417525544634 -86.00121568712474 576.3489436541696 72.86201855069041 -254.6313412715732 42.18269025950042 19.1911723670233 -47.51766464554729 39.8645684482771 22.53824454351595 -122.03594189770745 11.44502081287728 34.89169335765093 39.24494376445523 131.78929123791866 12.51074041683258 70.68771481624479 2.9999496958839673 105.1880622039548 30.189130609044273 121.05267204877573 43.56022103937481 758.2117176321868 262.06657551208474 -1351.2581172972814 -383.37756829312 -329.39732134416784 -715.4678393066248 1054.4451936622852 -1195.1454780421066 0.0 389.3591567902386; -32.74076866695848 18.446405500549147 20.643632410702356 -15.13105342797735 72.86201855069041 167.33734210671656 -43.467675822415764 6.676831236660312 3.008880354683392 -8.136382823103727 6.5581256624330235 3.432268491485017 -20.522095300840277 1.9150609597085055 5.732190799991468 6.320177948783972 22.631757924467113 1.979491009561832 11.705368680832962 0.3890740106281575 17.92425115918733 5.063702950159249 20.730853637659667 6.947206094587297 125.64601634986697 44.77730623787544 -226.0190023011662 -64.9153929023384 -52.9940196070361 -119.54369670706168 175.3585339291776 -200.23111145351848 0.0 65.02899016111807; 115.01210546192519 -64.03350555495906 -73.89334191569216 52.372293378003185 -254.6313412715732 -43.46767582241577 308.1593393778311 -24.55899406971464 -11.104695531611226 28.59029658505094 -23.594390787251182 -12.896933917724965 72.8422248771408 -6.827074467153089 -20.60665929295553 -23.01036597361266 -79.41813454981789 -7.273247653872388 -41.94113220541342 -1.6112733710596676 -63.15639183062613 -18.01076500530458 -72.86585798475224 -25.43900661316112 -449.3118877837965 -157.75101301823952 804.5423627561761 229.6966350967964 192.31456768054142 425.7554506248225 -625.9884993383306 712.1785027298215 0.0 -231.63507360352625; -18.640046644554577 10.909057767327724 11.018882775918035 -9.030416960009896 42.182690259500376 6.67683123666031 -24.558994069714633 158.32612668712025 1.4384801461655503 -4.630611253215948 3.434151419111919 1.5151627647917045 -11.298063426404353 1.034538563054918 3.023275476341096 3.16909671193196 12.927264092657904 0.9606596771891593 6.224497158810638 0.09348138691921055 10.109649018255439 2.7631916650960506 11.77656095761746 3.4043478708131976 67.3090462587004 25.356121016271302 -123.21769602937184 -36.18495774414402 -26.762888811562767 -65.04056298322851 94.5692116091632 -109.48896548576711 0.0 35.35405509425628; -8.40551663434139 4.985155143406777 4.95779743946253 -4.079965798217556 19.191172367023285 3.0088803546833875 -11.104695531611215 1.4384801461655539 155.055048249941 -1.8860394911725016 1.7481807186858815 0.09493501832904064 -4.075679259237265 0.6436505805531227 0.6568632845243579 1.313042913703085 5.938819080012437 0.16095291802795203 2.8763734997458665 -0.11228026154679493 4.077494953639542 1.298180239861244 5.53123583674832 1.4738972363968608 23.97709486484639 8.105652087261939 -42.20792008078988 -11.813810135018768 -11.035992731962676 -22.393653024763005 33.39746589583737 -37.16425494844031 0.0 12.359581823731085; 21.46662979950944 -11.936928698077864 -13.850694886546417 9.742374408338385 -47.51766464554733 -8.13638282310372 28.590296585050933 -4.630611253215952 -1.8860394911725051 160.39045376480217 -4.488054387503681 -2.2698385783893023 13.326449729173566 -1.3313767979152284 -3.6569940867166104 -4.296507679467007 -14.852049841575631 -1.2908850628836221 -7.885860205020589 -0.2657733549875592 -11.653417534472123 -3.387205725427141 -13.667845680992558 -4.776399820993394 -82.34233550406115 -28.458719940082027 146.6680823207956 41.594321396733875 35.89894444692219 77.66664234492029 -114.55346553329785 129.68471881944973 0.0 -42.31465618105888; -17.827989342375826 10.165483015127084 10.988762679165701 -8.380557672014964 39.86456844827709 6.558125662433022 -23.594390787251175 3.4341514191119193 1.7481807186858798 -4.488054387503678 158.52641720323925 1.8871938878718164 -11.333914598224517 0.9734502023496437 3.2423771461454134 3.3284673871342245 12.305949554572743 1.0989444738754073 6.2016877963434185 0.21223622816747162 9.865558080723238 2.7008105850428614 11.215133308127733 3.6103580204688415 68.95122558038254 25.18822119262088 -125.06990943922376 -36.29463752210757 -28.23947207176099 -66.08448026631335 96.4802724584061 -110.98278921588526 0.0 35.89420774035896; -9.810641751820901 5.910977426845001 5.581789641669715 -4.8773064988814205 22.538244543515958 3.432268491485016 -12.896933917724978 1.515162764791704 0.09493501832904648 -2.2698385783893027 1.8871938878718169 155.30038696571827 -4.994254050031895 0.675045809372017 0.9396112778308129 1.4499282358836536 6.906152125495479 0.23339651200176603 3.2085907169363974 -0.11478084923013587 4.896051012717687 1.463388029949821 6.373028704523843 1.584687770185093 29.499280377637966 10.197468628299754 -52.39079098722639 -14.820190294618104 -13.154014881438888 -27.764576522201146 41.14528350287298 -46.23624784760411 0.0 15.272665386984384; 54.8008144938894 -30.875450467436146 -34.70760587167092 25.240714517058947 -122.03594189770752 -20.522095300840284 72.84222487714084 -11.298063426404362 -4.075679259237283 13.326449729173568 -11.333914598224522 -4.994254050031891 188.0769259037051 -3.474350460770705 -8.627495379246474 -10.50874846412792 -38.02915396102698 -2.9575237032797927 -19.794696351692004 -0.45723470059548404 -29.326503250498323 -8.578747354555672 -35.02446225370946 -11.666937754462836 -202.90177373362366 -69.59216505318679 360.4241804070246 101.86260480216798 89.3946740614409 190.93370784959134 -282.138947647081 318.46977410675726 0.0 -104.19820345973922; -5.1526680693798195 2.8990331994385548 3.22803940718498 -2.3923200967524614 11.445020812877276 1.9150609597085047 -6.82707446715309 1.0345385630549173 0.6436505805531227 -1.331376797915228 0.9734502023496433 0.675045809372017 -3.474350460770704 155.36927205917817 1.0729483383347296 1.0113301348798018 3.535239259053678 0.3750450427105256 1.810838071359967 0.09623523382952826 2.9391689543397415 0.7799908898375677 3.205866476222352 1.0916470348270142 21.21195389019119 7.907003260008576 -38.75997600321369 -11.347659615123668 -8.433391687390424 -20.46027134078815 29.730480358414848 -34.4518924277698 0.0 11.078721234900456; -15.530882584788962 8.908691188906017 9.614620034832416 -7.279949083395122 34.89169335765104 5.732190799991476 -20.60665929295558 3.023275476341096 0.6568632845243643 -3.6569940867166117 3.2423771461454125 0.9396112778308124 -8.62749537924649 1.072948338334729 157.0715022007553 2.7842508490201983 10.85475992881407 0.628747487547488 5.52213797651244 0.0009087316936989895 7.999311885483678 2.4269838742928362 10.048861428542855 3.1089071231011274 52.262897361135174 17.878279577720637 -92.60884625370134 -26.11073150948103 -23.331850955148465 -49.08060306877262 72.73321641264224 -81.74043095544309 0.0 26.88275327742103; -17.42076520734285 10.08804495292173 10.505905637748187 -8.321353889719013 39.24494376445523 6.3201779487839715 -23.01036597361266 3.16909671193196 1.3130429137030855 -4.296507679467008 3.3284673871342245 1.4499282358836534 -10.50874846412792 1.0113301348798018 2.7842508490201987 158.1818165196534 12.086052065186507 0.9029127956423765 5.954294075080772 0.09997348488535192 9.39978818272292 2.624900355481079 11.047726560664632 3.33029288790784 63.55836891678651 22.921716878873028 -114.7318761644591 -33.101679170190764 -26.55487426955512 -60.66266643029959 88.85881954182622 -101.6870932514723 0.0 33.039149303834265; -59.638973937190315 33.0639020181994 38.556527354544535 -27.02154797736567 131.78929123791866 22.631757924467102 -79.41813454981786 12.927264092657907 5.93881908001244 -14.852049841575635 12.305949554572745 6.906152125495479 -38.02915396102698 3.5352392590536774 10.854759928814067 12.086052065186507 196.26795019392264 3.8607091647247214 21.881928546336106 0.8970434743337574 32.842821795729016 9.371454350291161 37.76416822851692 13.377815722312764 235.20262261768508 82.25980404816256 -420.68967651699376 -119.92793243127181 -100.99754919325326 -222.6516448438395 327.52413686995493 -372.33204734293906 0.0 121.12040302338303; -5.507958063964301 3.238014849706015 3.270785635216414 -2.660560524771429 12.510740416832592 1.9794910095618323 -7.273247653872387 0.9606596771891596 0.16095291802795483 -1.2908850628836237 1.0989444738754068 0.2333965120017655 -2.957523703279794 0.37504504271052563 0.6287474875474854 0.9029127956423763 3.8607091647247205 155.29767843251497 1.8773135210350034 -0.02828345169414015 2.805218460521655 0.839588469584904 3.5651404119891383 0.9967266648674369 17.769246313212456 6.075318940948394 -31.4772530276689 -8.870856846114684 -7.955998376535369 -16.684423632663645 24.73631808205027 -27.777040741712188 0.0 9.155217408152332; -31.64897824402131 17.983470377674127 19.668732354744765 -14.788426424223147 70.68771481624482 11.705368680832963 -41.94113220541343 6.224497158810639 2.876373499745869 -7.88586020502059 6.2016877963434185 3.208590716936398 -19.794696351692007 1.810838071359967 5.52213797651244 5.954294075080772 21.88192854633611 1.877313521035004 166.24947336242187 0.342417216510381 17.34033469028755 4.842449320779432 20.005799711117415 6.506509485379507 120.52276286431028 43.55401899479205 -217.77137571335163 -62.90233508425365 -50.076063743420335 -115.12116697993982 168.47192876169865 -193.08249724045479 0.0 62.59545269233381; -1.2469856401454869 0.8263102150731414 0.5861254809999877 -0.689988131977849 2.9999496958839664 0.38907401062815755 -1.6112733710596685 0.09348138691921065 -0.11228026154679474 -0.26577335498755944 0.21223622816747165 -0.11478084923013596 -0.4572347005954842 0.09623523382952826 0.000908731693698771 0.09997348488535192 0.8970434743337574 -0.028283451694140087 0.342417216510381 155.06084524457424 0.5529992342592782 0.17189052694486376 0.8302674526465008 0.10296603635206548 2.4145458512324 0.8511919872560378 -4.281551482356316 -1.2128733190138503 -1.117572766620022 -2.271874243490273 3.3968480033325243 -3.76441452393571 0.0 1.2789653281306452; -47.4493354108619 26.474572724301503 30.458515799869925 -21.623137256711722 105.18806220395493 17.924251159187346 -63.156391830626184 10.10964901825544 4.0774949536395635 -11.653417534472144 9.865558080723236 4.896051012717693 -29.326503250498394 2.9391689543397415 7.999311885483654 9.399788182722919 32.84282179572906 2.805218460521662 17.340334690287545 0.5529992342592782 180.83006608762136 7.463930213794991 30.215871404743456 10.43747514149677 181.30923567117256 62.38000818012803 -322.5070914112827 -91.2934387281081 -79.4049085140113 -170.81090634190744 252.11734206948177 -285.08793227032663 0.0 93.097573674396; -13.568951086219341 7.643045898374753 8.550413676803084 -6.273509133061076 30.1891306090443 5.063702950159252 -18.010765005304588 2.76319166509605 1.2981802398612463 -3.3872057254271453 2.700810585042861 1.4633880299498212 -8.57874735455568 0.7799908898375675 2.426983874292837 2.624900355481079 9.371454350291167 0.8395884695849051 4.842449320779431 0.17189052694486373 7.463930213794995 157.20762233092418 8.574735268821707 2.8795073558607283 52.50965086906099 18.81301939131043 -94.6310389985796 -27.241174070915445 -21.99854349105356 -50.03965940283049 73.32112264356441 -83.86718432412837 0.0 27.205295477650115; -54.744423539538246 30.402139466194445 35.280065163888644 -24.867121266848077 121.0526720487759 20.73085363765968 -72.86585798475231 11.776560957617463 5.531235836748345 -13.66784568099257 11.215133308127733 6.373028704523845 -35.024462253709494 3.2058664762223503 10.048861428542855 11.047726560664634 37.76416822851692 3.56514041198914 20.005799711117415 0.8302674526465013 30.215871404743492 8.574735268821705 189.73652357222767 12.204991368118456 216.32668640609194 76.07710618662266 -387.6228585724032 -110.75556332553744 -92.32513320713645 -205.10586389106297 301.40807339950163 -343.18880337196094 0.0 111.53739560881277; -19.286728015639326 11.235693518241177 11.501614228423211 -9.286574056990638 43.56022103937484 6.947206094587297 -25.439006613161126 3.404347870813197 1.4738972363968588 -4.776399820993395 3.6103580204688406 1.584687770185094 -11.66693775446284 1.091647034827014 3.1089071231011296 3.33029288790784 13.37781572231277 0.9967266648674373 6.506509485379507 0.10296603635206557 10.437475141496774 2.879507355860729 12.20499136811846 158.70817901125582 69.92424136940907 25.891822833389124 -127.29045103149701 -37.12050347238224 -28.36938110518559 -67.23503478394028 98.05006694065543 -112.9921843012264 0.0 36.57545585818701; -338.430702151153 192.86356066973596 211.39866763353353 -157.7004411346933 758.2117176321887 125.64601634986711 -449.31188778379675 67.3090462587004 23.977094864846606 -82.34233550406134 68.95122558038258 29.49928037763801 -202.90177373362351 21.21195389019115 52.26289736113463 63.55836891678651 235.202622617685 17.769246313212452 120.5227628643103 2.414545851232398 181.30923567117233 52.50965086906093 216.32668640609148 69.92424136940906 1670.2240301537558 224.12038378345116 -2238.342527721962 -458.9933870489091 -1022.1285258781838 -1215.0998850466606 1975.2763572299198 -1905.4171959305727 0.0 690.4158930252974; -118.53965661752743 65.92847374083422 76.13814378875172 -53.89583582637924 262.0665755120845 44.777306237875436 -157.75101301823952 25.35612101627132 8.105652087261966 -28.458719940082023 25.188221192620876 10.19746862829975 -69.59216505318675 7.907003260008578 17.878279577720626 22.921716878873028 82.2598040481626 6.075318940948394 43.55401899479205 0.8511919872560371 62.380008180128016 18.813019391310426 76.07710618662264 25.891822833389117 224.12038378345073 453.671281052943 -737.4842245897825 -338.5194516899641 166.35302006634527 -368.723025319005 410.60632613350043 -705.6613155362535 0.0 188.46548609552235; 605.5438134400001 -342.5775667719906 -381.52576716150946 280.0745078316675 -1351.2581172972843 -226.01900230116672 804.5423627561782 -123.21769602937191 -42.207920080790394 146.6680823207963 -125.06990943922375 -52.39079098722639 360.424180407026 -38.75997600321358 -92.60884625370156 -114.73187616445908 -420.68967651699467 -31.477253027669093 -217.77137571335163 -4.2815514823563205 -322.5070914112839 -94.63103899857957 -387.6228585724039 -127.29045103149683 -2238.3425277219744 -737.4842245897829 4084.0378455458144 1092.4026210481225 1023.989696814455 2084.433932242317 -3099.536927446772 3463.7171449943 0.0 -1153.4968972495415; 172.71610394246736 -96.76763232018511 -110.04385174471456 79.10098214547861 -383.37756829311945 -64.91539290233837 229.69663509679626 -36.18495774414403 -11.81381013501874 41.59432139673387 -36.29463752210757 -14.82019029461809 101.86260480216794 -11.347659615123664 -26.110731509480917 -33.10167917019076 -119.92793243127166 -8.87085684611467 -62.902335084253615 -1.2128733190138483 -91.29343872810797 -27.24117407091542 -110.75556332553732 -37.120503472382225 -458.99338704890744 -338.51945168996394 1092.4026210481188 570.077475512153 -14.058997142384792 560.7785484810589 -719.1695173146162 1009.2917514403322 0.0 -298.05520681252256; 145.20228582888123 -84.64789420624177 -88.21230065514197 69.2538899917547 -329.3973213441693 -52.99401960703621 192.31456768054238 -26.762888811562732 -11.0359927319628 35.898944446922485 -28.23947207176097 -13.154014881438938 89.39467406144117 -8.433391687390372 -23.33185095514837 -26.554874269555114 -100.99754919325362 -7.955998376535411 -50.076063743420335 -1.1175727666200297 -79.40490851401174 -21.998543491053567 -92.32513320713628 -28.369381105185532 -1022.1285258781858 166.3530200663445 1023.9896968144548 -14.05899714238295 1224.3584630685336 593.6969785250589 -1190.8095028752305 778.6008897728168 0.0 -360.04819604246825; 320.4748320631225 -181.45886738959248 -201.7165477431846 148.35381681374008 -715.4678393066235 -119.54369670706156 425.75545062482223 -65.04056298322861 -22.393653024762948 77.66664234492006 -66.0844802663134 -27.76457652220103 190.93370784959072 -20.46027134078819 -49.08060306877235 -60.66266643029958 -222.6516448438393 -16.684423632663613 -115.12116697993972 -2.271874243490266 -170.81090634190684 -50.03965940283042 -205.10586389106257 -67.23503478394028 -1215.099885046654 -368.72302531900476 2084.433932242301 560.7785484810586 593.6969785250507 1264.1503573073905 -1668.4880233430772 1829.8219630369933 0.0 -615.5696142072675; -471.3800696246533 267.8759217974785 295.4080930819983 -219.0358152072058 1054.4451936622893 175.35853392917772 -625.9884993383331 94.56921160916325 33.39746589583773 -114.55346553329844 96.48027245840609 41.145283502872964 -282.13894764708215 29.73048035841481 72.7332164126422 88.85881954182624 327.52413686995544 24.736318082050392 168.47192876169865 3.3968480033325212 252.11734206948208 73.32112264356441 301.40807339950203 98.05006694065531 1975.2763572299243 410.6063261335011 -3099.536927446765 -719.1695173146185 -1190.8095028752234 -1668.4880233430833 2783.1282859850476 -2673.2884945664578 0.0 937.8768668077144; 535.9529471024832 -302.8241056767797 -338.1877300255747 247.5625988519144 -1195.1454780421084 -200.23111145351837 712.178502729822 -109.48896548576708 -37.164254948440316 129.68471881944944 -110.98278921588529 -46.236247847604105 318.4697741067571 -34.451892427769785 -81.740430955443 -101.68709325147229 -372.33204734293895 -27.77704074171215 -193.08249724045467 -3.7644145239357063 -285.0879322703264 -83.8671843241283 -343.18880337196026 -112.99218430122637 -1905.417195930566 -705.6613155362535 3463.7171449942757 1009.2917514403318 778.6008897728132 1829.8219630369967 -2673.2884945664528 3227.910424589993 0.0 -1007.9997024441036; 0.0 0.0 0.0 0.0 0.0 0.0 0.0 0.0 0.0 0.0 0.0 0.0 0.0 0.0 0.0 0.0 0.0 0.0 0.0 0.0 0.0 0.0 0.0 0.0 0.0 0.0 0.0 0.0 0.0 0.0 0.0 0.0 155.11390926152419 0.0; -174.35943588125713 98.76220342076962 109.71443216326264 -80.7421859960726 389.3591567902391 65.02899016111806 -231.63507360352622 35.354055094256296 12.35958182373114 -42.314656181059014 35.89420774035896 15.272665386984379 -104.19820345973935 11.078721234900438 26.882753277420875 33.039149303834265 121.12040302338318 9.155217408152325 62.59545269233379 1.278965328130644 93.09757367439603 27.2052954776501 111.53739560881276 36.575455858186956 690.4158930252988 188.46548609552212 -1153.4968972495349 -298.0552068125233 -360.04819604246825 -615.56961420727 937.8768668077103 -1007.9997024441079 0.0 338.92281284336764]
 * x: [-1.0735658082854724, -0.11518736955796846, 1.0039908470479844, 0.12147628161335006, 0.434276486776847, 0.6675809117641175, -0.9391786185461606, 1.0794222526147168, -0.21677827583413603, -1.1502296506814436, 0.9843477294149275, 0.6054115338951387, -0.6651368284958286, 0.604261116076316, -0.5067264652072345, 1.16742246252257, -0.40527981389530404, -0.584114366063994, -0.09531071266500005, -0.2097356320418823, -0.0057055519940479495, -0.43457128834049663, 0.010147733296153216, -0.5416218444106301, -0.1260601507168797, 0.06673056978776232, 0.05537452283906499, -0.04886841356228754, 0.18691674665391542, 0.040282182351169635, -0.12613902567526405, 0.022124260075192498, 0.0, 0.011502667100895784]
bfgs   14   loss 8.213402e-08
n     Energy            log10(ΔE)   log10(Δρ)   Diag   Δtime 
---   ---------------   ---------   ---------   ----   ------
  1   -7.836909569755                   -3.25    1.0    416ms
  2   -7.836909785729       -6.67       -4.01    1.0    443ms
  3   -7.836909795431       -8.01       -4.55    2.3    567ms
  4   -7.836909795807       -9.42       -5.45    1.8    552ms
  5   -7.836909795823      -10.81       -5.91    2.5    583ms
  6   -7.836909795823      -12.32       -6.95    1.8    541ms
  7   -7.836909795823      -13.55       -7.66    3.1    654ms
  8   -7.836909795823   +    -Inf       -8.18    2.1    599ms
  9   -7.836909795823      -15.05       -8.83    2.1    546ms
 10   -7.836909795823   +    -Inf       -9.91    2.2    621ms
 11   -7.836909795823   +  -15.05      -10.45    3.2    642ms
n     Energy            log10(ΔE)   log10(Δρ)   Diag   Δtime 
---   ---------------   ---------   ---------   ----   ------
  1   -7.864265578938                   -3.36    1.0    697ms
  2   -7.864265726609       -6.83       -4.12    1.0    832ms
  3   -7.864265734733       -8.09       -4.75    2.2    959ms
  4   -7.864265735081       -9.46       -5.18    2.1    905ms
  5   -7.864265735106      -10.60       -5.98    1.4    886ms
  6   -7.864265735107      -11.82       -6.31    2.2    899ms
  7   -7.864265735108      -13.09       -6.98    1.1    865ms
  8   -7.864265735108      -14.35       -7.51    2.1    998ms
  9   -7.864265735108   +  -14.75       -8.49    1.9    859ms
 10   -7.864265735108   +    -Inf       -8.58    2.5    1.06s
 11   -7.864265735108   +    -Inf       -9.25    1.0    765ms
 12   -7.864265735108      -15.05       -9.73    1.8   1000ms
 13   -7.864265735108      -15.05      -10.25    1.4    884ms
n     Energy            log10(ΔE)   log10(Δρ)   Diag   Δtime 
---   ---------------   ---------   ---------   ----   ------
  1   -7.852619038411                   -3.41    1.0    782ms
  2   -7.852619166784       -6.89       -4.18    1.0    872ms
  3   -7.852619173878       -8.15       -4.81    2.1    977ms
  4   -7.852619174106       -9.64       -5.31    2.1    1.02s
  5   -7.852619174125      -10.73       -6.16    1.7    879ms
  6   -7.852619174125      -12.25       -6.44    2.2    1.09s
  7   -7.852619174126      -13.24       -7.61    1.1    871ms
  8   -7.852619174126      -14.27       -7.77    3.1    1.09s
  9   -7.852619174126   +  -14.27       -8.36    1.0    897ms
 10   -7.852619174126      -14.75       -9.42    1.9    950ms
 11   -7.852619174126   +  -15.05      -10.22    2.8    1.02s
n     Energy            log10(ΔE)   log10(Δρ)   Diag   Δtime 
---   ---------------   ---------   ---------   ----   ------
  1   -7.836909795823                  -11.33    1.0    417ms
n     Energy            log10(ΔE)   log10(Δρ)   Diag   Δtime 
---   ---------------   ---------   ---------   ----   ------
  1   -7.864265735108                  -11.59    1.0    767ms
n     Energy            log10(ΔE)   log10(Δρ)   Diag   Δtime 
---   ---------------   ---------   ---------   ----   ------
  1   -7.852619174126                  -11.51    1.0    768ms
n     Energy            log10(ΔE)   log10(Δρ)   Diag   Δtime 
---   ---------------   ---------   ---------   ----   ------
  1   -7.836909795823                  -11.64    1.0    395ms
n     Energy            log10(ΔE)   log10(Δρ)   Diag   Δtime 
---   ---------------   ---------   ---------   ----   ------
  1   -7.864265735108                  -11.89    1.0    748ms
n     Energy            log10(ΔE)   log10(Δρ)   Diag   Δtime 
---   ---------------   ---------   ---------   ----   ------
  1   -7.852619174126                  -12.07    1.0    751ms
n     Energy            log10(ΔE)   log10(Δρ)   Diag   Δtime 
---   ---------------   ---------   ---------   ----   ------
  1   -7.836909795823                  -11.96    1.0    442ms
n     Energy            log10(ΔE)   log10(Δρ)   Diag   Δtime 
---   ---------------   ---------   ---------   ----   ------
  1   -7.864265735108                  -12.27    1.0    754ms
n     Energy            log10(ΔE)   log10(Δρ)   Diag   Δtime 
---   ---------------   ---------   ---------   ----   ------
  1   -7.852619174126                  -12.38    1.0    675ms
    15     7.625890e-08     3.947582e-04
 * Current step size: 1.0
 * time: 916.9017510414124
 * g(x): [-2.4642080551740277e-6, 1.4631439752241137e-6, 1.5261714036500406e-6, -1.1401275480242005e-6, 5.6537572987043315e-6, 9.096250149170412e-7, -3.3044708127395918e-6, 4.861124681489156e-7, -8.072994845133206e-7, -3.111840398367655e-7, 8.340627484587402e-7, -6.057345810257107e-7, -1.0773101950034738e-8, 4.2405193531315313e-7, -6.061178747998493e-7, 3.3685195322463996e-7, 1.8536870452868986e-6, -2.528302747266606e-7, 9.904020212258813e-7, -1.9718598207675378e-7, 6.23195405106863e-7, 4.5962359450275365e-7, 1.8786108129963275e-6, 4.442673140796018e-7, -2.3403890872999044e-5, -2.7391018848466524e-6, 3.7157917699617385e-5, 8.721507189301613e-6, 9.952232295369622e-6, 1.938946893418921e-5, -2.8101020129506807e-5, 3.3479300812995406e-5, 0.0, 0.00039475820546761947]
 * ~inv(H): [392.9147997131549 -115.82369681032655 -184.3478970148079 89.3563151460512 -497.91445130732194 -101.9095730439902 325.49517501162484 -76.53463896926539 -4.391819611187123 49.98827875640052 -74.58336221847952 -20.655748301417 120.79889685656954 -25.862251218088037 -22.172569174845314 -64.25107496500992 -166.49354202803582 -10.452973324407653 -110.0493850394014 -2.351581194844404 -112.63596230871714 -45.05040653836082 -161.22209000384322 -75.46712438893431 -978.4688921156792 -86.71394072525953 1345.6139186328428 231.69367258381547 746.9150099133243 738.4618181747848 -1255.4720618736746 1122.6800611409005 0.0 -420.32216234407576; -115.82369681032654 211.75464266732106 89.30361764032612 -43.83668119664325 242.90377073486763 49.453396641639145 -158.37227032430823 36.87150320527586 3.1808212587871774 -24.715642968378344 35.616538779050835 10.772574875091275 -60.443641123918894 12.186564619522034 11.878543509335215 31.08757738948644 80.95363671418116 5.453660538567298 53.13417382806744 1.3220195344050285 55.68190849033275 21.756572797176794 78.12734696438594 36.42868645997759 479.83295626366447 51.52593212416718 -674.1927504918972 -123.07327580646725 -354.6005128600608 -368.7725011261036 619.3780314435173 -565.6741261149978 0.0 208.9985886502404; -184.3478970148079 89.30361764032612 299.023662974872 -68.62849816025359 385.1536826361725 79.3792049189623 -252.65626670184665 60.16453702463201 1.5582474864851739 -38.082212885895984 59.168239574694695 14.791130812862024 -90.78071520517258 20.807238058839026 15.267371047214029 50.261374619445746 129.3124301170751 7.471811367606843 86.23419661139573 1.5231754214123356 85.83756894853255 35.281537238550655 125.70829258809395 59.19338006587617 754.8039089444949 49.34648906417624 -1010.212594528031 -160.35399171543835 -598.7911469343829 -556.7614901168562 961.2137064284908 -836.7036827248069 0.0 318.6177512449413; 89.35631514605113 -43.83668119664325 -68.62849816025359 189.10019926678441 -187.64113327187133 -38.05119772223834 122.10179651037727 -28.224538982733463 -2.744675813278561 19.186193078158308 -27.196451638253205 -8.470950069895549 47.09201986151918 -9.258761298566569 -9.472972206752686 -23.846011205562373 -62.41794799689248 -4.29801437044329 -40.77320212285292 -1.0565770957121383 -43.208582446103634 -16.706436007755613 -60.143248102251334 -27.911615076272376 -369.8422538142214 -43.20840672413332 525.1585419048495 98.50562659350214 268.8667091772049 286.79602427858305 -478.86647921991914 441.80846603815166 0.0 -162.2209111162096; -497.9144513073217 242.9037707348675 385.1536826361725 -187.6411332718712 1198.3212366638897 213.06471752612484 -681.2449188403305 159.54898666398103 11.046955992320175 -105.31822098334602 154.9205211233854 44.520809283499425 -255.78217307329186 53.42911190251678 48.34147814809305 134.1792237843922 348.3610020581456 22.53223671537995 229.61163943667702 5.239842397022379 237.2944224601998 94.00264622354112 336.8679221513189 157.45018767733487 2055.636221114729 197.32707460144067 -2851.110817356139 -502.69798078697346 -1549.414907751252 -1562.6082424462197 2643.7875423339788 -2384.135783476166 0.0 887.8765356893713; -101.90957304399019 49.453396641639124 79.3792049189623 -38.051197722238335 213.06471752612487 198.92933168705162 -139.61406206878047 33.11326758519949 1.178998861972454 -21.167857917372444 32.47469665086372 8.38566647355207 -50.67731761323869 11.371389111398495 8.770601563452555 27.705117645976717 71.44347815593258 4.238789637647263 47.51025918688225 0.8932296253714607 47.706948217651444 19.441796948821022 69.3675258201882 32.60136840286448 417.94070412473127 30.330230927644138 -564.1307894439175 -91.93969318088183 -327.6767229422246 -310.4943880188019 533.4766508003488 -468.3214963460109 0.0 177.3849853658063; 325.49517501162467 -158.37227032430823 -252.65626670184662 122.10179651037721 -681.2449188403306 -139.61406206878047 600.744511660524 -105.02915812560632 -5.528120832111827 68.2396340749635 -102.48136517246479 -27.971929804121757 164.59004059219615 -35.61197692128772 -29.842555287970647 -88.10242293112944 -227.95426238230263 -14.14750295838803 -150.91696393853226 -3.1464154322355733 -153.77479533341352 -61.77026783587929 -220.87584284163916 -103.52690707414716 -1338.9543076895218 -113.58108613644013 1833.3310436395107 311.74410764839126 1028.6008137829044 1006.7990584468479 -1715.8914542371836 1527.8289734451887 0.0 -573.5415063734608; -76.53463896926537 36.871503205275864 60.16453702463201 -28.224538982733467 159.548986663981 33.11326758519949 -105.0291581256063 180.4403248079182 -0.08847253231805839 -15.54137378351272 25.113916499383045 5.660246641368463 -36.54699689529068 8.94441214381998 5.572194826919033 21.058721659720668 53.78267618638035 2.8521979739968644 36.18176528714615 0.5149034916273729 35.04438476972978 14.794032699856338 52.48173053594719 24.864792375914522 311.8585815120955 13.381894567512065 -406.2741815526735 -58.91186621330909 -256.4355519208597 -224.88193639366034 394.2374499774825 -333.971822651345 0.0 129.39466508159194; -4.391819611187075 3.1808212587871507 1.5582474864851652 -2.7446758132785423 11.04695599232016 1.1789988619724496 -5.528120832111816 -0.08847253231805483 155.15872862071984 -1.1280518591520208 0.25102089323352833 -0.1919986410855277 -2.3210813684791773 0.09766663958177708 0.4774637473320055 0.07731095350077254 3.106507519420961 0.02958554316852431 0.8049163314926933 -0.1412356493392832 2.3457972408074683 0.4658322361947112 2.711081012482793 -0.00820551708933694 7.0708797476884415 8.880657812258859 -22.558377431618798 -10.18801317177885 4.7755175848996085 -11.30530618163946 12.658693012581898 -21.559326301339688 0.0 5.840830043598124; 49.98827875640046 -24.71564296837832 -38.08221288589598 19.186193078158304 -105.31822098334607 -21.167857917372437 68.2396340749635 -15.541373783512725 -1.1280518591520243 165.76148544511963 -15.183937908210872 -4.313051352254197 25.75436421882531 -5.234448289487306 -4.9056358344730695 -13.121675929574344 -34.97964274719629 -2.2221382076857936 -22.658486885322954 -0.4740726327592665 -23.92948499320499 -9.318707401631222 -33.72600416299648 -15.363846174145566 -202.94506137193406 -22.414498974831112 286.04709541972875 52.6585609102066 149.33930343450245 156.39394980664784 -262.28054186407604 240.1650219621058 0.0 -88.64583975414074; -74.58336221847954 35.616538779050835 59.168239574694695 -27.1964516382532 154.9205211233854 32.47469665086372 -102.48136517246479 25.113916499383045 0.2510208932335264 -15.18393790821087 179.7802599141677 5.950763650179873 -36.085529921604774 8.727955537379948 5.740827202827147 20.866595110264296 52.35744176516814 2.953235131468789 35.57010227758255 0.6253961700002664 34.30928839394348 14.49511549540712 51.11954202677619 24.649178614296453 308.6942111787669 13.443198938470275 -402.55354332121453 -58.568495168219584 -253.40569610578382 -222.7797737025253 390.25604809468035 -331.04349495905046 0.0 128.08443649460497; -20.655748301417002 10.77257487509127 14.791130812862024 -8.470950069895553 44.52080928349944 8.385666473552067 -27.97192980412177 5.660246641368462 -0.19199864108552187 -4.313051352254197 5.950763650179873 156.0770441396917 -9.72230392745283 2.1577465627081485 1.4159808921930606 4.802960890275842 14.559434324507018 0.5876337270857801 8.822564002981194 -0.03573057976869884 9.56570380533367 3.717774608746869 13.99888324694112 5.607112415314124 75.32921973111073 7.931700022565112 -105.40369759752058 -19.05684887490718 -56.22320953387427 -57.70402016443407 97.29568187155687 -88.27019617496488 0.0 32.88918173814137; 120.79889685656947 -60.44364112391889 -90.78071520517258 47.09201986151917 -255.78217307329194 -50.677317613238706 164.5900405921962 -36.5469968952907 -2.3210813684791956 25.754364218825312 -36.08552992160478 -9.722303927452826 216.8334577493686 -12.506622298742714 -11.516016731518802 -30.931202631390686 -84.60371793592816 -5.112342287227894 -53.97962179868419 -0.9393085839284634 -57.73199534344987 -22.304538287852186 -81.43886971337275 -36.167589797252504 -481.9862730607782 -55.58982605935711 682.9346439124768 127.45009104208437 351.9243464350623 373.10386464814366 -623.9849029437243 574.1048942269704 0.0 -211.40717053557748; -25.86225121808804 12.186564619522036 20.807238058839026 -9.258761298566569 53.42911190251678 11.371389111398495 -35.61197692128772 8.944412143819978 0.09766663958177707 -5.234448289487305 8.727955537379948 2.1577465627081485 -12.506622298742712 158.19848096559465 1.9850048230474475 7.41019511110917 18.149695094911362 1.051694660356279 12.526349718894105 0.2469559816473302 11.858933090749863 5.0833876911623115 17.766398957236735 8.76771407517062 108.68528532659707 3.6293762128119282 -140.01531721459722 -19.482529660288204 -90.57854768778643 -77.63814322307584 136.92159439669075 -114.75642047402282 0.0 44.71807483536917; -22.172569174845336 11.878543509335227 15.267371047214036 -9.472972206752715 48.341478148093174 8.770601563452562 -29.842555287970697 5.572194826919033 0.4774637473320118 -4.90563583447307 5.7408272028271465 1.4159808921930601 -11.51601673151882 1.9850048230474469 157.3587005425333 4.845308364508646 15.541897876212388 0.8452965598362232 8.969337719230952 0.049760221682546964 10.85395567156379 3.8105055940258565 14.722139339860941 5.581909810115064 80.4104626329469 16.397661934049808 -125.03095789870383 -28.620631150872903 -49.895542907279854 -67.40424319808045 107.18209064364898 -107.41162005243856 0.0 37.67279900716139; -64.25107496500992 31.08757738948644 50.261374619445746 -23.84601120556237 134.1792237843922 27.705117645976717 -88.10242293112944 21.058721659720668 0.07731095350077294 -13.121675929574346 20.866595110264296 4.802960890275842 -30.931202631390686 7.41019511110917 4.845308364508646 172.6537759160859 45.13358021535873 2.4328943418668714 30.18788483451561 0.44092864017521105 29.56839702717816 12.35698883052419 43.97420150690558 20.69097409478823 261.384932960779 13.220806303007528 -343.6861204404174 -51.47149485678384 -212.365025700382 -189.9547322849728 331.2672126381091 -283.2573411412264 0.0 109.10781843886608; -166.49354202803576 80.95363671418117 129.3124301170751 -62.417947996892494 348.3610020581456 71.44347815593257 -227.95426238230257 53.78267618638035 3.1065075194209637 -34.979642747196294 52.35744176516814 14.559434324507018 -84.60371793592816 18.149695094911362 15.541897876212385 45.13358021535873 271.6743765439915 7.350380769538769 77.20817637246965 1.6765331892905615 78.8446849397465 31.587573754736702 112.90451982256404 53.023559863976104 686.8698619691041 59.803757020171616 -942.9528156199644 -161.5507731228687 -525.6152339928733 -517.6221780395348 880.8496544352112 -786.3831502435573 0.0 294.6943241914647; -10.452973324407653 5.453660538567293 7.4718113676068425 -4.298014370443295 22.532236715379963 4.238789637647263 -14.14750295838803 2.852197973996865 0.029585543168527108 -2.2221382076857954 2.9532351314687886 0.5876337270857797 -5.112342287227896 1.051694660356279 0.8452965598362207 2.4328943418668714 7.350380769538768 155.45914225886045 4.438430329054977 0.007824911078057242 4.933684170637023 1.8679379766110313 7.042733146078484 2.832220186724265 38.677945614048205 5.028669106995579 -55.643055317287725 -10.79031589716091 -27.621430459693546 -30.334136772812123 50.34803540596185 -46.93282975188037 0.0 17.187987065343155; -110.0493850394014 53.13417382806744 86.23419661139572 -40.77320212285292 229.61163943667705 47.51025918688225 -150.91696393853226 36.18176528714615 0.804916331492696 -22.658486885322954 35.57010227758254 8.822564002981196 -53.979621798684185 12.526349718894105 8.969337719230952 30.187884834515607 77.20817637246965 4.438430329054977 206.8264817651131 0.9135428751398118 51.10165758741962 21.137420091906588 75.13152104617984 35.57767272544949 451.77037457116063 27.245782181165414 -601.0406678616613 -93.59443249941395 -361.284146059679 -331.56546612789526 574.3418238451517 -497.00463207511774 0.0 189.94597073863008; -2.3515811948444036 1.3220195344050283 1.5231754214123359 -1.0565770957121392 5.239842397022378 0.8932296253714608 -3.146415432235574 0.514903491627373 -0.141235649339283 -0.4740726327592667 0.6253961700002664 -0.03573057976869892 -0.9393085839284635 0.2469559816473302 0.04976022168254675 0.44092864017521105 1.6765331892905615 0.007824911078057302 0.9135428751398118 155.06886443757318 1.0289871449104062 0.40129143265637107 1.606748476859831 0.5119535459755393 7.076504412824524 0.6272332627976205 -9.684221291080124 -1.6505884201491696 -5.490518018594381 -5.322120663308534 9.111363040106534 -8.050852689565863 0.0 3.0731355502103415; -112.6359623087171 55.681908490332724 85.83756894853256 -43.2085824461037 237.29442246019994 47.706948217651465 -153.77479533341358 35.04438476972979 2.3457972408074896 -23.929484993205012 34.309288393943476 9.565703805333674 -57.73199534344994 11.858933090749863 10.853955671563767 29.568397027178158 78.84468493974654 4.93368417063703 51.10165758741962 1.0289871449104062 208.88815404436085 21.019912104777564 76.05848727134416 34.633417861465915 456.9332282613389 48.58340274839355 -641.0680124560375 -116.5968846977488 -338.6390605973295 -350.74546786794116 589.7380142441391 -537.6055902085624 0.0 198.98786554987578; -45.05040653836082 21.7565727971768 35.281537238550655 -16.70643600775562 94.00264622354115 19.441796948821025 -61.770267835879295 14.794032699856338 0.4658322361947134 -9.318707401631228 14.495115495407118 3.7177746087468693 -22.30453828785219 5.0833876911623115 3.8105055940258574 12.35698883052419 31.587573754736706 1.8679379766110324 21.137420091906588 0.401291432656371 21.019912104777568 163.7512632385728 30.71078139586342 14.55441386630556 185.5334644847393 12.250317968195846 -248.5250510909148 -39.552591860888896 -146.99182341380367 -136.95046011874584 236.30639029506864 -205.89542157119138 0.0 78.34274802996555; -161.22209000384322 78.12734696438596 125.70829258809395 -60.143248102251356 336.86792215131914 69.36752582018822 -220.8758428416392 52.4817305359472 2.711081012482818 -33.726004162996496 51.11954202677619 13.998883246941121 -81.43886971337278 17.76639895723673 14.722139339860941 43.97420150690558 112.90451982256404 7.0427331460784846 75.13152104617984 1.6067484768598315 76.05848727134419 30.710781395863417 264.61000868855723 51.70523020444251 666.3532433758538 53.75507254147007 -908.0695906522944 -152.28147974455618 -515.3346034201345 -499.0428408726983 852.7455737063488 -755.8212501361563 0.0 284.49822094161027; -75.46712438893432 36.4286864599776 59.19338006587617 -27.911615076272373 157.4501876773349 32.60136840286448 -103.52690707414718 24.864792375914522 -0.008205517089338971 -15.363846174145568 24.649178614296453 5.607112415314126 -36.167589797252504 8.76771407517062 5.581909810115067 20.69097409478823 53.023559863976104 2.8322201867242653 35.577672725449496 0.5119535459755394 34.63341786146592 14.554413866305563 51.705230204442515 179.5341483438318 307.2408634971776 14.262995802913634 -401.9616469074864 -59.16616873154761 -251.2601211764128 -222.34253168513789 388.8515121795939 -330.82137345584465 0.0 127.83176893979194; -978.468892115679 479.8329562636647 754.803908944495 -369.84225381422164 2055.6362211147307 417.9407041247314 -1338.954307689522 311.8585815120955 7.070879747688658 -202.94506137193426 308.6942111787669 75.32921973111077 -481.98627306077805 108.68528532659701 80.41046263294635 261.384932960779 686.869861969104 38.6779456140482 451.77037457116063 7.076504412824521 456.9332282613386 185.53346448473926 666.3532433758534 307.24086349717754 4374.3334083349 91.1000359822751 -5367.296089603225 -709.6597921120683 -3562.5084983506026 -2982.1028614830316 5288.604078322204 -4386.637380865229 0.0 1730.066790399307; -86.71394072525946 51.525932124167156 49.346489064176254 -43.208406724133305 197.3270746014404 30.33023092764413 -113.58108613644013 13.381894567512083 8.880657812258885 -22.41449897483111 13.443198938470271 7.931700022565108 -55.589826059357065 3.629376212811929 16.397661934049797 13.220806303007528 59.803757020171645 5.028669106995579 27.245782181165414 0.6272332627976197 48.58340274839354 12.250317968195843 53.75507254147006 14.262995802913627 91.10003598227466 458.62491629012794 -581.1179080621179 -324.54334434301916 289.32463459492243 -280.6509628008943 246.95222133226946 -581.0166574898702 0.0 136.7951754555861; 1345.6139186328437 -674.192750491898 -1010.2125945280313 525.1585419048508 -2851.110817356142 -564.130789443918 1833.3310436395132 -406.27418155267355 -22.55837743161931 286.0470954197295 -402.55354332121453 -105.40369759752059 682.9346439124782 -140.01531721459713 -125.03095789870405 -343.6861204404174 -942.9528156199653 -55.64305531728792 -601.0406678616613 -9.68422129108013 -641.0680124560388 -248.52505109091476 -908.0695906522952 -401.9616469074862 -5367.296089603237 -581.1179080621183 7700.816731363712 1379.9189555267474 3966.560150621453 4127.2820884914645 -6932.399744214402 6330.778957038643 0.0 -2355.675464362196; 231.69367258381533 -123.07327580646707 -160.35399171543833 98.50562659350209 -502.69798078697295 -91.9396931808818 311.7441076483911 -58.9118662133091 -10.188013171778822 52.6585609102066 -58.56849516821959 -19.056848874907164 127.45009104208432 -19.4825296602882 -28.62063115087279 -51.471494856783835 -161.55077312286852 -10.790315897160896 -93.59443249941391 -1.6505884201491676 -116.59688469774868 -39.552591860888874 -152.2814797445561 -59.16616873154759 -709.6597921120666 -324.543344343019 1379.9189555267437 591.6111003962245 223.49410170628852 723.3868759964621 -1025.6211091636435 1236.617755778622 0.0 -393.8828093717218; 746.915009913325 -354.60051286006103 -598.791146934383 268.8667091772055 -1549.4149077512536 -327.6767229422247 1028.6008137829053 -256.4355519208597 4.775517584899484 149.33930343450277 -253.4056961057838 -56.223209533874325 351.92434643506255 -90.57854768778638 -49.89554290727976 -212.365025700382 -525.6152339928736 -27.62143045969359 -361.284146059679 -5.490518018594389 -338.6390605973299 -146.9918234138037 -515.3346034201344 -251.26012117641275 -3562.5084983506044 289.3246345949217 3966.5601506214525 223.49410170629034 3608.420330001709 2255.1532498072775 -4304.355073301854 3112.8347982368314 0.0 -1337.412172726977; 738.4618181747838 -368.77250112610267 -556.7614901168561 286.796024278583 -1562.6082424462186 -310.49438801880177 1006.7990584468477 -224.88193639366045 -11.305306181639402 156.3939498066476 -222.77977370252535 -57.704020164433956 373.10386464814303 -77.63814322307589 -67.40424319808018 -189.9547322849728 -517.6221780395346 -30.33413677281209 -331.56546612789515 -5.322120663308528 -350.7454678679406 -136.95046011874578 -499.042840872698 -222.34253168513789 -2982.102861483025 -280.6509628008941 4127.282088491448 723.3868759964619 2255.1532498072693 2417.968714620644 -3833.104321526014 3449.3056983754786 0.0 -1294.5487777774151; -1255.472061873675 619.3780314435173 961.2137064284909 -478.8664792199195 2643.7875423339833 533.4766508003489 -1715.891454237186 394.2374499774826 12.658693012582258 -262.2805418640766 390.2560480946803 97.29568187155687 -623.9849029437254 136.9215943966907 107.18209064364893 331.2672126381091 880.8496544352117 50.348035405961966 574.3418238451517 9.111363040106532 589.7380142441394 236.30639029506867 852.7455737063492 388.8515121795938 5288.60407832221 246.9522213322702 -6932.399744214395 -1025.6211091636458 -4304.3550733018465 -3833.1043215260197 6842.649040471247 -5712.428560520601 0.0 2211.533543415974; 1122.6800611409 -565.6741261149971 -836.7036827248069 441.8084660381512 -2384.135783476168 -468.3214963460108 1527.8289734451891 -333.97182265134495 -21.559326301339695 240.16502196210553 -331.0434949590504 -88.27019617496488 574.10489422697 -114.7564204740228 -107.41162005243848 -283.25734114122633 -786.3831502435572 -46.93282975188033 -497.0046320751176 -8.050852689565858 -537.6055902085621 -205.8954215711913 -755.8212501361556 -330.82137345584465 -4386.637380865222 -581.0166574898702 6330.7789570386185 1236.6177557786218 3112.8347982368277 3449.3056983754823 -5712.428560520596 5500.39845394259 0.0 -1961.0967351045447; 0.0 0.0 0.0 0.0 0.0 0.0 0.0 0.0 0.0 0.0 0.0 0.0 0.0 0.0 0.0 0.0 0.0 0.0 0.0 0.0 0.0 0.0 0.0 0.0 0.0 0.0 0.0 0.0 0.0 0.0 0.0 0.0 155.11390926152419 0.0; -420.3221623440754 208.99858865024004 318.6177512449413 -162.22091111620975 887.8765356893718 177.3849853658063 -573.5415063734608 129.39466508159194 5.840830043598179 -88.64583975414087 128.08443649460497 32.88918173814137 -211.40717053557762 44.71807483536916 37.67279900716123 109.10781843886608 294.6943241914649 17.187987065343144 189.94597073863008 3.07313555021034 198.98786554987578 78.34274802996553 284.49822094161027 127.83176893979189 1730.0667903993085 136.79517545558588 -2355.67546436219 -393.8828093717225 -1337.412172726977 -1294.5487777774176 2211.5335434159697 -1961.0967351045492 0.0 738.4628800821224]
 * x: [-1.073195154209994, -0.11535666691332067, 1.0036815063222835, 0.12160237783552544, 0.4335198636927412, 0.6674136779772007, -0.9386649880515681, 1.0792849760359853, -0.21677001947432878, -1.1501587031115976, 0.9842130073438298, 0.6053852996303807, -0.6649722873399846, 0.604212140845672, -0.5067446584727081, 1.1673110760050445, -0.4055413104337655, -0.5841266374555065, -0.0954987340560341, -0.20973814825214537, -0.005867302485490096, -0.43464711191037136, 0.009888412188789716, -0.5417552654563297, -0.1275924650450041, 0.06676879208713325, 0.057204766977044595, -0.04868791949966702, 0.18830966951291647, 0.04131034469703325, -0.12803210443261528, 0.02359076772318272, 0.0, 0.010901200714074508]
bfgs   15   loss 7.625890e-08
n     Energy            log10(ΔE)   log10(Δρ)   Diag   Δtime 
---   ---------------   ---------   ---------   ----   ------
  1   -7.845329954058                   -2.38    1.0    389ms
  2   -7.845340547592       -4.97       -3.10    1.0    456ms
  3   -7.845341074726       -6.28       -3.92    2.3    571ms
  4   -7.845341097173       -7.65       -4.47    2.5    556ms
  5   -7.845341097493       -9.49       -5.43    1.9    537ms
  6   -7.845341097522      -10.55       -5.86    2.9    608ms
  7   -7.845341097522      -12.40       -6.31    1.6    560ms
  8   -7.845341097522      -13.48       -7.27    1.5    494ms
  9   -7.845341097522   +    -Inf       -7.71    2.5    630ms
 10   -7.845341097522   +    -Inf       -8.41    1.8    487ms
 11   -7.845341097522   +    -Inf       -9.36    2.1    636ms
 12   -7.845341097522      -14.75      -10.04    2.8    579ms
n     Energy            log10(ΔE)   log10(Δρ)   Diag   Δtime 
---   ---------------   ---------   ---------   ----   ------
  1   -7.872776350639                   -2.52    1.0    748ms
  2   -7.872783383109       -5.15       -3.28    1.0    870ms
  3   -7.872783793162       -6.39       -3.92    2.2    959ms
  4   -7.872783806195       -7.88       -4.42    2.0    989ms
  5   -7.872783807188       -9.00       -5.24    1.8    910ms
  6   -7.872783807227      -10.42       -5.52    2.3    1.05s
  7   -7.872783807230      -11.47       -6.59    1.1    763ms
  8   -7.872783807230      -12.82       -6.93    3.0    1.16s
  9   -7.872783807230      -14.75       -7.66    1.2    900ms
 10   -7.872783807230      -14.75       -8.45    2.2    969ms
 11   -7.872783807230      -15.05       -8.76    2.2    999ms
 12   -7.872783807230   +  -15.05       -9.42    1.5    857ms
 13   -7.872783807230      -15.05       -9.67    1.7    996ms
 14   -7.872783807230   +  -15.05      -10.01    1.1    863ms
n     Energy            log10(ΔE)   log10(Δρ)   Diag   Δtime 
---   ---------------   ---------   ---------   ----   ------
  1   -7.861109822696                   -2.57    1.0    794ms
  2   -7.861115953980       -5.21       -3.34    1.0    877ms
  3   -7.861116315891       -6.44       -3.95    2.2    957ms
  4   -7.861116324579       -8.06       -4.60    1.9    1.03s
  5   -7.861116325227       -9.19       -5.45    2.0    950ms
  6   -7.861116325244      -10.76       -5.72    2.4    1.08s
  7   -7.861116325246      -11.75       -6.88    1.1    861ms
  8   -7.861116325246      -13.22       -7.17    3.2    1.08s
  9   -7.861116325246   +    -Inf       -7.43    1.1    876ms
 10   -7.861116325246      -15.05       -8.75    1.2    925ms
 11   -7.861116325246      -14.75       -8.90    3.2    1.18s
 12   -7.861116325246      -14.75       -9.59    1.1    878ms
 13   -7.861116325246      -15.05      -10.15    2.0    989ms
n     Energy            log10(ΔE)   log10(Δρ)   Diag   Δtime 
---   ---------------   ---------   ---------   ----   ------
  1   -7.845341097522                  -10.92    1.0    468ms
n     Energy            log10(ΔE)   log10(Δρ)   Diag   Δtime 
---   ---------------   ---------   ---------   ----   ------
  1   -7.872783807230                  -10.64    1.0    703ms
n     Energy            log10(ΔE)   log10(Δρ)   Diag   Δtime 
---   ---------------   ---------   ---------   ----   ------
  1   -7.861116325246                  -11.05    1.0    759ms
n     Energy            log10(ΔE)   log10(Δρ)   Diag   Δtime 
---   ---------------   ---------   ---------   ----   ------
  1   -7.845341097522                  -11.29    1.0    385ms
n     Energy            log10(ΔE)   log10(Δρ)   Diag   Δtime 
---   ---------------   ---------   ---------   ----   ------
  1   -7.872783807230                  -11.04    1.0    745ms
n     Energy            log10(ΔE)   log10(Δρ)   Diag   Δtime 
---   ---------------   ---------   ---------   ----   ------
  1   -7.861116325246                  -11.46    1.0    710ms
n     Energy            log10(ΔE)   log10(Δρ)   Diag   Δtime 
---   ---------------   ---------   ---------   ----   ------
  1   -7.845341097522                  -11.64    1.0    371ms
n     Energy            log10(ΔE)   log10(Δρ)   Diag   Δtime 
---   ---------------   ---------   ---------   ----   ------
  1   -7.872783807230                  -11.46    1.0    741ms
n     Energy            log10(ΔE)   log10(Δρ)   Diag   Δtime 
---   ---------------   ---------   ---------   ----   ------
  1   -7.861116325246                  -11.89    1.0    702ms
    16     5.135376e-08     2.872008e-04
 * Current step size: 1.0
 * time: 967.8209850788116
 * g(x): [-1.9934470061650404e-6, 1.1138804149526877e-6, 1.4052407130408476e-6, -8.369166905807936e-7, 4.501139090014737e-6, 8.042871354343087e-7, -2.7316795329053163e-6, 5.231565716644931e-7, -6.293377722127631e-7, -2.4116923642437655e-7, 7.172821811609511e-7, -4.208099822902731e-7, -6.984602640161528e-8, 3.492103975287877e-7, -4.6887211107252314e-7, 3.4014986752823757e-7, 1.5012252127770889e-6, -1.8008257527123052e-7, 8.941012852456362e-7, -1.392116632189171e-7, 5.111922927955511e-7, 3.9870831297244594e-7, 1.5401920115902498e-6, 4.677409818820036e-7, -1.7402012560043046e-5, -1.8625916062724907e-6, 2.732891307569151e-5, 6.293012533599686e-6, 7.628960404729912e-6, 1.4297986950481304e-5, -2.0816875135189984e-5, 2.458706641107656e-5, 0.0, 0.00028720084423421974]
 * ~inv(H): [446.2966809761985 -132.61044704439294 -243.58018574572137 98.96531528507596 -594.3817833283937 -131.63830746143876 403.75800835055725 -108.14490700459434 2.144252443483351 56.94684004654876 -104.00582817105648 -24.254060520665753 135.90062905686935 -37.129971171623474 -18.695592293108792 -87.79574139663883 -204.8156415394519 -11.3401007079757 -147.2895170727441 -2.927499689408573 -130.01816886160788 -59.25451639850091 -202.47194284594133 -105.13823613027279 -1174.8885743811295 -36.467615589794285 1506.1755137061605 206.05053138866322 987.9359610694219 835.6920758898204 -1480.7247088960517 1231.5125851009886 0.0 -482.28755777224075; -132.6104470443929 216.07654461037012 109.7924288678586 -45.77600218458421 271.66718299902976 59.518343047710665 -183.52717055513534 48.31317199825608 0.4391589062988852 -26.488802077912965 46.1309740914253 11.874109350414923 -64.09810364052187 16.261661788617815 10.005334237479174 39.43476772918209 93.09178884867279 5.617924706896962 66.13187555098091 1.5281722618963838 60.39746251422428 26.639562860770152 91.59647160904818 47.081700383591304 537.701403188886 30.483869488352475 -711.2407529177526 -108.77749435887608 -434.2937249432355 -392.63419849300584 683.3709044905128 -586.762560853685 0.0 225.17132659069208; -243.5801857457214 109.79242886785862 361.1233080482975 -81.39700454394674 495.2530696893424 110.9721037490213 -338.43776109611076 92.3174061529546 -4.358555602270076 -46.61115920034377 89.35912766842564 18.842203494688224 -109.66754208426659 32.27493550798778 12.926936552871988 74.55085517943934 171.66479244009528 8.679393501728837 125.05110903268562 2.113469439189834 106.58541894194668 50.232212810306685 170.5108032810287 89.54264349014733 980.3375708398303 3.793523022567901 -1214.5324164007807 -144.02833946825257 -858.6361817846669 -677.7135001166198 1224.4667499136935 -983.0268770938399 0.0 393.82211885442985; 98.9653152850759 -45.77600218458421 -81.39700454394674 189.6056227716295 -203.22743674589685 -44.212690413665676 136.80473952518935 -35.61265832952354 -0.7919036864823233 19.969298189874355 -33.92015231310369 -9.084720571540531 48.5724396728734 -11.888497966590615 -7.965067436344297 -29.151002502667207 -69.41472141970262 -4.327960396344691 -48.93226378764738 -1.1885744101846947 -45.48854332883684 -19.73409875815054 -68.13110463728636 -34.74837643185319 -400.78902054026526 -28.235502902676515 538.8553814157103 86.8410157310247 316.6633803740111 296.70411513836814 -511.6751000131916 446.5415454728158 0.0 -169.62749028222765; -594.3817833283935 271.6671829990296 495.25306968934234 -203.22743674589674 1370.0659673078233 267.9648625105022 -823.5687426523793 219.13907328299885 -1.8920407795285283 -117.21122492264891 210.16392401535117 50.97407751812613 -281.2745562117137 74.66490968557396 40.77696695897064 178.27684730417337 417.75677270973426 23.946923020316714 299.02336268152624 6.321744636932387 267.47300172848 120.3550851955572 412.22858182332766 213.2421373417977 2404.18425179712 97.91481394666171 -3119.1782419794704 -446.1191138104122 -1991.3763800687263 -1727.2842367695348 3039.6056835128215 -2559.2277917649726 0.0 994.4118193434479; -131.63830746143876 59.518343047710644 110.9721037490213 -44.21269041366567 267.9648625105022 214.9493128465388 -182.79201135848587 49.593469496386504 -1.9472827062096172 -25.35381216562855 47.91557555033269 10.412054008112191 -59.90683145481452 17.248406537316267 7.417956800198605 40.11129694453233 92.72006097164181 4.8186965658874295 67.286225518352 1.1952150130999328 57.94901353819714 27.040563373683227 91.96748204840065 48.13551841832513 530.2464256284464 6.270927651295733 -663.6109633967397 -82.32352527096388 -458.9833681534753 -369.6679974976398 664.042183596148 -538.76328038185 0.0 214.37393958069555; 403.75800835055713 -183.52717055513534 -338.4377610961107 136.8047395251893 -823.5687426523795 -182.79201135848587 715.1759523639072 -150.51937247834664 3.664265636869446 78.6774705518999 -144.9000500941381 -33.26445062741029 187.35273905723096 -51.82922610338127 -25.188251258303158 -122.08496354466722 -284.0884905781508 -15.513316819011898 -204.78293560094136 -3.976528878827297 -179.68536637640273 -82.35819241543768 -281.0692091514378 -146.27580387206078 -1629.1400781774282 -42.89457732040073 2076.3707315486813 277.69123167062475 1379.7429514899284 1153.164032322175 -2050.0216628912744 1694.8542508889084 0.0 -666.2718969644361; -108.14490700459433 48.31317199825608 92.3174061529546 -35.61265832952355 219.13907328299882 49.5934694963865 -150.5193724783466 196.80304318703858 -2.8821184143280956 -20.313099796244003 40.556467351362585 7.838081728587498 -47.20669072233107 14.782318356042923 4.73673414339715 33.52099809776004 76.3384654252884 3.557474253348484 56.21453836337468 0.8166410041235547 46.51483600973239 22.551937708532922 76.12749542074913 40.359838093319176 434.2858172051524 -8.14862659992774 -522.441797597915 -53.5042850792986 -393.0375723577102 -292.99037958291626 538.3547147918616 -419.02556615681067 0.0 171.28574412746286; 2.1442524434833996 0.4391589062988581 -4.358555602270085 -0.7919036864823047 -1.892040779528544 -1.947282706209622 3.664265636869455 -2.882118414328092 155.4668152939923 0.021627068501938584 -2.446330349281345 -0.6540978142842152 0.3129211513494831 -0.9005682995900901 0.34392095622841773 -2.1290547246843006 -1.523122898303752 -0.161298322723165 -2.831784845557687 -0.1937885857503064 -0.320747727374163 -0.9747669658729282 -1.9827717580361652 -2.6926924033050015 -19.774776324259918 11.273886947622618 6.741712031142423 -8.858426770958788 31.488791666736613 5.4145217261999825 -19.827568825858577 1.1865808543837497 0.0 -4.122353577582901; 56.94684004654871 -26.488802077912943 -46.611159200343764 19.96929818987435 -117.21122492264897 -25.353812165628547 78.6774705518999 -20.313099796244014 0.021627068501935097 166.4885330524582 -19.566703953064216 -4.76909055499574 27.248208713480576 -6.933903449409772 -4.114157231259497 -16.599933716322372 -40.01290960854473 -2.2880262710025066 -28.07111196886145 -0.5600097232044863 -25.869789138353163 -11.35083687169662 -39.31887812468272 -19.805217039111113 -226.8581886118113 -13.591293446871582 301.1462101611165 46.61283925080027 182.44923228961918 166.1562739082733 -288.6758737668071 248.65437162198154 0.0 -95.28621893881959; -104.00582817105649 46.13097409142531 89.35912766842564 -33.920152313103685 210.16392401535114 47.91557555033269 -144.9000500941381 40.556467351362585 -2.446330349281347 -19.566703953064213 194.3324945786982 7.9736228294263 -45.85265788538313 14.237017893401068 4.85290487112897 32.5997279720767 73.3644347546459 3.593475733779678 54.39838068705743 0.909792052856879 44.87970422502833 21.774955708787417 73.19909718225874 39.25881521360375 422.09666912590797 -7.338407772221369 -508.7798250742023 -52.65384161827444 -381.1048729233613 -285.22481313013407 523.4311842751297 -408.3528279827426 0.0 166.6075903137695; -24.25406052066576 11.874109350414919 18.842203494688224 -9.084720571540533 50.97407751812615 10.41205400811219 -33.26445062741031 7.838081728587499 -0.6540978142842093 -4.76909055499574 7.9736228294263 156.31865444333948 -10.705942527399387 2.9339466466954653 1.1571531491716922 6.419615158942671 17.14534590100817 0.6438351181327249 11.3731688489702 0.0038758086784110497 10.713848960862315 4.688285836285457 16.79501275130533 7.648625832250333 88.4470161137275 4.380377897264295 -115.80509815403259 -17.132889272454037 -72.59202679440848 -64.04747343178202 112.2647436652687 -95.19433651828577 0.0 36.96217995432464; 135.9006290568693 -64.09810364052187 -109.66754208426661 48.5724396728734 -281.2745562117138 -59.906831454814544 187.35273905723105 -47.20669072233109 0.31292115134946574 27.24820871348058 -45.852657885383145 -10.705942527399385 219.85389506922883 -16.302493763796424 -9.640461633710974 -38.67078188896492 -95.54475150124037 -5.2321150903198586 -65.98682544868291 -1.1308826060406711 -61.79098403276009 -26.79901155286385 -93.6774394860593 -46.074128467091604 -533.0942273310699 -35.38037373504421 712.9820478697239 113.06791943783892 424.5703340365558 392.9313508637477 -679.8841754649742 589.8697696649986 0.0 -225.14767785148993; -37.12997117162348 16.26166178861782 32.274935507987784 -11.888497966590613 74.66490968557396 17.248406537316267 -51.82922610338127 14.782318356042923 -0.9005682995900902 -6.933903449409771 14.237017893401068 2.9339466466954653 -16.302493763796416 160.28132109511475 1.6844502515563693 11.855792222237802 26.190184606731286 1.302691490036727 19.67171931358693 0.3546008772053268 15.945017389383503 7.850218915313243 26.196864538200863 14.295701446275412 152.31166263748014 -4.063813159264554 -181.37676918260163 -17.532993642498543 -139.28512085014015 -101.89225355797552 188.26917700617483 -145.02817988926196 0.0 59.63879130657655; -18.695592293108817 10.005334237479186 12.926936552871993 -7.965067436344325 40.77696695897077 7.4179568001986125 -25.188251258303207 4.73673414339715 0.34392095622842406 -4.114157231259498 4.85290487112897 1.1571531491716918 -9.640461633710991 1.6844502515563688 156.9496917214695 4.080373735109081 13.116869255556985 0.6940395850632203 7.5924953829928 0.03265866974691248 9.110159353642912 3.224570894784935 12.440765575486722 4.72700266064958 64.43976960704794 15.399225917173496 -103.61814983203807 -25.212474594665068 -37.375393224380204 -55.60011003414041 86.93550421738284 -89.61866125546314 0.0 30.936781731436273; -87.79574139663883 39.43476772918209 74.55085517943934 -29.1510025026672 178.27684730417337 40.11129694453233 -122.08496354466722 33.52099809776004 -2.1290547246843 -16.599933716322372 32.5997279720767 6.41961515894267 -38.67078188896491 11.855792222237802 4.08037373510908 182.10874311446074 61.950034864696335 2.937231358553107 45.34456106237464 0.6702571019107649 37.974781638556124 18.211554629411143 61.677569214003164 32.474253811693686 351.8607507773362 -3.7748053746126096 -427.75362061381645 -46.30373304637658 -314.8254889613817 -239.45665985528592 437.36042054141615 -344.2061478807412 0.0 139.70399816195916; -204.81564153945186 93.09178884867282 171.6647924400953 -69.41472141970262 417.7567727097343 92.72006097164181 -284.08849057815075 76.3384654252884 -1.5231228983037486 -40.01290960854474 73.36443475464591 17.14534590100817 -95.54475150124036 26.19018460673129 13.11686925555698 61.95003486469634 299.1773287313484 7.997687126505323 103.82509477276562 2.0876951547765565 91.39150294043762 41.74657854900636 142.47188564383472 74.20355061472692 828.2319672599895 24.21013069117901 -1059.4424225420607 -143.7096691289552 -698.2854289932138 -588.0340602998732 1043.1786128541637 -865.7091788377456 0.0 339.48025275756527; -11.340100707975703 5.617924706896957 8.679393501728837 -4.327960396344697 23.946923020316728 4.8186965658874295 -15.513316819011898 3.5574742533484853 -0.16129832272316222 -2.2880262710025083 3.5934757337796777 0.6438351181327244 -5.232115090319859 1.302691490036727 0.6940395850632177 2.9372313585531074 7.997687126505322 155.46013545063227 5.211571381238527 0.020398049180599367 5.132584701001323 2.1538886037855853 7.787875329427861 3.4838314591281123 41.47481892820232 3.5653865253557715 -56.699971197062474 -9.61716527606948 -32.09437907814853 -31.14518993655588 53.27135592985356 -47.16693634719119 0.0 17.82061260364303; -147.2895170727441 66.13187555098091 125.0511090326856 -48.93226378764737 299.02336268152624 67.286225518352 -204.78293560094139 56.21453836337468 -2.8317848455576833 -28.071111968861448 54.398380687057426 11.3731688489702 -65.9868254486829 19.67171931358693 7.5924953829928 45.34456106237464 103.82509477276562 5.211571381238526 231.07503800077924 1.2816296019500384 64.237176537026 30.48659887665015 103.23909696041022 54.49819658302884 594.0394593092072 -0.758015254194794 -731.1303949697156 -84.086429282976 -524.1789263872308 -408.4242419576357 740.6826236891452 -590.5938015043555 0.0 237.62997561021507; -2.927499689408573 1.5281722618963838 2.1134694391898345 -1.1885744101846956 6.321744636932386 1.195215013099933 -3.976528878827298 0.8166410041235549 -0.19378858575030622 -0.5600097232044864 0.9097920528568791 0.0038758086784109456 -1.1308826060406714 0.3546008772053268 0.032658669746912276 0.670257101910765 2.0876951547765565 0.020398049180599426 1.2816296019500384 155.07442228057133 1.236161865983917 0.5436390069700399 2.0387582350917315 0.7974514356441352 9.29764979081871 0.22232530481168872 -11.768310897207968 -1.537041855665031 -7.988721193365221 -6.546826301768814 11.720592701545629 -9.56880896286507 0.0 3.828376144502076; -130.01816886160782 60.39746251422425 106.5854189419467 -45.4885433288369 267.47300172848014 57.94901353819716 -179.68536637640278 46.5148360097324 -0.32074772737414053 -25.86978913835318 44.87970422502831 10.713848960862318 -61.79098403276016 15.945017389383503 9.110159353642889 37.974781638556124 91.39150294043765 5.13258470100133 64.237176537026 1.2361618659839169 213.95948402346903 25.971555567524977 89.88044028789305 45.33216090627891 517.8335752197031 28.111349553743537 -682.8065191589776 -103.35920536100579 -420.17949301682626 -377.1398264911575 657.7190778602542 -562.7412004427371 0.0 216.56642757723546; -59.25451639850091 26.639562860770162 50.232212810306685 -19.734098758150548 120.35508519555724 27.040563373683227 -82.35819241543768 22.551937708532922 -0.974766965872926 -11.350836871696623 21.774955708787417 4.688285836285457 -26.79901155286385 7.850218915313243 3.2245708947849363 18.211554629411143 41.746578549006365 2.153888603785586 30.486598876650152 0.5436390069700398 25.971555567524984 167.34966788471093 41.47033092701594 21.87414501922712 239.49378502119853 1.1606086928044106 -297.0960307199817 -35.44033170671251 -209.4270662529813 -165.74260409088336 299.21878496083775 -240.56834096462822 0.0 96.27211624882125; -202.47194284594133 91.59647160904821 170.5108032810287 -68.13110463728637 412.2285818233279 91.96748204840067 -281.06920915143786 76.12749542074914 -1.98277175803614 -39.318878124682726 73.19909718225874 16.79501275130533 -93.67743948605931 26.196864538200856 12.440765575486722 61.677569214003164 142.4718856438347 7.787875329427861 103.23909696041022 2.038758235091732 89.88044028789308 41.47033092701594 296.22644619965047 73.94552855702915 820.1596710897628 17.652907697755012 -1039.12903236181 -135.70591945298688 -699.5513537275228 -577.6659489998705 1030.361837857002 -846.7481969981399 0.0 334.10323008800225; -105.13823613027282 47.08170038359132 89.54264349014733 -34.74837643185318 213.2421373417978 48.135518418325134 -146.27580387206083 40.35983809331918 -2.6926924033050037 -19.805217039111117 39.258815213603754 7.648625832250335 -46.074128467091604 14.295701446275414 4.727002660649584 32.474253811693686 74.20355061472692 3.4838314591281137 54.49819658302886 0.7974514356441353 45.33216090627892 21.874145019227125 73.94552855702916 194.19853425165036 421.80424743584973 -6.42189783081953 -509.78412549827823 -53.52533625450379 -379.83580247429114 -285.664133321651 523.507563213677 -409.46655570125904 0.0 166.85263038168014; -1174.8885743811293 537.7014031888863 980.3375708398304 -400.7890205402654 2404.1842517971218 530.2464256284466 -1629.1400781774284 434.28581720515245 -19.7747763242597 -226.85818861181147 422.0966691259079 88.44701611372753 -533.0942273310696 152.31166263748008 64.43976960704737 351.8607507773362 828.2319672599892 41.4748189282023 594.0394593092072 9.297649790818706 517.8335752197029 239.49378502119848 820.1596710897625 421.80424743584956 5081.179569434323 -115.13617383528712 -5903.316944077772 -589.915786565392 -4465.240888852943 -3312.510445207488 6089.553413946507 -4733.572613750649 0.0 1944.5711633705362; -36.46761558979421 30.483869488352465 3.793523022567922 -28.235502902676505 97.91481394666137 6.270927651295728 -42.89457732040074 -8.148626599927715 11.273886947622644 -13.591293446871584 -7.338407772221373 4.3803778972642915 -35.38037373504416 -4.063813159264553 15.399225917173485 -3.7748053746126087 24.21013069117906 3.565386525355772 -0.7580152541947902 0.22232530481168802 28.111349553743526 1.1606086928044088 17.652907697755 -6.421897830819536 -115.13617383528755 477.2123663872231 -356.3580348676107 -314.54729081953394 494.82498605780074 -152.35920466700207 -2.5400472000239076 -406.631223365617 0.0 60.32251537999908; 1506.1755137061614 -711.2407529177535 -1214.532416400781 538.8553814157116 -3119.1782419794736 -663.6109633967403 2076.3707315486836 -522.4417975979151 6.741712031141908 301.14621016111727 -508.7798250742023 -115.80509815403259 712.9820478697253 -181.37676918260155 -103.61814983203828 -427.75362061381645 -1059.4424225420616 -56.699971197062666 -731.1303949697156 -11.768310897207973 -682.8065191589789 -297.0960307199816 -1039.129032361811 -509.784125498278 -5903.316944077786 -356.35803486761114 7994.906972079265 1215.2450307948557 4746.29433419226 4325.415529632173 -7513.807850146402 6473.597650222859 0.0 -2495.510807733179; 206.05053138866307 -108.77749435887588 -144.02833946825254 86.84101573102464 -446.1191138104117 -82.32352527096386 277.6912316706246 -53.504285079298604 -8.85842677095876 46.61283925080027 -52.653841618274456 -17.132889272454022 113.06791943783885 -17.53299364249854 -25.212474594664954 -46.30373304637657 -143.70966912895503 -9.617165276069466 -84.08642928297596 -1.5370418556650287 -103.35920536100566 -35.44033170671249 -135.70591945298682 -53.52533625450378 -589.9157865653902 -314.54729081953377 1215.245030794852 563.345542763573 133.11544358842372 632.9578800916744 -872.8639605695292 1098.7950813923887 0.0 -342.5397653563095; 987.9359610694228 -434.2937249432358 -858.636181784667 316.66338037401187 -1991.3763800687282 -458.9833681534754 1379.7429514899295 -393.03757235771025 31.488791666736496 182.4492322896195 -381.10487292336137 -72.59202679440855 424.57033403655595 -139.28512085014012 -37.37539322438011 -314.8254889613818 -698.2854289932142 -32.09437907814858 -524.1789263872308 -7.988721193365229 -420.17949301682677 -209.42706625298138 -699.5513537275228 -379.8358024742911 -4465.240888852946 494.82498605780006 4746.29433419226 133.11544358842562 4680.739660746633 2721.5164138743685 -5349.262920696514 3657.757447018927 0.0 -1630.6925552032574; 835.6920758898196 -392.63419849300493 -677.7135001166198 296.7041151383681 -1727.284236769534 -369.6679974976397 1153.1640323221748 -292.99037958291643 5.414521726200041 166.15627390827305 -285.2248131301342 -64.04747343178191 392.931350863747 -101.89225355797558 -55.60011003414014 -239.45665985528592 -588.034060299873 -31.145189936555845 -408.42424195763556 -6.5468263017688075 -377.13982649115695 -165.7426040908833 -577.6659489998702 -285.664133321651 -3312.5104452074816 -152.3592046670018 4325.415529632157 632.9578800916742 2721.51641387436 2547.961213920871 -4195.383993968315 3555.376227968429 0.0 -1384.16787614108; -1480.724708896052 683.3709044905128 1224.4667499136935 -511.67510001319187 3039.6056835128265 664.0421835961481 -2050.0216628912767 538.3547147918616 -19.82756882585821 -288.6758737668076 523.4311842751296 112.26474366526868 -679.8841754649752 188.26917700617477 86.9355042173828 437.3604205414162 1043.1786128541642 53.27135592985367 740.6826236891452 11.720592701545627 657.7190778602545 299.21878496083775 1030.3618378570025 523.5075632136768 6089.553413946513 -2.54004720002319 -7513.807850146394 -872.8639605695315 -5349.262920696506 -4195.38399396832 7744.226916855243 -6077.756132613403 0.0 2449.3191463736257; 1231.512585100988 -586.7625608536844 -983.0268770938399 446.5415454728153 -2559.227791764975 -538.7632803818499 1694.8542508889088 -419.02556615681056 1.186580854383735 248.6543716219812 -408.35282798274255 -95.19433651828577 589.8697696649981 -145.02817988926196 -89.61866125546305 -344.2061478807411 -865.7091788377454 -47.16693634719115 -590.5938015043554 -9.568808962865063 -562.7412004427368 -240.56834096462813 -846.7481969981392 -409.466555701259 -4733.572613750643 -406.63122336561696 6473.597650222833 1098.7950813923885 3657.757447018923 3555.3762279684324 -6077.756132613397 5541.974269020332 0.0 -2041.949670136753; 0.0 0.0 0.0 0.0 0.0 0.0 0.0 0.0 0.0 0.0 0.0 0.0 0.0 0.0 0.0 0.0 0.0 0.0 0.0 0.0 0.0 0.0 0.0 0.0 0.0 0.0 0.0 0.0 0.0 0.0 0.0 0.0 155.11390926152419 0.0; -482.28755777224046 225.17132659069173 393.82211885442985 -169.6274902822278 994.4118193434485 214.37393958069558 -666.2718969644362 171.28574412746286 -4.122353577582846 -95.2862189388197 166.6075903137695 36.96217995432464 -225.14767785149004 59.63879130657654 30.936781731436117 139.7039981619592 339.4802527575654 17.82061260364302 237.62997561021507 3.8283761445020748 216.5664275772355 96.27211624882123 334.1032300880023 166.85263038168006 1944.571163370538 60.32251537999883 -2495.510807733173 -342.53976535631017 -1630.6925552032574 -1384.1678761410826 2449.319146373622 -2041.9496701367577 0.0 798.9206247537821]
 * x: [-1.070580913752444, -0.11652877493618337, 1.001461928575837, 0.12246885120112706, 0.4282205589380355, 0.6662197848651736, -0.9350312270185654, 1.0782860831388614, -0.21670095581771742, -1.1496661077119514, 0.9832337483404616, 0.6051981049051937, -0.663832383980137, 0.6038548443387693, -0.506859614936615, 1.166503031100027, -0.4073861488859327, -0.5842120381111359, -0.09685174231670482, -0.20975719126336922, -0.006993076561388948, -0.4351904565883496, 0.008050267046799089, -0.5427246132755837, -0.13863764039690163, 0.06731237019786879, 0.06998487962443314, -0.047664303463427475, 0.1986863844789267, 0.04852764863500207, -0.1415655839551823, 0.03372513397116986, 0.0, 0.006654735355705159]
bfgs   16   loss 5.135376e-08
n     Energy            log10(ΔE)   log10(Δρ)   Diag   Δtime 
---   ---------------   ---------   ---------   ----   ------
  1   -7.848946619157                   -2.83    1.0    400ms
  2   -7.848947995868       -5.86       -3.51    1.0    441ms
  3   -7.848948079853       -7.08       -4.11    2.4    537ms
  4   -7.848948086976       -8.15       -4.60    2.1    620ms
  5   -7.848948087188       -9.67       -5.27    1.9    505ms
  6   -7.848948087206      -10.76       -5.76    2.2    558ms
  7   -7.848948087207      -11.93       -6.46    1.7    480ms
  8   -7.848948087207      -13.00       -7.47    2.2    607ms
  9   -7.848948087207      -15.05       -7.91    3.4    630ms
 10   -7.848948087207      -14.75       -8.63    1.8    541ms
 11   -7.848948087207   +    -Inf       -9.54    2.4    538ms
 12   -7.848948087207   +  -14.75       -9.87    2.7    651ms
 13   -7.848948087207   +    -Inf      -10.37    1.6    470ms
n     Energy            log10(ΔE)   log10(Δρ)   Diag   Δtime 
---   ---------------   ---------   ---------   ----   ------
  1   -7.876434449515                   -2.90    1.0    709ms
  2   -7.876435644409       -5.92       -3.67    1.0    820ms
  3   -7.876435712418       -7.17       -4.30    2.2    929ms
  4   -7.876435714385       -8.71       -4.83    2.0    981ms
  5   -7.876435714554       -9.77       -5.65    1.8    948ms
  6   -7.876435714561      -11.18       -5.93    2.3    933ms
  7   -7.876435714561      -12.25       -7.43    1.2    861ms
  8   -7.876435714561      -13.64       -7.36    3.8    1.24s
  9   -7.876435714561   +  -15.05       -7.97    1.0    784ms
 10   -7.876435714561      -15.05       -8.90    1.8    921ms
 11   -7.876435714561   +    -Inf       -9.37    2.4    980ms
 12   -7.876435714561   +    -Inf      -10.13    1.7    924ms
n     Energy            log10(ΔE)   log10(Δρ)   Diag   Δtime 
---   ---------------   ---------   ---------   ----   ------
  1   -7.864776354366                   -2.95    1.0    695ms
  2   -7.864777391562       -5.98       -3.74    1.0    855ms
  3   -7.864777451584       -7.22       -4.33    2.2    1.05s
  4   -7.864777452958       -8.86       -5.00    1.9    927ms
  5   -7.864777453071       -9.95       -5.86    2.0    1.05s
  6   -7.864777453074      -11.54       -6.13    2.5    1.11s
  7   -7.864777453074      -12.56       -7.07    1.1    789ms
  8   -7.864777453074      -14.05       -7.53    2.5    1.11s
  9   -7.864777453074   +    -Inf       -7.83    1.4    820ms
 10   -7.864777453074      -14.45       -9.13    1.6    909ms
 11   -7.864777453074   +  -14.75       -9.33    3.2    1.20s
 12   -7.864777453074   +  -14.75       -9.64    1.4    852ms
 13   -7.864777453074   +  -14.75      -10.49    1.0    855ms
n     Energy            log10(ΔE)   log10(Δρ)   Diag   Δtime 
---   ---------------   ---------   ---------   ----   ------
  1   -7.848948087207                  -10.98    1.0    395ms
n     Energy            log10(ΔE)   log10(Δρ)   Diag   Δtime 
---   ---------------   ---------   ---------   ----   ------
  1   -7.876435714561                  -11.21    1.0    700ms
n     Energy            log10(ΔE)   log10(Δρ)   Diag   Δtime 
---   ---------------   ---------   ---------   ----   ------
  1   -7.864777453074                  -11.22    1.0    699ms
n     Energy            log10(ΔE)   log10(Δρ)   Diag   Δtime 
---   ---------------   ---------   ---------   ----   ------
  1   -7.848948087207                  -11.39    1.0    446ms
n     Energy            log10(ΔE)   log10(Δρ)   Diag   Δtime 
---   ---------------   ---------   ---------   ----   ------
  1   -7.876435714561                  -11.70    1.0    703ms
n     Energy            log10(ΔE)   log10(Δρ)   Diag   Δtime 
---   ---------------   ---------   ---------   ----   ------
  1   -7.864777453074                  -11.66    1.0    783ms
n     Energy            log10(ΔE)   log10(Δρ)   Diag   Δtime 
---   ---------------   ---------   ---------   ----   ------
  1   -7.848948087207                  -11.81    1.0    444ms
n     Energy            log10(ΔE)   log10(Δρ)   Diag   Δtime 
---   ---------------   ---------   ---------   ----   ------
  1   -7.876435714561                  -11.99    1.0    732ms
n     Energy            log10(ΔE)   log10(Δρ)   Diag   Δtime 
---   ---------------   ---------   ---------   ----   ------
  1   -7.864777453074                  -12.05    1.0    773ms
    17     4.425153e-08     2.021382e-04
 * Current step size: 1.0
 * time: 1017.2227470874786
 * g(x): [1.4749484702736204e-6, -8.115841876605244e-7, -1.0783613996708933e-6, 5.99656169265822e-7, -3.327355508796379e-6, -6.109385646018995e-7, 2.0390225262999603e-6, -4.1588976564551216e-7, 5.2913860066164e-7, 1.63631378837971e-7, -6.02064564503882e-7, 3.3159673573445633e-7, -1.6646218375975716e-8, -2.924986068849763e-7, 4.1686285556722606e-7, -2.9426686978462237e-7, -1.1213908005589006e-6, 1.4567420467970083e-7, -7.042186752701557e-7, 1.0756124969871434e-7, -3.3882344645398734e-7, -3.106202289410106e-7, -1.1682884477668014e-6, -3.8295321645467764e-7, 1.2502000826986637e-5, 1.640751006756504e-6, -2.01004451849438e-5, -4.8327853063525025e-6, -5.148455254588115e-6, -1.0501433177484456e-5, 1.5102641462843235e-5, -1.815401507981488e-5, 0.0, -0.00020213815486824888]
 * ~inv(H): [1135.69476673464 -419.29542438411744 -873.4565011486256 302.0086378007071 -1956.2219814072093 -463.69984633641803 1375.2511399189318 -407.24982822804515 33.93348086637747 177.69132568667436 -389.229688485035 -74.75998627168661 415.0768688182544 -142.4087346694122 -33.49435064599512 -322.0185670553619 -693.1537870359464 -32.06359529215387 -533.7891497286957 -9.002794681768934 -411.1239627178023 -212.05168466474169 -698.2141088311175 -391.6275065122006 -3860.4365312460986 116.80447158637307 4566.293853423243 425.1035284610061 3563.977318899555 2567.9543221142476 -4771.474264508198 3639.793472773771 0.0 -1506.8963677566517; -419.2954243841174 333.78614219658004 374.61573300406485 -128.5106804536546 835.4532528039399 198.71328076243717 -588.3545849204403 175.0362948199853 -13.978416280946824 -76.01984282138234 166.84971926202587 32.74339270434034 -178.27178340438147 60.94491899212837 14.802208456985005 138.36673238619528 296.31323275653114 14.013444027541189 228.90546277500604 4.072200273412339 176.027732365486 90.84699154706125 298.5639055970782 168.30654014812887 1654.692431962424 -46.788911010566906 -1962.383592783138 -185.60522966828458 -1523.45473954733 -1103.057830121915 2046.559214135555 -1565.5158876148234 0.0 646.8570550937377; -873.4565011486255 374.61573300406485 931.0764471746281 -270.16952267417633 1744.3686958578846 412.240477834449 -1224.4552696499215 361.11082676210714 -31.106570162574105 -158.23484478689906 345.91460499679516 65.2434456256254 -368.42288327268915 126.73260727909404 29.0495018334312 285.6167906397477 617.5588660635863 28.039786755706963 474.25432341912403 7.630441682812751 365.8497211123052 188.55851607199514 621.8910084577097 347.29285206841075 3433.6148783273857 -110.30061302284055 -4051.468874192715 -371.51293282600597 -3177.9173060385315 -2279.4577137986785 4241.187693093381 -3226.942771356916 0.0 1338.394138814839; 302.008637800707 -128.51068045365457 -270.16952267417633 247.48863506963238 -601.4637323793169 -143.26160902942848 423.87167917308767 -126.34582467006204 9.921924052768649 54.763999022102006 -120.30342727827095 -23.80927896126878 128.62937187326506 -43.91417038487751 -10.793043515110993 -99.86135631313486 -213.40700431311896 -10.180780231062348 -165.07530189657032 -2.9977660120743574 -126.85155884192227 -65.48854947316563 -215.05632020705775 -121.48164771733691 -1191.9811789476335 32.17104063032736 1415.9925256488973 135.26910112646834 1095.5743697575074 795.6904233456441 -1474.9384691706307 1130.2045648334702 0.0 -466.44015094605567; -1956.2219814072091 835.4532528039398 1744.3686958578846 -601.4637323793166 4055.9970759252765 925.7814705214796 -2744.0612204550002 813.9243626492013 -66.70108459394994 -354.5876564734912 777.1388653839225 150.51944686644268 -829.5333919496657 284.15032026346563 67.73083363797961 643.5330703577179 1382.6689580551956 64.510791065754 1065.957298582413 18.352519880845012 820.6423483881451 423.3116988426155 1392.8871538274168 782.6829728404105 7709.58206306167 -227.59449960749984 -9128.200740370805 -854.8759481254694 -7110.199213374065 -5132.515765650393 9531.32547405912 -7278.383479997835 0.0 3011.044686756271; -463.69984633641803 198.71328076243717 412.240477834449 -143.26160902942848 925.7814705214796 374.0791988885547 -650.1174461125099 191.94326199875982 -16.37899581720087 -84.01247184427231 183.74970511900776 34.837269564349675 -195.78876415330674 67.29431702290537 15.543092267852032 151.80451215322697 327.82939184772414 14.963875845434574 251.9461862211852 4.1085451305633764 194.27975487659728 100.14818356213215 330.15305887552626 184.59394051029167 1823.636295610558 -57.61211755662189 -2153.2973350877846 -198.31430014464755 -1686.6181224055265 -1211.3430462884749 2252.960769243266 -1715.4526135572225 0.0 711.1255548135077; 1375.2511399189316 -588.3545849204403 -1224.4552696499215 423.8716791730876 -2744.0612204550002 -650.1174461125099 2083.733730038672 -570.720839710804 47.79890263266885 249.20560547383417 -545.6687160627129 -104.51073738196989 581.8275004843512 -199.68761268259237 -46.79291500730796 -451.3030983999469 -972.1686774740441 -44.83958367004837 -748.3018993364551 -12.528029563353124 -576.5175260888003 -297.3096956579282 -979.2142530497722 -548.838800338397 -5413.471878767026 165.61134284702965 6400.493449274003 594.2659743692356 4999.968024793895 3599.7442508199965 -6690.22478260456 5101.14601208154 0.0 -2112.571382903086; -407.2498282280451 175.03629481998527 361.11082676210714 -126.34582467006204 813.9243626492013 191.94326199875982 -570.720839710804 322.93975411044187 -14.814342833443408 -73.75597156974513 161.03080088888896 29.958057618371523 -171.31386590600943 59.056680065888855 13.264323566514452 132.7652878441147 287.9827052215829 12.893776326475374 220.7227084712882 3.4251262904985587 170.44357312009123 87.8096233983413 289.94851684334407 161.41442898258686 1599.1210196550862 -53.635517942717684 -1883.3423035567353 -170.68942325523767 -1482.8706686553578 -1059.9794059234102 1974.2643377074378 -1499.1729024870308 0.0 622.6511623266204; 33.933480866377515 -13.97841628094685 -31.106570162574112 9.921924052768668 -66.70108459394996 -16.378995817200874 47.798902632668856 -14.814342833443405 155.98071332576413 6.129919848332945 -13.92278695743782 -3.089093126481574 14.712747837678435 -5.037431135334483 -1.416827810609466 -11.713103941482707 -23.92444969492222 -1.293530466051644 -19.02630483250102 -0.4599239312209183 -14.28975381478483 -7.490512604635358 -24.19550180766101 -14.243488847527647 -143.44223485314498 7.5871797031731125 164.85383662805788 12.576977019754237 136.03647917435853 93.18551536774125 -175.75185829948643 130.29350807692668 0.0 -54.86161300131097; 177.6913256866743 -76.01984282138233 -158.23484478689906 54.76399902210201 -354.5876564734913 -84.01247184427231 249.20560547383417 -73.75597156974516 6.129919848332943 187.3293309299117 -70.4737183027794 -13.554697654703455 75.27759658477484 -25.780486546360535 -6.093729565488002 -58.31354758976652 -125.60906938758416 -5.817332316098269 -96.68874881736436 -1.632019468627585 -74.53229868855354 -38.4134144896219 -126.51278306601242 -70.92478143263095 -697.3129775675352 19.360451107568633 827.4534199577546 78.54242197917385 641.7144243308708 465.07050389331454 -862.6583668906023 660.1982287747117 0.0 -272.7576224998625; -389.229688485035 166.8497192620259 345.91460499679516 -120.30342727827095 777.1388653839225 183.74970511900776 -545.668716062713 161.03080088888896 -13.922786957437824 -70.47371830277939 309.3882619064032 29.056119794611337 -164.04304429730982 56.53054370631902 12.873738055383042 127.3634276460116 275.1985612849137 12.478309820933358 211.43948386064625 3.398662747203938 162.95343960494202 84.05867263643579 277.1635410004468 154.86626498773236 1532.8906507412812 -51.821326627449665 -1804.7722877552087 -163.23383607274343 -1421.825839885585 -1015.8063539599927 1892.2716058532608 -1436.5132070244872 0.0 596.6661896198118; -74.75998627168663 32.74339270434034 65.2434456256254 -23.809278961268785 150.5194468664427 34.837269564349675 -104.51073738196992 29.958057618371527 -3.089093126481569 -13.554697654703455 29.056119794611337 160.00694147863945 -30.988521213114865 10.726746610087778 2.1211493129940746 23.71454152112233 52.93444567202725 2.14237196118562 39.86986229926207 0.450518265793938 31.19571565793896 15.941405456449093 53.18560297215956 28.82204594331636 285.21133506628854 -8.046958968848053 -338.09702486460924 -31.917764991972003 -262.90181303845924 -190.07488155468045 352.88190033830625 -269.6148204909235 0.0 111.63668510644426; 415.07686881825435 -178.27178340438147 -368.4228832726892 128.6293718732651 -829.5333919496658 -195.78876415330677 581.8275004843513 -171.31386590600945 14.71274783767842 75.27759658477483 -164.04304429730985 -30.98852121311486 330.46008746220974 -60.086742561613576 -13.904043118540569 -135.4713757929744 -293.4876222461284 -13.340966673015169 -225.11239511033477 -3.61357322388225 -174.0121164935347 -89.52509252467051 -295.46854788064746 -164.75130936006 -1620.8927501089877 43.934010913019556 1924.9268880229852 183.59857565054585 1490.5867901300687 1081.7637791309344 -2005.787217282846 1536.1617019456037 0.0 -634.4683335370038; -142.4087346694122 60.94491899212838 126.73260727909404 -43.91417038487751 284.15032026346563 67.29431702290537 -199.68761268259237 59.056680065888855 -5.037431135334483 -25.78048654636053 56.530543706319015 10.726746610087778 -60.08674256161356 175.81746000931895 4.757389666843847 46.7071952692776 100.6768638949308 4.600573525799068 77.46743098063598 1.271806482715195 59.63204114975141 30.784486045998996 101.41463133021772 56.79452465185977 562.2985473645184 -19.362157736741157 -661.5116920309661 -59.530266873447985 -521.9411422902361 -372.3792551562407 693.95670684188 -526.4134394227456 0.0 218.74139618012902; -33.49435064599515 14.802208456985015 29.049501833431208 -10.79304351511102 67.73083363797974 15.543092267852039 -46.79291500730801 13.264323566514452 -1.4168278106094594 -6.093729565488004 12.873738055383042 2.121149312994074 -13.904043118540583 4.757389666843846 156.04582475155328 10.4860875318402 23.731843569481846 0.9388006507363433 17.73287233859537 0.17893796604997145 14.00397549674535 7.104887807755892 23.81505895280931 12.756886457324102 122.27788338190322 -0.07324036518515477 -150.04402481854336 -17.07517149764129 -108.8013317376393 -83.84340943391528 152.8373596388815 -120.8603180822637 0.0 48.97450626174079; -322.0185670553619 138.3667323861953 285.6167906397477 -99.86135631313486 643.533070357718 151.80451215322697 -451.303098399947 132.7652878441147 -11.713103941482707 -58.31354758976652 127.36342764601159 23.71454152112233 -135.47137579297438 46.7071952692776 10.486087531840202 260.13175145736545 227.71367085420246 10.203729572870328 174.57810982106284 2.716441184186551 134.76678623432852 69.44719655267268 229.27951585767426 127.68830677006287 1264.0611319249244 -42.10790455039687 -1489.156079471862 -135.20932532009294 -1171.8431401267374 -838.0782380097222 1560.736034345482 -1185.4912276340203 0.0 492.27759228307934; -693.1537870359464 296.3132327565312 617.5588660635864 -213.40700431311896 1382.6689580551956 327.82939184772414 -972.1686774740441 287.9827052215829 -23.92444969492222 -125.60906938758417 275.19856128491375 52.93444567202725 -293.4876222461284 100.6768638949308 23.731843569481843 227.71367085420246 645.0794780603452 22.698921487871026 377.40425158610583 6.38943972184923 290.6374534497113 149.9161441838347 493.5537248544902 276.93599628546707 2730.53107292698 -83.04231281171022 -3229.175506558741 -300.26645979991576 -2521.2900064960522 -1816.0573733570325 3374.7082405923065 -2573.8393406287023 0.0 1065.6946226193973; -32.06359529215387 14.013444027541183 28.039786755706963 -10.180780231062354 64.51079106575402 14.963875845434574 -44.83958367004837 12.893776326475376 -1.2935304660516413 -5.817332316098271 12.478309820933356 2.142371961185619 -13.340966673015169 4.600573525799069 0.9388006507363409 10.203729572870328 22.698921487871022 156.05031313199876 17.13186164324848 0.20562196057136684 13.395889608403106 6.845351854988377 22.81002192495089 12.403737139653954 122.23418062072462 -3.037528103447916 -145.53255958659835 -14.098785119929765 -112.17274155614338 -81.75276095883152 151.41607403408267 -116.20990014450177 0.0 47.97250243861136; -533.7891497286957 228.90546277500607 474.25432341912403 -165.07530189657035 1065.957298582413 251.9461862211852 -748.3018993364552 220.7227084712882 -19.02630483250102 -96.68874881736436 211.43948386064625 39.86986229926207 -225.11239511033477 77.46743098063598 17.732872338595367 174.57810982106284 377.4042515861059 17.131861643248477 444.97692891748903 4.663696650091886 223.55580790326275 115.2436938957809 380.0630240487879 212.2760692383694 2099.3613295332693 -68.30046161314613 -2475.8095653840387 -226.27387270379933 -1944.0513742397115 -1393.0844613268803 2592.738153435012 -1971.629813102749 0.0 818.0319443829661; -9.002794681768934 4.0722002734123395 7.6304416828127515 -2.9977660120743583 18.352519880845012 4.1085451305633764 -12.528029563353126 3.425126290498559 -0.4599239312209181 -1.632019468627585 3.398662747203938 0.4505182657939379 -3.6135732238822507 1.2718064827151951 0.17893796604997128 2.7164411841865514 6.38943972184923 0.2056219605713669 4.663696650091886 155.12775452135992 3.7282088800429047 1.8823609176241454 6.397952475403171 3.297708766273225 32.96147869960839 -0.970151346327442 -38.98568767036055 -3.634202653258924 -30.48051227530924 -21.9284620279291 40.78174007144622 -31.057371217219742 0.0 12.909094629192575; -411.12396271780227 176.02773236548597 365.8497211123052 -126.85155884192234 820.6423483881453 194.2797548765973 -576.5175260888004 170.44357312009123 -14.289753814784811 -74.53229868855355 162.95343960494202 31.195715657938962 -174.01211649353476 59.632041149751416 14.003975496745324 134.76678623432852 290.63745344971136 13.395889608403113 223.55580790326275 3.7282088800429043 327.5171331161913 88.83591936938134 292.7059512017901 163.90496343069634 1613.0572775384576 -45.75984036771594 -1912.601704323069 -180.69196379937586 -1485.6318472659989 -1075.1308566555354 1995.1164471393606 -1525.633503906846 0.0 630.6621078516782; -212.05168466474169 90.84699154706128 188.55851607199514 -65.48854947316565 423.3116988426155 100.14818356213215 -297.3096956579282 87.8096233983413 -7.490512604635355 -38.4134144896219 84.05867263643577 15.941405456449091 -89.52509252467051 30.784486045998996 7.104887807755894 69.44719655267268 149.9161441838347 6.845351854988378 115.24369389578088 1.8823609176241451 88.83591936938133 200.92035934385552 150.98584654996336 84.44722739799683 834.6214660102048 -26.823237882751084 -984.8032925338715 -90.30107443904573 -772.450672412484 -554.0731986127686 1030.904202838029 -784.3890159727927 0.0 325.3094815931407; -698.2141088311174 298.56390559707825 621.8910084577097 -215.05632020705778 1392.8871538274168 330.15305887552626 -979.2142530497723 289.9485168433441 -24.195501807660985 -126.51278306601242 277.1635410004468 53.18560297215955 -295.46854788064746 101.41463133021772 23.81505895280931 229.27951585767426 493.55372485449016 22.81002192495089 380.0630240487879 6.397952475403171 292.7059512017901 150.98584654996336 652.2724070706547 278.8307842558298 2751.20792640597 -85.25809443879427 -3251.195096220892 -300.925893135036 -2542.2952713199293 -1828.6883302246551 3399.5622970331924 -2590.796451241499 0.0 1073.2664496353768; -391.6275065122006 168.3065401481289 347.29285206841075 -121.48164771733691 782.6829728404106 184.5939405102917 -548.8388003383972 161.41442898258686 -14.243488847527649 -70.92478143263097 154.86626498773236 28.82204594331636 -164.75130936006 56.794524651859774 12.756886457324105 127.68830677006287 276.93599628546707 12.403737139653956 212.2760692383694 3.297708766273225 163.9049634306963 84.44722739799684 278.8307842558298 310.3597205911796 1537.530441149169 -51.366790507006904 -1811.1078892497444 -164.31702476376213 -1425.524314521476 -1019.2927030276851 1898.3179951096697 -1441.7440982524922 0.0 598.733258441542; -3860.436531246098 1654.6924319624245 3433.614878327386 -1191.981178947634 7709.582063061673 1823.6362956105581 -5413.471878767026 1599.1210196550862 -143.44223485314478 -697.3129775675353 1532.8906507412812 285.21133506628854 -1620.8927501089875 562.2985473645184 122.27788338190268 1264.0611319249244 2730.5310729269795 122.23418062072462 2099.3613295332693 32.96147869960839 1613.0572775384574 834.6214660102048 2751.20792640597 1537.5304411491688 15542.693301031966 -710.3162225040156 -17826.98770638283 -1445.2288818188092 -14497.698152032712 -10061.920168781335 18909.392803099938 -14118.197718181767 0.0 5936.545524042215; 116.80447158637314 -46.788911010566935 -110.30061302284052 32.171040630327376 -227.5944996075002 -57.612117556621904 165.6113428470297 -53.63551794271768 7.587179703173143 19.360451107568625 -51.821326627449665 -8.046958968848056 43.93401091301962 -19.362157736741153 -0.07324036518516522 -42.10790455039687 -83.04231281171015 -3.0375281034479147 -68.30046161314611 -0.9701513463274428 -45.75984036771595 -26.823237882751087 -85.2580944387943 -51.36679050700693 -710.3162225040161 389.7961298256982 516.1005161149427 -137.79837447054294 906.7055026887539 321.9457518238625 -781.4158348180124 332.7911413281883 0.0 -206.93622125701435; 4566.2938534232435 -1962.383592783139 -4051.4688741927152 1415.9925256488987 -9128.200740370808 -2153.297335087785 6400.493449274007 -1883.3423035567353 164.85383662805734 827.4534199577553 -1804.7722877552085 -338.09702486460924 1924.9268880229865 -661.511692030966 -150.0440248185436 -1489.1560794718619 -3229.1755065587413 -145.53255958659855 -2475.8095653840387 -38.98568767036055 -1912.6017043230702 -984.8032925338714 -3251.195096220893 -1811.1078892497442 -17826.987706382846 516.1005161149419 21274.466357217912 1985.1083784935636 16435.22891090814 11873.617917324713 -22046.156317563928 16840.970455666557 0.0 -6981.175051883738; 425.10352846100596 -185.6052296682844 -371.5129328260059 135.26910112646829 -854.8759481254689 -198.3143001446475 594.2659743692354 -170.6894232552377 12.576977019754265 78.54242197917385 -163.23383607274346 -31.917764991971996 183.5985756505458 -59.530266873448 -17.075171497641175 -135.20932532009294 -300.26645979991554 -14.098785119929753 -226.27387270379933 -3.6342026532589222 -180.69196379937574 -90.30107443904569 -300.92589313503595 -164.3170247637621 -1445.2288818188076 -137.79837447054274 1985.10837849356 497.9929343309001 1121.1621670736317 1089.3893927048834 -1868.682891812297 1649.0137933961496 0.0 -626.5153763009303; 3563.9773188995555 -1523.4547395473303 -3177.9173060385315 1095.574369757508 -7110.199213374067 -1686.6181224055265 4999.968024793896 -1482.870668655358 136.03647917435842 641.714424330871 -1421.8258398855849 -262.9018130384593 1490.586790130069 -521.9411422902361 -108.80133173763919 -1171.8431401267376 -2521.2900064960527 -112.17274155614342 -1944.0513742397113 -30.48051227530925 -1485.631847265999 -772.450672412484 -2542.295271319929 -1425.5243145214758 -14497.698152032715 906.705502688753 16435.22891090814 1121.1621670736336 14093.570971471872 9312.43852189419 -17708.208586766406 12926.736430441897 0.0 -5511.541201178473; 2567.9543221142467 -1103.0578301219143 -2279.4577137986785 795.690423345644 -5132.5157656503925 -1211.3430462884749 3599.7442508199965 -1059.9794059234105 93.1855153677413 465.0705038933143 -1015.806353959993 -190.0748815546803 1081.7637791309337 -372.37925515624073 -83.84340943391503 -838.0782380097222 -1816.0573733570322 -81.75276095883147 -1393.0844613268803 -21.928462027929093 -1075.1308566555347 -554.0731986127685 -1828.688330224655 -1019.2927030276851 -10061.92016878133 321.9457518238628 11873.617917324698 1089.3893927048832 9312.438521894182 6835.191123712998 -12429.42323990753 9456.971929301944 0.0 -3929.756105876133; -4771.474264508199 2046.559214135555 4241.187693093381 -1474.9384691706312 9531.325474059126 2252.960769243266 -6690.224782604562 1974.2643377074378 -175.75185829948612 -862.6583668906028 1892.2716058532608 352.88190033830625 -2005.7872172828472 693.9567068418798 152.83735963888148 1560.7360343454823 3374.708240592307 151.41607403408278 2592.738153435012 40.781740071446215 1995.1164471393606 1030.9042028380293 3399.5622970331924 1898.3179951096697 18909.39280309994 -781.4158348180117 -22046.15631756392 -1868.6828918122987 -17708.2085867664 -12429.423239907535 23433.80215852429 -17494.023239069273 0.0 7324.805108266637; 3639.79347277377 -1565.5158876148225 -3226.9427713569166 1130.2045648334695 -7278.383479997837 -1715.4526135572223 5101.146012081541 -1499.1729024870308 130.29350807692666 660.1982287747113 -1436.5132070244872 -269.61482049092353 1536.1617019456032 -526.4134394227457 -120.86031808226362 -1185.4912276340203 -2573.8393406287023 -116.20990014450173 -1971.6298131027488 -31.05737121721974 -1525.6335039068456 -784.3890159727927 -2590.7964512414983 -1441.7440982524922 -14118.197718181758 332.7911413281883 16840.97045566653 1649.0137933961491 12926.736430441893 9456.971929301948 -17494.02323906927 13612.321063117486 0.0 -5554.968879608476; 0.0 0.0 0.0 0.0 0.0 0.0 0.0 0.0 0.0 0.0 0.0 0.0 0.0 0.0 0.0 0.0 0.0 0.0 0.0 0.0 0.0 0.0 0.0 0.0 0.0 0.0 0.0 0.0 0.0 0.0 0.0 0.0 155.11390926152419 0.0; -1506.8963677566512 646.8570550937375 1338.3941388148387 -466.44015094605584 3011.0446867562714 711.1255548135077 -2112.5713829030865 622.6511623266204 -54.86161300131093 -272.75762249986263 596.6661896198118 111.63668510644428 -634.4683335370039 218.74139618012902 48.974506261740636 492.2775922830794 1065.6946226193973 47.97250243861134 818.031944382966 12.909094629192573 630.6621078516782 325.3094815931406 1073.2664496353768 598.7332584415419 5936.545524042218 -206.93622125701464 -6981.1750518837325 -626.5153763009309 -5511.541201178473 -3929.7561058761357 7324.805108266633 -5554.968879608481 0.0 2308.915548021136]
 * x: [-1.0692145265588917, -0.11703308226462476, 1.0000910206449714, 0.12279921477515093, 0.425628730112069, 0.6655146931388094, -0.9330703947724543, 1.0775940511721158, -0.21658717495387364, -1.1494556249096761, 0.9825790592204889, 0.6051036605800497, -0.6633604798009254, 0.6036079012926556, -0.5068314295584642, 1.165973925483936, -0.4083602603259741, -0.5842436906235366, -0.09770459567004397, -0.20976997954432564, -0.007496529593518894, -0.43552156787450297, 0.007033211658696383, -0.5433809575865652, -0.14396932452682798, 0.06818976200590247, 0.075143020415433, -0.04783469326501009, 0.204551495487977, 0.05153996639566559, -0.1478647587537503, 0.03753521919307359, 0.0, 0.0048102642650706]
bfgs   17   loss 4.425153e-08
n     Energy            log10(ΔE)   log10(Δρ)   Diag   Δtime 
---   ---------------   ---------   ---------   ----   ------
  1   -7.865031861893                   -2.21    1.0    379ms
  2   -7.865056624762       -4.61       -2.88    1.0    499ms
  3   -7.865058518321       -5.72       -3.62    2.3    499ms
  4   -7.865058580209       -7.21       -4.08    2.1    575ms
  5   -7.865058583544       -8.48       -4.72    1.8    478ms
  6   -7.865058583815       -9.57       -5.03    2.1    539ms
  7   -7.865058583851      -10.45       -6.23    1.2    518ms
  8   -7.865058583853      -11.78       -7.09    3.3    625ms
  9   -7.865058583853      -14.15       -7.20    2.2    592ms
 10   -7.865058583853   +  -14.75       -8.11    1.0    421ms
 11   -7.865058583853      -14.45       -8.86    2.4    636ms
 12   -7.865058583853   +  -14.57       -9.20    2.1    519ms
 13   -7.865058583853   +    -Inf      -10.02    1.8    573ms
n     Energy            log10(ΔE)   log10(Δρ)   Diag   Δtime 
---   ---------------   ---------   ---------   ----   ------
  1   -7.892586601620                   -2.25    1.0    781ms
  2   -7.892610497069       -4.62       -3.00    1.0    764ms
  3   -7.892612230919       -5.76       -3.58    2.3    1.04s
  4   -7.892612267114       -7.44       -4.50    1.9    1.01s
  5   -7.892612269086       -8.70       -5.33    2.4    969ms
  6   -7.892612269117      -10.52       -5.66    2.7    1.07s
  7   -7.892612269120      -11.51       -6.26    1.6    828ms
  8   -7.892612269120      -12.75       -7.43    1.9    1.04s
  9   -7.892612269120      -14.27       -7.52    3.0    1.21s
 10   -7.892612269120   +  -14.75       -8.72    1.0    755ms
 11   -7.892612269120   +    -Inf       -8.87    2.9    1.15s
 12   -7.892612269120   +    -Inf       -9.58    1.0    832ms
 13   -7.892612269120      -14.75       -9.89    1.8    873ms
 14   -7.892612269120   +    -Inf      -10.14    1.5    944ms
n     Energy            log10(ΔE)   log10(Δρ)   Diag   Δtime 
---   ---------------   ---------   ---------   ----   ------
  1   -7.880810623538                   -2.30    1.0    735ms
  2   -7.880831668440       -4.68       -3.05    1.0    860ms
  3   -7.880833241957       -5.80       -3.59    2.2    942ms
  4   -7.880833272617       -7.51       -4.49    1.9    966ms
  5   -7.880833273996       -8.86       -5.28    2.4    1.07s
  6   -7.880833274028      -10.50       -5.73    2.3    993ms
  7   -7.880833274028      -12.10       -6.88    1.6    908ms
  8   -7.880833274028      -13.24       -7.06    3.0    1.21s
  9   -7.880833274028      -14.21       -8.11    1.1    818ms
 10   -7.880833274028   +  -14.45       -9.11    2.4    1.10s
 11   -7.880833274028   +  -15.05       -9.79    2.8    1.18s
 12   -7.880833274028      -15.05      -10.82    2.0    931ms
n     Energy            log10(ΔE)   log10(Δρ)   Diag   Δtime 
---   ---------------   ---------   ---------   ----   ------
  1   -7.865058583853                  -10.94    1.0    416ms
n     Energy            log10(ΔE)   log10(Δρ)   Diag   Δtime 
---   ---------------   ---------   ---------   ----   ------
  1   -7.892612269120                  -11.83    1.0    756ms
n     Energy            log10(ΔE)   log10(Δρ)   Diag   Δtime 
---   ---------------   ---------   ---------   ----   ------
  1   -7.880833274028                  -11.31    1.0    778ms
n     Energy            log10(ΔE)   log10(Δρ)   Diag   Δtime 
---   ---------------   ---------   ---------   ----   ------
  1   -7.865058583853                  -11.49    1.0    408ms
n     Energy            log10(ΔE)   log10(Δρ)   Diag   Δtime 
---   ---------------   ---------   ---------   ----   ------
  1   -7.892612269120                  -12.22    1.0    684ms
n     Energy            log10(ΔE)   log10(Δρ)   Diag   Δtime 
---   ---------------   ---------   ---------   ----   ------
  1   -7.880833274028                  -11.74    1.0    732ms
n     Energy            log10(ΔE)   log10(Δρ)   Diag   Δtime 
---   ---------------   ---------   ---------   ----   ------
  1   -7.865058583853                  -11.87    1.0    392ms
n     Energy            log10(ΔE)   log10(Δρ)   Diag   Δtime 
---   ---------------   ---------   ---------   ----   ------
  1   -7.892612269120                  -12.67    1.0    749ms
n     Energy            log10(ΔE)   log10(Δρ)   Diag   Δtime 
---   ---------------   ---------   ---------   ----   ------
  1   -7.880833274028                  -12.07    1.0    704ms
    18     4.176475e-08     9.425016e-04
 * Current step size: 1.0
 * time: 1067.9749991893768
 * g(x): [-7.95563524811509e-6, 3.870353158411021e-6, 6.810069622138385e-6, -2.6951375966834597e-6, 1.7210158837327127e-5, 3.6845789849337673e-6, -1.1302945204790286e-5, 3.023789586822177e-6, -2.661426445692969e-6, -8.13686223545152e-7, 3.5531801434725417e-6, -1.3976406115225924e-6, -1.601626566229184e-7, 1.641102191469704e-6, -2.078668288185377e-6, 2.0065647630003356e-6, 6.01482287021121e-6, -6.495036586648111e-7, 4.345151987886608e-6, -4.6207859042860633e-7, 1.8036412265566565e-6, 1.8318012202971273e-6, 6.3818146348982056e-6, 2.7166501497930525e-6, -5.871549672590412e-5, -6.962781170904245e-6, 9.32398248328799e-5, 2.2005144631327484e-5, 2.4663723979659254e-5, 4.886250914385613e-5, -7.04012024591291e-5, 8.420876133551666e-5, 0.0, 0.0009425016491338272]
 * ~inv(H): [709.444175839473 -225.53487410630044 -516.182703739307 157.91039554460392 -1087.684717136266 -270.8001965597528 784.163710499277 -248.16063808699354 25.359928355782547 96.14170538194243 -234.26967441832423 -43.68464034654451 224.8881553872127 -86.23706129245808 -11.67033455231587 -193.46169644204 -392.5742959554854 -17.598899016145218 -316.8223635976756 -5.85352130441192 -224.81709192224986 -124.67233954341931 -400.012368039976 -237.23325368427217 -2152.844714483383 114.9480567496545 2465.2426936897323 182.97146269022448 2058.1077462874046 1393.6454307037266 -2642.7108960870937 1942.0205912735225 0.0 -823.4846472841523; -225.53487410630038 245.84181905925436 211.9448669599699 -63.15737307103867 440.84529663872917 110.92395075106381 -319.5824579583452 102.50827311157703 -10.011153682081375 -39.000243572797096 96.25306261928351 18.600753039490737 -91.92656698667942 35.34819530633217 4.963095557160759 79.80208174138139 159.67038963643512 7.444061250969022 130.10523694021168 2.631754108831114 91.42612987330799 51.07167928393846 162.9490509017593 97.94110152023077 879.3289082075089 -45.72527277149714 -1008.7551773611449 -75.92608275042224 -839.2801725219076 -570.0342102642388 1079.999014888495 -795.0618155519863 0.0 336.61912376045774; -516.1827037393069 211.94486695996986 632.144446173802 -149.09261063484627 1015.9771074605105 250.76107574541066 -729.1814434993476 228.1851129960028 -24.059547594792082 -89.78160668509338 216.3417883337696 39.23004580212639 -208.79464259183 79.77558751168313 10.59522365964941 178.11497974622122 365.63679987137255 15.904212238161731 292.7429543851389 5.008449319600045 209.51681251144893 115.4290675051385 372.067019050274 218.24585430917423 2000.6479341475679 -109.18152596748902 -2287.5405463171364 -167.79436265276217 -1915.0391016924316 -1293.6243907945948 2454.6969327430884 -1801.3190306212664 0.0 764.738100402003; 157.91039554460377 -63.15737307103862 -149.09261063484627 198.94213525690597 -308.07313379866594 -77.93455539155931 223.95710531851336 -72.32785261538598 6.94514259547112 27.251778814103073 -67.74227266061546 -13.28520381053892 64.45606499510663 -24.854434195361325 -3.506435349194362 -56.25958892577639 -111.78354424021771 -5.29737539358329 -91.53289884459845 -1.923171911650534 -63.967072701358966 -35.88711838412322 -114.17745726378386 -69.08267109164632 -615.6715454955544 31.297251011493685 707.3307685035289 53.84720588265488 586.8900036025739 399.5791475555784 -756.5334034822107 557.7140507026774 0.0 -235.8768434113364; -1087.6847171362658 440.84529663872905 1015.9771074605106 -308.0731337986658 2286.555129026591 532.5684556888701 -1539.5246269629347 489.44025325390913 -49.12505178254083 -188.4969902635484 461.15109156662146 87.17422741800495 -442.1661829815103 169.5982834133037 23.385514864699243 381.3904123152517 770.1887998439151 35.046077192909316 623.5970986535439 11.921992340040731 441.15301479851416 245.18160044582652 785.1715956730184 467.80854700385527 4231.45744903336 -223.47777940102787 -4849.251437943484 -362.0903269398557 -4042.3362137490844 -2740.906855397401 5195.4005051180475 -3820.944155558688 0.0 1619.1492136461006; -270.8001965597528 110.9239507510638 250.7610757454107 -77.93455539155931 532.56845568887 286.86208589546703 -382.6840833765247 120.11043727255623 -12.553111919360028 -47.06827707246698 113.74353075441489 20.787054693645537 -109.63483094149086 41.92234917328091 5.603725476951617 93.7239431011828 191.80878939399884 8.41337626126386 153.8921273590102 2.690204925215925 109.89873921287689 60.64741644880289 195.24935363286886 114.86385960587393 1050.2046198767305 -56.94180498415483 -1201.3500008565547 -88.43865691385025 -1004.8682116053145 -679.3058902388499 1288.7308566185372 -946.1198383170185 0.0 401.52296036365226; 784.1637104992766 -319.5824579583451 -729.1814434993474 223.9571053185133 -1539.5246269629342 -382.6840833765246 1264.114982100354 -350.2390659339507 35.95276201655969 136.0887554738113 -330.8795849670897 -61.42839869362715 318.02353817702885 -121.83210409800527 -16.479325997188983 -273.10920035588475 -555.3562972470502 -24.777620594962837 -447.5376772087811 -8.166336971743997 -318.1094172487212 -176.1735080053366 -565.731550909407 -334.8501381282298 -3045.0065244658513 163.17180298286144 3486.0510562727095 258.2610183677609 2911.5450581415907 1970.835062937491 -3737.5587291179486 2746.023154516115 0.0 -1164.6174353418971; -248.1606380869935 102.508273111577 228.18511299600283 -72.32785261538599 489.44025325390913 120.11043727255625 -350.2390659339508 263.89666946222485 -11.725156166490256 -43.23957444819283 103.44284017522371 18.38629969138894 -100.15778144304066 38.191097825966736 4.990159966775774 84.98438913986202 175.81117364098696 7.485908898790926 140.01917952538298 2.2637765466702082 100.76945314498352 55.28460881078178 178.74805937725768 104.07869364080459 960.444037697759 -53.290308821277804 -1096.8818313573554 -79.70688207341956 -920.2856957211544 -620.4567331223643 1177.9902634492357 -863.4549932799213 0.0 366.91711670191927; 25.359928355782586 -10.0111536820814 -24.059547594792086 6.945142595471139 -49.12505178254084 -12.553111919360031 35.952762016559696 -11.725156166490251 155.84500319831065 4.46319680934066 -10.888115605563751 -2.472830800156641 10.830211116450297 -3.9405606020873503 -0.9351228205040938 -9.193785967040167 -17.8831191740919 -0.9995300560864357 -14.753453418732217 -0.4012423231105082 -10.49629497552171 -5.762013858640565 -18.229746682495076 -11.233823970427105 -108.6467336478846 7.665200792907906 121.8347682001738 7.503763404480907 105.56496882848971 69.15539789892755 -132.3510578038847 95.46135685410529 0.0 -40.894958276939; 96.14170538194236 -39.00024357279707 -89.78160668509335 27.25177881410307 -188.4969902635484 -47.06827707246696 136.0887554738113 -43.23957444819284 4.4631968093406575 171.74641516285322 -40.76785120787936 -7.603086939920498 38.93208288774726 -15.010081952775899 -1.949156011467173 -33.67040281291301 -68.0994233228125 -3.052170532887658 -55.11334933645421 -1.026149119136854 -38.92153608621513 -21.67522750542704 -69.43807011212293 -41.31734618328764 -370.9424305348577 18.922246610095204 426.0296595289304 32.36420104993037 353.7451897367513 240.69877232368657 -455.80630071219673 335.8747672227642 0.0 -142.16710912526077; -234.26967441832423 96.25306261928354 216.34178833376964 -67.74227266061547 461.15109156662146 113.7435307544149 -330.87958496708984 103.44284017522371 -10.888115605563756 -40.76785120787935 253.23759432915838 17.778571891507347 -94.7737164296829 36.18350397970726 4.844189162636909 80.77625823084009 165.93531730361218 7.212941362184035 132.76691592447028 2.264198712445315 95.11992774940362 52.35756147336969 168.82678078482678 98.95175648055067 911.1044130925819 -51.404485812179026 -1039.2545652276285 -74.7545719051019 -873.9704053689596 -587.9781124472775 1117.072271804679 -817.7728152895354 0.0 347.7238555672977; -43.684640346544526 18.600753039490737 39.2300458021264 -13.285203810538928 87.17422741800496 20.78705469364554 -61.4283986936272 18.38629969138894 -2.472830800156636 -7.603086939920501 17.778571891507347 157.74352643498787 -17.109362524322815 6.639490738588157 0.5198742052817127 14.358129159592947 31.022090811308114 1.0871072339913526 24.073932388056917 0.22203858132688106 17.60218828771493 9.578050035879984 31.45323003749125 17.58900225657708 160.61377046154942 -7.93920027740451 -184.74071031545043 -14.216849954792828 -153.07432847565804 -104.36506477241913 197.54725659727436 -145.67711345682662 0.0 61.76053929884891; 224.8881553872127 -91.92656698667942 -208.79464259183013 64.45606499510667 -442.1661829815105 -109.6348309414909 318.023538177029 -100.15778144304069 10.830211116450284 38.93208288774726 -94.77371642968295 -17.109362524322812 245.68856434197087 -34.97227636466194 -4.2328210406795765 -78.00729334843625 -159.36510839608772 -6.891720423526635 -128.1622557696002 -2.201151875107402 -90.95553568917535 -50.49217264869884 -162.36382845966557 -95.71323703540102 -859.6807523022791 42.92638152650767 988.6384997534981 75.87723008934117 818.9668619794795 558.4366277427163 -1056.8608643712037 779.6947698853103 0.0 -329.8798087131527; -86.23706129245807 35.34819530633217 79.77558751168313 -24.85443419536132 169.59828341330368 41.9223491732809 -121.83210409800527 38.19109782596672 -3.9405606020873503 -15.010081952775897 36.18350397970725 6.639490738588155 -34.97227636466191 168.44467857943053 1.8430572472552704 29.825484559471317 61.07026450104268 2.691658584564915 48.95717438499935 0.8609755611336183 35.038995526069 19.29561278168228 62.14627013265461 36.53426704519779 336.86759703454055 -19.22101632373883 -383.95258625703303 -27.439767885167264 -323.33248771072954 -217.25977830737787 412.9032665776734 -302.0663667328882 0.0 128.48289421798307; -11.670334552315902 4.963095557160769 10.595223659649418 -3.5064353491943896 23.385514864699363 5.603725476951623 -16.479325997189036 4.9901599667757734 -0.9351228205040872 -1.949156011467176 4.844189162636909 0.5198742052817122 -4.232821040679589 1.8430572472552704 154.97815798567203 3.8266626570491513 8.336961453480178 0.20176777376891436 6.518089040893225 0.012271023802556283 4.518707652925134 2.597285128378812 8.509634233924116 4.740451353479782 35.37183763272276 0.15601641243602923 -43.353025740098076 -4.9141823477305415 -31.913331195014063 -24.196064737237396 44.52312790376319 -34.72940321926613 0.0 14.240484090844127; -193.46169644204 79.8020817413814 178.1149797462212 -56.25958892577639 381.39041231525175 93.72394310118278 -273.10920035588487 84.98438913986202 -9.193785967040167 -33.67040281291302 80.77625823084006 14.358129159592943 -78.0072933484362 29.82548455947132 3.8266626570491526 221.47931971255542 137.0672336536183 5.835653265701267 109.30605412080311 1.7750572552291783 78.49336233540942 43.146181488211326 139.40040666505462 81.29642203767388 748.2400372753794 -41.75670376055646 -854.1078985830457 -61.815235701793235 -717.3435728040208 -483.16543400775515 917.6476620726685 -672.2079350847499 0.0 285.76204563248564; -392.5742959554853 159.67038963643512 365.6367998713726 -111.7835442402177 770.1887998439149 191.80878939399878 -555.3562972470502 175.81117364098694 -17.8831191740919 -68.09942332281251 165.93531730361218 31.022090811308104 -159.36510839608766 61.07026450104267 8.336961453480171 137.06723365361827 433.12013160127077 12.498465533844987 224.41674120632325 4.169233632291037 159.25364578794031 88.30232533021908 283.2744892024311 168.07337564521308 1526.3322148380896 -81.74731866789301 -1747.4827639103362 -129.4971817868084 -1459.372366237619 -987.9188532643791 1873.4951203900798 -1376.5358999656046 0.0 583.7456458748037; -17.598899016145214 7.444061250969014 15.904212238161731 -5.2973753935832955 35.04607719290933 8.413376261263862 -24.77762059496284 7.485908898790926 -0.9995300560864331 -3.05217053288766 7.212941362184032 1.0871072339913512 -6.891720423526634 2.691658584564916 0.2017677737689117 5.835653265701267 12.498465533844987 155.55971241055929 9.76155961968366 0.09836397103097047 7.077456686949077 3.8777396879519492 12.687943441989741 7.156432868685647 64.32493054672489 -2.964924590354849 -74.29715473737974 -5.899004801357142 -61.08668144334764 -41.937072565905375 79.22563440299606 -58.65335134591489 0.0 24.799483988415712; -316.8223635976756 130.10523694021174 292.74295438513894 -91.5328988445985 623.5970986535439 153.89212735901023 -447.53767720878125 140.01917952538295 -14.75345341873222 -55.11334933645423 132.76691592447028 24.073932388056914 -128.1622557696002 48.95717438499937 6.518089040893221 109.30605412080313 224.41674120632334 9.761559619683657 334.76453413503054 3.0722514269718517 128.6088766518235 70.83861630976726 228.35470004227108 133.92530628765607 1229.0610641653304 -67.6418812614635 -1404.4652132730482 -102.52177795518247 -1177.0919201238821 -794.3285535603654 1507.7240034263739 -1105.7462886252765 0.0 469.619407664476; -5.853521304411919 2.6317541088311143 5.008449319600046 -1.923171911650535 11.921992340040731 2.6902049252159252 -8.166336971744 2.2637765466702087 -0.4012423231105081 -1.0261491191368541 2.264198712445315 0.2220385813268809 -2.2011518751074024 0.8609755611336185 0.01227102380255615 1.775057255229179 4.1692336322910375 0.09836397103097055 3.0722514269718517 155.10507843776537 2.3458637346198308 1.2404602861887328 4.198835782502982 2.169154195397422 20.288242564642694 -0.9710765327299075 -23.36616077754207 -1.8194913358406148 -19.331495644070117 -13.200236951980122 24.979761483719393 -18.42696381652137 0.0 7.83183731806381; -224.81709192224974 91.42612987330793 209.51681251144888 -63.96707270135902 441.15301479851405 109.8987392128769 -318.10941724872123 100.76945314498349 -10.496294975521689 -38.92153608621514 95.11992774940357 17.60218828771493 -90.95553568917536 35.03899552606901 4.518707652925107 78.49336233540942 159.25364578794037 7.077456686949083 128.60887665182344 2.3458637346198294 246.1434359251936 50.6074528592639 162.3265920271662 96.30163456825807 867.2617416741442 -44.80365575941713 -995.2203073631673 -75.11492584968202 -827.6711178660212 -562.3752616918612 1065.4020534105528 -784.4235107166106 0.0 332.23133408624807; -124.67233954341927 51.07167928393847 115.42906750513849 -35.887118384123234 245.18160044582643 60.64741644880288 -176.17350800533663 55.28460881078176 -5.762013858640562 -21.67522750542704 52.357561473369664 9.578050035879977 -50.49217264869882 19.29561278168228 2.5972851283788114 43.14618148821132 88.30232533021906 3.8777396879519492 70.83861630976722 1.2404602861887324 50.60745285926388 183.03096245042283 89.8813897344635 52.87286584600997 484.21818656687833 -26.533867965763452 -553.4980169681631 -40.50469262357206 -463.6102063101881 -313.0212081940899 594.0569119516629 -435.813491474576 0.0 185.03895947758403; -400.01236803997585 162.9490509017593 372.06701905027404 -114.17745726378388 785.1715956730183 195.24935363286883 -565.7315509094072 178.74805937725768 -18.22974668249505 -69.43807011212293 168.82678078482675 31.453230037491235 -162.3638284596655 62.14627013265461 8.509634233924112 139.40040666505462 283.274489202431 12.687943441989741 228.354700042271 4.198835782502981 162.32659202716624 89.88138973446351 443.6809792052492 170.90178446553742 1556.1952040242022 -84.06059407978212 -1780.6494827416802 -131.35396274618685 -1488.6398588822592 -1006.7905935936078 1909.7835841499577 -1402.4475097616082 0.0 594.9631162364593; -237.2332536842721 97.94110152023077 218.24585430917423 -69.0826710916463 467.80854700385527 114.86385960587396 -334.8501381282299 104.07869364080457 -11.233823970427109 -41.317346183287654 98.95175648055066 17.589002256577075 -95.713237035401 36.534267045197794 4.740451353479785 81.29642203767388 168.0733756452131 7.156432868685648 133.92530628765607 2.169154195397422 96.30163456825805 52.87286584600999 170.90178446553742 254.6856747690955 917.8440626034208 -50.995204071970974 -1048.097434197704 -76.0838442359713 -879.5998731380087 -592.8709602564978 1125.727870750344 -825.0036817075261 0.0 350.6161905414738; -2152.8447144833826 879.3289082075092 2000.6479341475685 -615.6715454955549 4231.4574490333625 1050.2046198767307 -3045.006524465852 960.4440376977589 -108.64673364788442 -370.942430534858 911.1044130925818 160.61377046154942 -859.6807523022787 336.8675970345406 35.37183763272221 748.2400372753797 1526.3322148380896 64.3249305467249 1229.0610641653304 20.288242564642694 867.2617416741444 484.21818656687844 1556.1952040242027 917.8440626034206 8707.445200014223 -701.4687041626961 -9419.297319824667 -477.71185687012945 -8467.304928461966 -5362.566614437504 10388.53724073409 -7325.14805362577 0.0 3201.4442804379973; 114.94805674965455 -45.72527277149717 -109.181525967489 31.2972510114937 -223.47777940102827 -56.94180498415485 163.1718029828615 -53.29030882127779 7.665200792907936 18.922246610095197 -51.404485812179026 -7.939200277404513 42.92638152650773 -19.22101632373883 0.156016412436019 -41.75670376055646 -81.74731866789296 -2.9649245903548476 -67.64188126146348 -0.9710765327299082 -44.80365575941715 -26.533867965763456 -84.06059407978215 -50.995204071971 -701.4687041626966 390.15029577392244 504.5672853043485 -139.49036064084788 899.573613886801 315.54325080640047 -770.3135361912259 323.25112852999086 0.0 -203.26711167893146; 2465.2426936897327 -1008.7551773611453 -2287.540546317137 707.3307685035304 -4849.251437943486 -1201.3500008565547 3486.051056272714 -1096.8818313573552 121.83476820017324 426.02965952893106 -1039.254565227628 -184.74071031545037 988.638499753499 -383.95258625703286 -43.353025740098275 -854.1078985830453 -1747.4827639103366 -74.29715473737993 -1404.4652132730475 -23.366160777542067 -995.2203073631682 -553.4980169681631 -1780.6494827416811 -1048.0974341977035 -9419.297319824678 504.5672853043477 10933.751661563167 795.7969974000815 9016.35091254434 6093.751203591272 -11565.215823179156 8486.515160400404 0.0 -3617.0954986685247; 182.97146269022434 -75.92608275042203 -167.79436265276212 53.84720588265482 -362.09032693985506 -88.43865691385018 258.2610183677609 -79.70688207341956 7.503763404480935 32.36420104993037 -74.7545719051019 -14.21684995479281 75.87723008934105 -27.439767885167274 -4.914182347730428 -61.81523570179322 -129.49718178680817 -5.89900480135713 -102.52177795518242 -1.8194913358406126 -75.11492584968194 -40.504692623572026 -131.3539627461868 -76.08384423597124 -477.71185687012763 -139.49036064084768 795.7969974000779 361.5712849726126 266.76065437493105 424.5887768781065 -662.6588770324039 688.3682472096168 0.0 -239.5216158881418; 2058.1077462874046 -839.2801725219076 -1915.0391016924316 586.8900036025746 -4042.3362137490853 -1004.8682116053144 2911.545058141592 -920.2856957211544 105.56496882848958 353.7451897367515 -873.9704053689593 -153.07432847565804 818.9668619794794 -323.33248771072954 -31.91333119501395 -717.343572804021 -1459.3723662376196 -61.086681443347686 -1177.0919201238817 -19.331495644070124 -827.6711178660215 -463.6102063101882 -1488.6398588822587 -879.5998731380084 -8467.304928461968 899.5736138868001 9016.35091254434 266.7606543749331 8774.502299341311 5165.847724705076 -10190.55484781397 6932.1958271328085 0.0 -3098.262509001535; 1393.6454307037252 -570.034210264238 -1293.624390794595 399.5791475555783 -2740.9068553974 -679.3058902388499 1970.8350629374913 -620.4567331223643 69.1553978989276 240.6987723236864 -587.9781124472777 -104.36506477241896 558.4366277427152 -217.25977830737796 -24.196064737237133 -483.1654340077552 -987.9188532643791 -41.93707256590533 -794.3285535603653 -13.200236951980115 -562.3752616918605 -313.02120819408987 -1006.7905935936078 -592.8709602564978 -5362.566614437497 315.54325080640075 6093.75120359126 424.58877687810633 5165.84772470507 3604.5822267354097 -6571.248615400604 4787.283780559931 0.0 -2049.438409439486; -2642.710896087095 1079.9990148884951 2454.6969327430893 -756.5334034822114 5195.400505118052 1288.7308566185377 -3737.558729117953 1177.990263449236 -132.3510578038844 -455.80630071219736 1117.072271804679 197.54725659727436 -1056.8608643712046 412.9032665776734 44.52312790376319 917.6476620726689 1873.4951203900814 79.2256344029962 1507.724003426374 24.97976148371939 1065.4020534105532 594.0569119516633 1909.7835841499584 1125.7278707503442 10388.537240734095 -770.3135361912252 -11565.215823179155 -662.6588770324065 -10190.554847813966 -6571.248615400612 12811.67418470998 -9025.92150640393 0.0 3915.2394761233163; 1942.020591273521 -795.0618155519852 -1801.3190306212666 557.7140507026767 -3820.94415555869 -946.1198383170183 2746.0231545161164 -863.454993279921 95.46135685410526 335.8747672227639 -817.7728152895353 -145.67711345682662 779.6947698853095 -302.0663667328883 -34.72940321926603 -672.2079350847498 -1376.5358999656048 -58.65335134591486 -1105.7462886252763 -18.426963816521365 -784.4235107166104 -435.8134914745761 -1402.4475097616073 -825.0036817075261 -7325.14805362576 323.2511285299909 8486.515160400379 688.3682472096165 6932.195827132804 4787.283780559935 -9025.921506403927 6862.735997519421 0.0 -2837.016401430429; 0.0 0.0 0.0 0.0 0.0 0.0 0.0 0.0 0.0 0.0 0.0 0.0 0.0 0.0 0.0 0.0 0.0 0.0 0.0 0.0 0.0 0.0 0.0 0.0 0.0 0.0 0.0 0.0 0.0 0.0 0.0 0.0 155.11390926152419 0.0; -823.4846472841523 336.61912376045757 764.7381004020032 -235.8768434113366 1619.1492136461013 401.5229603636524 -1164.6174353418983 366.91711670191944 -40.894958276938965 -142.16710912526094 347.72385556729773 61.760539298848954 -329.879808713153 128.48289421798313 14.240484090843978 285.76204563248587 583.745645874804 24.799483988415716 469.619407664476 7.83183731806381 332.2313340862483 185.03895947758406 594.9631162364597 350.6161905414738 3201.4442804380005 -203.26711167893174 -3617.095498668521 -239.5216158881426 -3098.2625090015363 -2049.438409439489 3915.2394761233145 -2837.016401430436 0.0 1214.5194797927295]
 * x: [-1.0640451690728197, -0.11929148994816934, 0.9955764191181677, 0.12444434255032666, 0.4152345040617858, 0.663104660102361, -0.9258459097950692, 1.0755200675336516, -0.21643520838322494, -1.1485011755132581, 0.980592432613381, 0.6047153201117126, -0.6611285610370128, 0.6028836228872524, -0.5070402690350567, 1.1643280336982056, -0.4120114043340749, -0.5844151149496937, -0.10045498850767592, -0.2098142631062019, -0.00969573949206142, -0.436619195606663, 0.0033746538677048264, -0.5453785239544416, -0.1640913482453158, 0.06836297417864513, 0.0996323219298493, -0.04516341662144844, 0.22257536312791412, 0.06524553834769607, -0.17291961940152525, 0.057232292168445636, 0.0, -0.0031896491045343587]
bfgs   18   loss 4.176475e-08
n     Energy            log10(ΔE)   log10(Δρ)   Diag   Δtime 
---   ---------------   ---------   ---------   ----   ------
  1   -7.855377126057                   -2.42    1.0    405ms
  2   -7.855386525678       -5.03       -3.08    1.0    419ms
  3   -7.855387199594       -6.17       -3.64    2.4    546ms
  4   -7.855387255189       -7.25       -4.10    2.2    599ms
  5   -7.855387257423       -8.65       -4.73    1.6    486ms
  6   -7.855387257604       -9.74       -5.19    2.2    620ms
  7   -7.855387257621      -10.79       -5.88    1.4    479ms
  8   -7.855387257622      -11.83       -6.87    2.2    633ms
  9   -7.855387257622      -13.75       -7.70    3.2    586ms
 10   -7.855387257622   +  -14.57       -7.95    2.5    653ms
 11   -7.855387257622   +    -Inf       -8.64    1.1    456ms
 12   -7.855387257622      -15.05       -9.25    1.8    586ms
 13   -7.855387257622   +  -15.05       -9.90    2.1    497ms
 14   -7.855387257622   +  -15.05       -9.95    2.3    547ms
 15   -7.855387257622      -14.75      -10.77    1.0    500ms
n     Energy            log10(ΔE)   log10(Δρ)   Diag   Δtime 
---   ---------------   ---------   ---------   ----   ------
  1   -7.882899307898                   -2.47    1.0    768ms
  2   -7.882908340890       -5.04       -3.21    1.0    762ms
  3   -7.882908956565       -6.21       -3.83    2.2    973ms
  4   -7.882908972268       -7.80       -4.45    2.0    985ms
  5   -7.882908973391       -8.95       -5.28    1.9    934ms
  6   -7.882908973432      -10.39       -5.52    2.5    1.06s
  7   -7.882908973435      -11.43       -6.53    1.1    749ms
  8   -7.882908973435      -12.79       -7.03    2.9    1.10s
  9   -7.882908973435      -14.75       -7.33    1.6    918ms
 10   -7.882908973435   +    -Inf       -8.53    1.4    781ms
 11   -7.882908973435   +  -14.75       -8.85    3.2    1.18s
 12   -7.882908973435      -14.45       -9.28    1.4    881ms
 13   -7.882908973435   +  -14.75      -10.00    1.2    864ms
n     Energy            log10(ΔE)   log10(Δρ)   Diag   Δtime 
---   ---------------   ---------   ---------   ----   ------
  1   -7.871203222747                   -2.52    1.0    698ms
  2   -7.871211128771       -5.10       -3.26    1.0    872ms
  3   -7.871211679453       -6.26       -3.84    2.1    1.06s
  4   -7.871211690398       -7.96       -4.69    1.9    907ms
  5   -7.871211691107       -9.15       -5.56    2.4    1.05s
  6   -7.871211691118      -10.94       -5.91    2.5    1.12s
  7   -7.871211691120      -11.94       -6.50    1.6    852ms
  8   -7.871211691120      -13.23       -7.47    1.9    1.03s
  9   -7.871211691120      -14.45       -7.72    2.2    1.04s
 10   -7.871211691120   +  -14.45       -8.64    1.1    778ms
 11   -7.871211691120      -14.45       -9.15    2.3    1.09s
 12   -7.871211691120   +    -Inf       -9.84    1.1    869ms
 13   -7.871211691120      -14.75      -10.31    2.1    932ms
n     Energy            log10(ΔE)   log10(Δρ)   Diag   Δtime 
---   ---------------   ---------   ---------   ----   ------
  1   -7.855387257622                  -11.97    1.0    440ms
n     Energy            log10(ΔE)   log10(Δρ)   Diag   Δtime 
---   ---------------   ---------   ---------   ----   ------
  1   -7.882908973435                  -10.57    1.0    685ms
n     Energy            log10(ΔE)   log10(Δρ)   Diag   Δtime 
---   ---------------   ---------   ---------   ----   ------
  1   -7.871211691120                  -11.13    1.0    774ms
n     Energy            log10(ΔE)   log10(Δρ)   Diag   Δtime 
---   ---------------   ---------   ---------   ----   ------
  1   -7.855387257622                  -12.43    1.0    455ms
n     Energy            log10(ΔE)   log10(Δρ)   Diag   Δtime 
---   ---------------   ---------   ---------   ----   ------
  1   -7.882908973435                  -11.04    1.0    750ms
n     Energy            log10(ΔE)   log10(Δρ)   Diag   Δtime 
---   ---------------   ---------   ---------   ----   ------
  1   -7.871211691120                  -11.56    1.0    768ms
n     Energy            log10(ΔE)   log10(Δρ)   Diag   Δtime 
---   ---------------   ---------   ---------   ----   ------
  1   -7.855387257622                  -12.65    1.0    370ms
n     Energy            log10(ΔE)   log10(Δρ)   Diag   Δtime 
---   ---------------   ---------   ---------   ----   ------
  1   -7.882908973435                  -11.41    1.0    720ms
n     Energy            log10(ΔE)   log10(Δρ)   Diag   Δtime 
---   ---------------   ---------   ---------   ----   ------
  1   -7.871211691120                  -11.92    1.0    747ms
    19     3.314391e-08     1.482988e-04
 * Current step size: 1.0
 * time: 1119.2629120349884
 * g(x): [1.1509890898495867e-6, -6.021251246045733e-7, -9.017160704440957e-7, 4.3440948964198536e-7, -2.5513206127633485e-6, -5.002520936452822e-7, 1.6105490710929887e-6, -3.719700363061499e-7, 4.247816931197289e-7, 1.1954552289795526e-7, -5.156343452912795e-7, 2.460500870784232e-7, -2.7284461847607165e-8, -2.457283346545367e-7, 3.414102139490798e-7, -2.691610906915064e-7, -8.76239430658279e-7, 1.11158603891143e-7, -5.920837689481474e-7, 7.951911047046117e-8, -2.484225133157983e-7, -2.557282288762821e-7, -9.251312378256308e-7, -3.4485594914106106e-7, 9.236545065905928e-6, 1.276596411176289e-6, -1.4959006838417784e-5, -3.646140717862084e-6, -3.7042918206594175e-6, -7.81575750447058e-6, 1.1177255713715861e-5, -1.3537381853741568e-5, 0.0, -0.00014829884612376174]
 * ~inv(H): [568.0624701928691 -165.13208124838815 -390.01170492992003 114.4553354208636 -805.5480400731851 -203.8420239439107 585.7611712801571 -189.27909925090808 20.36570868168101 70.59307354977375 -178.27270631899597 -33.00017867800663 165.16753128506713 -65.74389629430786 -6.9166262617592436 -147.152622174197 -292.6104622057053 -13.021672162234575 -239.80006935766966 -4.5793386021715365 -165.64959793287136 -94.0749557233187 -299.28629164464877 -180.73013801563005 -1609.8399220562017 105.4514704740461 1812.458031600545 116.23856827542274 1564.4384308713109 1027.6153230372672 -1968.191919396086 1419.2979248916915 0.0 -609.2286878214733; -165.1320812483881 220.12266141766446 157.86830698041658 -44.68953624652429 320.4412398322501 82.25042843127171 -234.76586303170774 77.2148144445101 -7.828858546930545 -28.118855096293853 72.22588629594591 14.02778300108903 -66.48804411483141 26.550927556055033 2.9882882502337966 59.93493327527161 116.95662957766817 5.493597990762908 97.08515641891888 2.0822874529891204 66.20712489114499 37.96318529153752 119.87474360540698 73.68222842076385 647.8619541470641 -41.46265924497222 -730.8608607714513 -47.72626696114022 -628.4894340763765 -414.1837679288415 792.5306876080668 -572.6520822963031 0.0 245.36181909113935; -390.01170492991986 157.86830698041652 519.8893898968847 -110.1192062007099 763.9290856215918 191.13926280611014 -552.2287433613299 175.91090337946866 -19.69904429753109 -66.9145993033982 166.57456597362255 29.711399736202683 -155.34830041840394 61.570373585653485 6.2416154495471385 136.95161684852891 276.43960367057844 11.809365746615827 224.23269338186444 3.8814569613253944 156.5974084307624 88.19556162240161 282.2587971866073 168.05759268110683 1515.0273495491265 -101.11398999711488 -1703.0104693647895 -107.6248932447456 -1474.242523869568 -965.9240774244438 1851.3429271629016 -1333.0208667905442 0.0 572.9783092774932; 114.45533542086346 -44.68953624652425 -110.11920620070988 185.69537751705954 -221.50590493588956 -57.279214333778796 162.91696085237328 -54.07571647128212 5.355523635629834 19.437127842405573 -50.41481833281892 -9.991989393690881 46.18575731896998 -18.508557579334166 -2.1083848126301934 -41.933448429636755 -81.05192575451007 -3.896219863703884 -67.73163308345818 -1.5258162150942127 -45.84790732491631 -26.44192299808542 -83.17236176090378 -51.58228784067062 -449.36011847717754 28.147696899228777 507.80997801809355 33.68509883998937 435.29134804772536 287.6707864313184 -550.0083870058128 398.0769121483904 0.0 -170.3373477844594; -805.548040073185 320.44123983224995 763.9290856215919 -221.50590493588945 1723.7384968505366 398.8459728610936 -1143.5179197130494 371.7265987714371 -39.08388987846819 -137.56504925987613 349.24600690566484 65.83999794380043 -323.1067905954145 128.63821472039257 13.985622163826203 288.85059016669015 570.6950097579265 25.919730047290937 469.71883748706654 9.371427888780593 323.1715596078581 184.06654083025444 584.1029568147951 354.8696079001496 3148.6590866622037 -204.2103935729832 -3548.110220345138 -229.39877303895898 -3057.371738107628 -2011.2845265982028 3850.4427824840163 -2779.2239737036293 0.0 1192.0178790277018; -203.84202394391073 82.25042843127171 191.1392628061102 -57.279214333778796 398.8459728610935 255.20224167402097 -288.76146915058985 92.3299627578894 -10.225266412756554 -34.94246260209328 87.30309174240931 15.733240211648889 -81.2927026340455 32.24908920738234 3.309174807687204 71.85547551962219 144.47068607625263 6.241702362017483 117.50198362509252 2.0906753254884274 81.83150079117802 46.184487651773715 147.57710942566754 88.19560465760095 792.6364943204948 -52.60230201319446 -891.425372643554 -56.59498178159568 -770.9743068925143 -505.5471345853631 968.7348747024603 -697.8555492912725 0.0 299.8363647738887; 585.7611712801566 -234.76586303170768 -552.2287433613297 162.91696085237322 -1143.5179197130492 -288.76146915058973 985.7264136744429 -267.69326198563544 28.973796603824223 100.2155694301106 -252.36117000709726 -46.43976240784166 234.17079449066415 -93.09924682250835 -9.774350590718104 -208.17314918686805 -415.07956824986513 -18.351268777640154 -339.5203787581091 -6.38135222185757 -235.04307488161285 -133.2578783069238 -424.40632114207386 -255.63081383385264 -2282.6851348885675 149.96969473227938 2569.386783485823 164.42560490260544 2218.7002018866015 1456.8598386801443 -2790.5693756375995 2011.9261191854516 0.0 -863.7799915435721; -189.279099250908 77.21481444451007 175.9109033794687 -54.07571647128212 371.7265987714371 92.3299627578894 -267.69326198563556 239.59145679562155 -9.722085545189078 -32.54580831203132 80.28534567544396 13.949530860273853 -75.16552562179614 29.72259285550334 2.9215879525656896 65.82833651427919 134.18852819306628 5.571594438564242 108.12137534619048 1.7411742367354899 76.03413010146122 42.599089220543846 136.863154486205 80.73484843409018 733.471846511193 -49.66009598251384 -823.4394318427202 -51.42316278060924 -714.4954167114392 -467.1780832461322 895.9523432055821 -644.3096023738283 0.0 277.2430479582883; 20.36570868168105 -7.8288585469305705 -19.699044297531092 5.355523635629853 -39.08388987846819 -10.225266412756557 28.97379660382423 -9.722085545189074 155.6957864454697 3.541788768931711 -8.96796817513466 -2.100012393169175 8.67806260216881 -3.240118781774836 -0.7357891165988039 -7.604077294108616 -14.355322375128612 -0.835002436661871 -12.096314307117837 -0.3590839715686385 -8.373085667498374 -4.701501903905438 -14.69455143586162 -9.304446011940243 -89.17325337732913 7.444671297845285 98.21805140719133 4.972634750197452 88.05891654737938 55.92937489945928 -108.1279980474601 76.4849258052717 0.0 -33.16996901576428; 70.59307354977368 -28.118855096293828 -66.91459930339818 19.43712784240557 -137.56504925987616 -34.942462602093265 100.2155694301106 -32.545808312031326 3.5417887689317085 167.14276264741238 -30.608542221011525 -5.669130552081226 28.16975943308255 -11.29050698640241 -1.1119762984481685 -25.26995505217415 -50.03294269832858 -2.227009883469293 -41.15064681699226 -0.7939125099517558 -28.252628959546765 -16.131939142113726 -51.22026549811528 -31.06055749677676 -273.02100167852757 17.12621228825183 308.45480764173817 20.42601772647389 264.5827444690078 174.76069287653266 -334.1916488191876 241.7710553820054 0.0 -103.55847716145155; -178.27270631899597 72.22588629594594 166.57456597362258 -50.41481833281894 349.24600690566484 87.30309174240932 -252.36117000709737 80.28534567544398 -8.967968175134667 -30.60854222101152 231.1821980786438 13.556584204280115 -71.02960541356626 28.11674762510991 2.8945153342468077 62.53286097445775 126.3498601068602 5.39399561623478 102.39619776767287 1.7656043925912037 71.61490755466113 40.28213759839144 128.98099580839113 76.71430381682552 695.4147865442584 -47.887865218570084 -779.5196049643542 -47.953630981889084 -678.2993981582827 -442.37409623418745 849.0726488492165 -609.6492114636247 0.0 262.5303705990573; -33.00017867800664 14.02778300108903 29.711399736202694 -9.99198939369089 65.83999794380044 15.733240211648893 -46.43976240784172 13.949530860273857 -2.10001239316917 -5.669130552081229 13.556584204280115 156.9368621520961 -12.58896897094073 5.094758006662849 0.15531204794455794 10.866278837872652 23.4682189311601 0.7407175964761756 18.263991351441938 0.12622893702796387 13.125186631292882 7.269191640775701 23.84505894365352 13.330227837897079 119.52850473351421 -7.240977660232266 -135.3142840574512 -9.144309815338113 -115.75545595520616 -76.65339667375252 146.5056469584758 -106.08747145903173 0.0 45.542351894866094; 165.16753128506713 -66.48804411483141 -155.34830041840405 46.18575731897003 -323.1067905954147 -81.29270263404554 234.1707944906643 -75.16552562179616 8.678062602168797 28.169759433082547 -71.02960541356632 -12.588968970940725 220.5287301515679 -26.279107301862553 -2.273964475693556 -58.373846112278656 -117.13442311475677 -4.962710744836013 -95.52795899960452 -1.6584673046960483 -66.01464112476872 -37.53583090788415 -119.78061661155759 -71.74179489537993 -630.7688242005693 38.73514973305213 713.7698891965955 47.96074168768041 610.5430743294671 404.2864026014811 -772.5590083876214 559.6934059151237 0.0 -239.62147954194782; -65.74389629430785 26.550927556055033 61.570373585653485 -18.50855757933416 128.63821472039254 32.24908920738233 -93.09924682250833 29.72259285550333 -3.240118781774836 -11.290506986402407 28.116747625109895 5.094758006662846 -26.279107301862524 165.4944552046546 1.1269118346546698 23.15281801912777 46.58348782836947 2.0257431705108506 37.84774395300341 0.6787436683325987 26.434111844731007 14.878077803988674 47.56585326402949 28.40160636982821 257.9074241979213 -17.943645500782868 -288.8510065631692 -17.616923494145855 -251.71728787014584 -163.9484400130494 314.79056264605856 -225.85679112927562 0.0 97.29162336797056; -6.916626261759276 2.9882882502338064 6.241615449547147 -2.108384812630221 13.985622163826328 3.30917480768721 -9.774350590718155 2.9215879525656896 -0.7357891165987973 -1.1119762984481714 2.894515334246808 0.1553120479445575 -2.2739644756935684 1.12691183465467 154.85459792188595 2.216330699553661 4.971972184566254 0.0511462920703767 3.8548766037255633 -0.033863876794042694 2.5675935958742357 1.545035188173058 5.096465548123654 2.763771452240135 17.451678605393976 0.6080464916797832 -22.048122420582498 -2.8711499727739933 -15.392522642678344 -12.231055400277445 22.301050932088618 -17.74456520885296 0.0 7.217274364913722; -147.152622174197 59.93493327527162 136.95161684852886 -41.933448429636755 288.85059016669015 71.85547551962217 -208.17314918686813 65.82833651427919 -7.604077294108616 -25.269955052174158 62.53286097445771 10.866278837872649 -58.37384611227861 23.15281801912778 2.216330699553662 206.38917982757212 104.33013858186594 4.331582593462984 84.18557777807929 1.3625388701601704 59.05703281442709 33.158580474748895 106.44675819107754 62.90190552954602 569.885244277746 -38.84104369192991 -639.3451222810193 -39.66231229838914 -555.5294815623071 -362.7711801390582 696.0396212837419 -500.1243914324865 0.0 215.3178045646896; -292.6104622057052 116.95662957766818 276.4396036705785 -81.05192575451005 570.6950097579263 144.47068607625258 -415.0795682498651 134.18852819306625 -14.355322375128612 -50.03294269832859 126.34986010686022 23.468218931160088 -117.13442311475671 46.58348782836947 4.971972184566247 104.33013858186591 362.4411902202623 9.261789480362014 169.9660486836413 3.2686761560700237 117.41521283760606 66.67097918470134 212.05901871838407 128.13111636061672 1142.3649453370645 -75.04697225735676 -1285.862915174082 -82.29224711478389 -1110.315486361129 -729.0809057611862 1396.5279937447508 -1006.881969869529 0.0 432.2367721971129; -13.021672162234573 5.4935979907629 11.809365746615827 -3.8962198637038896 25.919730047290955 6.241702362017485 -18.35126877764016 5.571594438564243 -0.8350024366618684 -2.2270098834692957 5.393995616234777 0.7407175964761743 -4.962710744836011 2.0257431705108515 0.05114629207037405 4.331582593462984 9.261789480362014 155.41182139320333 7.261323155972356 0.0568146581369629 5.165373122790082 2.885028965665029 9.424551028897271 5.320197619499553 46.77567835360807 -2.6454733609536407 -53.221486308226744 -3.7566793033181547 -45.11120476336427 -30.117792546090616 57.42946631927205 -41.783639459869015 0.0 17.879299273839095; -239.80006935766966 97.08515641891894 224.2326933818645 -67.73163308345823 469.71883748706665 117.50198362509254 -339.5203787581093 108.12137534619045 -12.09631430711784 -41.15064681699227 102.39619776767286 18.263991351441934 -95.52795899960452 37.84774395300343 3.854876603725559 84.1855777780793 169.96604868364142 7.261323155972353 292.95295112150603 2.3847683658841055 96.29790337550486 54.217226887439715 173.5344267408117 103.29907794663004 932.558071734274 -62.73713919113712 -1047.5354268812605 -65.76025393100204 -907.9915881574716 -594.2287901055323 1139.3312854994078 -819.7794435826646 0.0 352.53034657149857; -4.579338602171536 2.0822874529891204 3.8814569613253953 -1.525816215094214 9.371427888780595 2.090675325488428 -6.381352221857574 1.7411742367354905 -0.3590839715686384 -0.7939125099517561 1.7656043925912037 0.1262289370279637 -1.658467304696049 0.6787436683325991 -0.033863876794042805 1.3625388701601713 3.2686761560700246 0.05681465813696299 2.384768365884106 155.093893939895 1.8091495557920567 0.9668358716893226 3.293455660549538 1.66690490852256 15.363860657810063 -0.8975376341332222 -17.424589719292012 -1.1998485806961756 -14.875295321675809 -9.870388659226156 18.859232655671935 -13.662372563765611 0.0 5.884477071554167; -165.64959793287127 66.20712489114494 156.59740843076236 -45.84790732491637 323.17155960785806 81.83150079117803 -235.04307488161297 76.0341301014612 -8.373085667498353 -28.252628959546783 71.61490755466109 13.125186631292882 -66.01464112476874 26.43411184473102 2.567593595874209 59.057032814427096 117.41521283760613 5.165373122790089 96.2979033755048 1.8091495557920554 221.42256554827026 37.777840555929565 120.14536298991138 72.5742523628083 640.3732482499139 -40.689296233913126 -722.7129304275953 -47.39944421411313 -621.1553960978197 -409.5546863272672 783.60224281288 -566.2904084865048 0.0 242.75714692345534; -94.07495572331865 37.963185291537535 88.1955616224016 -26.441922998085438 184.06654083025435 46.18448765177369 -133.25787830692383 42.59908922054383 -4.701501903905434 -16.131939142113726 40.2821375983914 7.269191640775694 -37.535830907884126 14.878077803988674 1.5450351881730575 33.15858047474889 66.67097918470134 2.885028965665029 54.21722688743967 0.9668358716893221 37.777840555929544 176.42435467672442 68.09966995261556 40.6943644943416 366.4845167488086 -24.56451002236216 -411.80790822711435 -25.932703196779244 -356.7214223887584 -233.58480810122165 447.7837164945799 -322.3053023701881 0.0 138.55341614225708; -299.2862916446486 119.87474360540698 282.25879718660735 -83.1723617609038 584.1029568147951 147.57710942566752 -424.4063211420741 136.863154486205 -14.694551435861596 -51.22026549811528 128.9809958083911 23.845058943653505 -119.78061661155753 47.56585326402949 5.09646554812365 106.44675819107755 212.059018718384 9.424551028897271 173.53442674081163 3.293455660549537 120.14536298991139 68.09966995261557 371.9388885492597 130.7026774754561 1169.0906367089171 -77.39155621439724 -1315.109991732338 -83.66445372632637 -1136.8729657382185 -745.7665701853746 1428.8955106427752 -1029.6081222529501 0.0 442.1867337542474; -180.73013801563002 73.68222842076383 168.05759268110683 -51.5822878406706 354.8696079001496 88.19560465760097 -255.63081383385276 80.73484843409018 -9.304446011940247 -31.060557496776774 76.7143038168255 13.330227837897075 -71.7417948953799 28.401606369828215 2.763771452240138 62.90190552954602 128.13111636061672 5.320197619499554 103.29907794663004 1.6669049085225598 72.57425236280827 40.694364494341606 130.7026774754561 232.2671036621527 700.1175737117901 -47.4811292870534 -785.8482337945061 -48.98872758711103 -682.1400653991029 -445.86236085780376 855.1875200204317 -614.8460638574845 0.0 264.60589647519794; -1609.8399220562014 647.8619541470646 1515.0273495491272 -449.36011847717816 3148.6590866622064 792.636494320495 -2282.6851348885684 733.471846511193 -89.17325337732895 -273.02100167852785 695.4147865442583 119.5285047335142 -630.7688242005689 257.9074241979214 17.451678605393433 569.8852442777462 1142.3649453370645 46.775678353608086 932.5580717342741 15.363860657810061 640.3732482499141 366.48451674880874 1169.0906367089176 700.1175737117901 6625.064829462395 -663.7606262370214 -6918.135401969004 -223.2779984383444 -6571.993918620778 -3959.936641739199 7802.166567929347 -5323.021980697004 0.0 2380.2326933639374; 105.45147047404616 -41.46265924497225 -101.11398999711486 28.14769689922879 -204.2103935729836 -52.60230201319448 149.96969473227944 -49.66009598251382 7.444671297845315 17.12621228825182 -47.88786521857009 -7.24097766023227 38.7351497330522 -17.943645500782868 0.6080464916797729 -38.84104369192991 -75.0469722573567 -2.6454733609536394 -62.737139191137096 -0.897537634133223 -40.68929623391314 -24.564510022362164 -77.39155621439727 -47.48112928705343 -663.7606262370218 389.9980289586414 458.3642104948076 -144.7072836630839 866.1287417601449 289.70537086631504 -723.3325648225405 285.97835421617015 0.0 -188.21418017459078; 1812.4580316005454 -730.8608607714517 -1703.01046936479 507.809978018095 -3548.1102203451396 -891.4253726435539 2569.3867834858274 -823.43943184272 98.21805140719077 308.4548076417388 -779.5196049643538 -135.31428405745112 713.7698891965963 -288.85100656316905 -22.04812242058269 -639.3451222810189 -1285.8629151740824 -53.22148630822692 -1047.5354268812598 -17.42458971929201 -722.712930427596 -411.8079082271144 -1315.1099917323388 -785.8482337945057 -6918.135401969014 458.3642104948068 7931.154660257375 491.24211391732496 6738.374619850646 4409.796362555797 -8458.959379194543 6083.496358561252 0.0 -2631.045642019954; 116.2385682754226 -47.726266961140006 -107.62489324474556 33.68509883998931 -229.39877303895838 -56.5949817815956 164.42560490260544 -51.42316278060925 4.97263475019748 20.42601772647389 -47.95363098188909 -9.144309815338096 47.9607416876803 -17.61692349414587 -2.8711499727738796 -39.66231229838913 -82.29224711478366 -3.7566793033181423 -65.76025393100198 -1.1998485806961732 -47.39944421411304 -25.93270319677921 -83.66445372632631 -48.98872758711097 -223.27799843834262 -144.7072836630837 491.24211391732143 331.1839070552785 34.1775253961826 253.71384116869825 -346.81378460987673 444.90978934981945 0.0 -139.392040367793; 1564.4384308713109 -628.4894340763764 -1474.242523869568 435.29134804772593 -3057.371738107629 -770.9743068925142 2218.7002018866024 -714.4954167114392 88.05891654737925 264.58274446900805 -678.2993981582823 -115.75545595520613 610.543074329467 -251.71728787014584 -15.39252264267822 -555.5294815623073 -1110.3154863611294 -45.11120476336431 -907.9915881574711 -14.875295321675814 -621.1553960978199 -356.7214223887584 -1136.8729657382178 -682.1400653991027 -6571.993918620779 866.128741760144 6738.374619850646 34.177525396184635 7050.900836131051 3888.497829958161 -7836.287292948266 5108.24931082046 0.0 -2350.5230599752736; 1027.6153230372659 -414.18376792884067 -965.924077424444 287.6707864313183 -2011.2845265982012 -505.54713458536304 1456.8598386801443 -467.17808324613225 55.92937489945934 174.76069287653246 -442.37409623418773 -76.65339667375234 404.28640260148006 -163.9484400130495 -12.231055400277182 -362.77118013905823 -729.0809057611863 -30.117792546090573 -594.2287901055322 -9.870388659226148 -409.5546863272664 -233.58480810122157 -745.7665701853746 -445.86236085780376 -3959.936641739192 289.7053708663153 4409.796362555784 253.71384116869802 3888.497829958155 2660.1750281896157 -4829.266865057783 3439.5526989218647 0.0 -1496.4452990797022; -1968.1919193960875 792.5306876080671 1851.3429271629025 -550.0083870058135 3850.4427824840213 968.7348747024607 -2790.5693756376036 895.9523432055825 -108.1279980474598 -334.19164881918823 849.0726488492165 146.50564695847578 -772.5590083876224 314.79056264605856 22.301050932088614 696.0396212837423 1396.5279937447524 57.4294663192722 1139.331285499408 18.85923265567193 783.6022428128803 447.7837164945804 1428.895510642776 855.187520020432 7802.166567929353 -723.3325648225398 -8458.95937919454 -346.81378460987935 -7836.287292948263 -4829.2668650577925 9599.374909285369 -6539.509952311266 0.0 2895.32364676645; 1419.2979248916902 -572.652082296302 -1333.0208667905445 398.07691214838974 -2779.2239737036316 -697.8555492912722 2011.9261191854528 -644.3096023738282 76.48492580527167 241.7710553820051 -609.6492114636246 -106.08747145903172 559.6934059151229 -225.85679112927573 -17.74456520885286 -500.12439143248633 -1006.8819698695293 -41.78363945986897 -819.7794435826644 -13.662372563765606 -566.2904084865045 -322.3053023701882 -1029.6081222529492 -614.8460638574845 -5323.021980696994 285.9783542161702 6083.496358561227 444.90978934981905 5108.249310820455 3439.5526989218683 -6539.509952311262 4939.724345251014 0.0 -2047.8038265034595; 0.0 0.0 0.0 0.0 0.0 0.0 0.0 0.0 0.0 0.0 0.0 0.0 0.0 0.0 0.0 0.0 0.0 0.0 0.0 0.0 0.0 0.0 0.0 0.0 0.0 0.0 0.0 0.0 0.0 0.0 0.0 0.0 155.11390926152419 0.0; -609.2286878214734 245.36181909113918 572.9783092774933 -170.3373477844596 1192.0178790277027 299.8363647738888 -863.779991543573 277.24304795828846 -33.169969015764245 -103.55847716145172 262.53037059905733 45.54235189486613 -239.6214795419481 97.29162336797062 7.217274364913573 215.31780456468982 432.2367721971132 17.8792992738391 352.5303465714985 5.8844770715541665 242.75714692345554 138.5534161422571 442.1867337542478 264.6058964751979 2380.2326933639406 -188.21418017459106 -2631.0456420199507 -139.3920403677938 -2350.5230599752754 -1496.4452990797054 2895.3236467664483 -2047.803826503466 0.0 890.7275142546293]
 * x: [-1.0670403851742232, -0.1179376013467102, 0.9981021427976177, 0.12344034541035426, 0.4213259988193144, 0.6644660521897807, -0.9300041049594135, 1.07665006449539, -0.21649946707333706, -1.149071326938146, 0.9816902966930571, 0.6049346426778726, -0.6624587580397598, 0.6032819356718657, -0.5068915830361527, 1.165238648903665, -0.4098987748861287, -0.5843138073199883, -0.09892042465052964, -0.20979162416459532, -0.008391618213939347, -0.43600201826903606, 0.005473606568395319, -0.5442831467860296, -0.15214136064594597, 0.06833732703098282, 0.08495135741476392, -0.04684267593489156, 0.21201373430538092, 0.05703861129733677, -0.15802473380014506, 0.04537687998727272, 0.0, 0.0015885116746666064]
bfgs   19   loss 3.314391e-08
n     Energy            log10(ΔE)   log10(Δρ)   Diag   Δtime 
---   ---------------   ---------   ---------   ----   ------
  1   -7.860343159245                   -2.72    1.0    397ms
  2   -7.860345541262       -5.62       -3.38    1.0    481ms
  3   -7.860345713746       -6.76       -3.97    2.3    557ms
  4   -7.860345726239       -7.90       -4.40    2.1    603ms
  5   -7.860345726838       -9.22       -5.08    1.4    493ms
  6   -7.860345726890      -10.28       -5.50    2.0    573ms
  7   -7.860345726893      -11.49       -6.16    1.2    427ms
  8   -7.860345726893      -12.71       -7.31    2.2    585ms
  9   -7.860345726893      -13.91       -7.55    3.2    611ms
 10   -7.860345726893      -15.05       -8.20    1.1    456ms
 11   -7.860345726893   +  -15.05       -9.05    2.0    565ms
 12   -7.860345726893   +    -Inf       -9.29    2.3    532ms
 13   -7.860345726893   +  -15.05       -9.90    1.1    507ms
 14   -7.860345726893      -15.05      -10.49    1.9    535ms
n     Energy            log10(ΔE)   log10(Δρ)   Diag   Δtime 
---   ---------------   ---------   ---------   ----   ------
  1   -7.887887966843                   -2.76    1.0    703ms
  2   -7.887890261251       -5.64       -3.51    1.0    825ms
  3   -7.887890420382       -6.80       -4.11    2.3    934ms
  4   -7.887890423799       -8.47       -4.90    1.9    1.01s
  5   -7.887890424026       -9.64       -5.74    2.3    1.07s
  6   -7.887890424030      -11.36       -5.98    2.6    1.01s
  7   -7.887890424031      -12.25       -6.59    1.2    858ms
  8   -7.887890424031      -13.43       -7.68    1.9    940ms
  9   -7.887890424031   +  -15.05       -7.85    2.9    1.10s
 10   -7.887890424031      -14.75       -8.72    1.3    912ms
 11   -7.887890424031   +  -15.05       -9.19    2.0    884ms
 12   -7.887890424031   +  -14.57       -9.78    1.5    929ms
 13   -7.887890424031      -14.57      -10.31    1.8    991ms
n     Energy            log10(ΔE)   log10(Δρ)   Diag   Δtime 
---   ---------------   ---------   ---------   ----   ------
  1   -7.876157240430                   -2.81    1.0    777ms
  2   -7.876159253249       -5.70       -3.56    1.0    836ms
  3   -7.876159396165       -6.84       -4.12    2.1    948ms
  4   -7.876159399017       -8.54       -5.04    1.9    989ms
  5   -7.876159399159       -9.85       -5.88    2.6    1.07s
  6   -7.876159399161      -11.68       -6.47    2.3    1.06s
  7   -7.876159399161      -12.95       -7.19    2.0    1.01s
  8   -7.876159399161      -14.57       -7.90    2.1    962ms
  9   -7.876159399161   +    -Inf       -8.40    2.0    1.04s
 10   -7.876159399161      -14.45       -9.27    1.9    958ms
 11   -7.876159399161   +  -14.45      -10.14    2.5    1.04s
n     Energy            log10(ΔE)   log10(Δρ)   Diag   Δtime 
---   ---------------   ---------   ---------   ----   ------
  1   -7.860345726893                  -11.03    1.0    401ms
n     Energy            log10(ΔE)   log10(Δρ)   Diag   Δtime 
---   ---------------   ---------   ---------   ----   ------
  1   -7.887890424031                  -11.56    1.0    735ms
n     Energy            log10(ΔE)   log10(Δρ)   Diag   Δtime 
---   ---------------   ---------   ---------   ----   ------
  1   -7.876159399161                  -10.91    1.0    786ms
n     Energy            log10(ΔE)   log10(Δρ)   Diag   Δtime 
---   ---------------   ---------   ---------   ----   ------
  1   -7.860345726893                  -11.46    1.0    387ms
n     Energy            log10(ΔE)   log10(Δρ)   Diag   Δtime 
---   ---------------   ---------   ---------   ----   ------
  1   -7.887890424031                  -11.94    1.0    784ms
n     Energy            log10(ΔE)   log10(Δρ)   Diag   Δtime 
---   ---------------   ---------   ---------   ----   ------
  1   -7.876159399161                  -11.42    1.0    679ms
n     Energy            log10(ΔE)   log10(Δρ)   Diag   Δtime 
---   ---------------   ---------   ---------   ----   ------
  1   -7.860345726893                  -11.90    1.0    366ms
n     Energy            log10(ΔE)   log10(Δρ)   Diag   Δtime 
---   ---------------   ---------   ---------   ----   ------
  1   -7.887890424031                  -12.22    1.0    703ms
n     Energy            log10(ΔE)   log10(Δρ)   Diag   Δtime 
---   ---------------   ---------   ---------   ----   ------
  1   -7.876159399161                  -11.82    1.0    809ms
    20     2.533941e-08     1.312726e-06
 * Current step size: 1.0
 * time: 1168.6118450164795
 * g(x): [1.3038141716507884e-8, -7.780101932478397e-9, -1.0119893355317515e-8, 4.466385448041662e-9, -3.192266159889253e-8, -5.701552702199971e-9, 1.9597632208904242e-8, -4.189414606468775e-9, 4.090927452688104e-8, -4.397118914639416e-9, -4.5388175573279246e-8, 1.9497024736740705e-8, -4.3292799220655333e-8, -2.2722188904426305e-8, 4.392765516820313e-8, -2.3376202071955302e-8, -1.528073007758158e-8, 9.943515130415885e-9, -2.0311077926992742e-8, 5.107457748450128e-9, 1.837380843153509e-8, -8.602075164534265e-9, -2.3478202883139052e-8, -1.3183303169527325e-8, 1.5331916015582235e-7, 1.8311159435651282e-7, -5.133464485786515e-7, -2.3293077551837004e-7, 1.2187998295574716e-7, -2.549654405836984e-7, 2.651743148679854e-7, -5.013599786989182e-7, 0.0, -1.3127255355394746e-6]
 * ~inv(H): [3719.370220281955 -1447.0687951498737 -3329.060222923037 1010.6330045577157 -6993.219735198278 -1745.3546680067489 5046.413958116135 -1603.1170624136269 170.86856035919254 614.0447988227827 -1505.307654438965 -274.5283772698633 1434.3718429078976 -554.9419657400639 -67.91525976259241 -1240.8020969220634 -2525.564702584931 -109.98781311751367 -2041.3452243158758 -36.054874437205285 -1438.3451215386622 -803.2539909696924 -2575.6461582148277 -1528.2810121104249 -13399.397218209444 555.6206971896379 15580.603958272663 1295.7701183778927 12646.24328151171 8782.747379810597 -16530.65954508766 12326.940140104718 0.0 -5178.903617607339; -1447.0687951498735 741.5139143774506 1353.640923704308 -409.1438856533489 2837.4009678871657 709.4001458931433 -2049.391347602795 652.5039920250389 -69.12271037320926 -249.15048282160225 612.1815763773878 112.27432914843969 -582.6812291829075 225.60715058466303 27.722976959734915 504.91760068463634 1025.320136241863 44.926355764192 830.0710749984752 14.88807077216003 583.8571857477676 326.494644175523 1045.9363317786538 621.9883118112416 5443.631426389288 -225.28430657896942 -6330.356334674871 -526.7918936901405 -5137.300445773083 -3568.2988720088033 6715.991243564944 -5008.475326280041 0.0 2103.9874297330875; -3329.0602229230367 1353.6409237043079 3260.624925601954 -946.1390525852145 6535.1234482219115 1628.6872743688114 -4712.326926645305 1494.2356535391027 -159.92967265661997 -573.8423938986115 1403.986254310275 254.98272062075813 -1339.2819463449396 517.7162469397584 63.28440166322644 1156.7612234333262 2358.9746812478293 102.26854599599457 1904.1900920224891 33.233675634997574 1343.716436146717 749.5284225539971 2405.1970732851205 1424.5944443352316 12510.806735399805 -519.6220745498383 -14546.33364770781 -1209.1769258541244 -11808.106195660372 -8199.926066084257 15433.868634183274 -11508.576163551485 0.0 4835.429107093989; 1010.6330045577155 -409.14388565334883 -946.1390525852144 440.4329773860215 -1980.9983749379926 -495.73759443662607 1431.5101798754406 -456.3122891786319 48.23486311991752 173.93821839408753 -427.9408143286727 -78.67174013133148 406.9982801841179 -157.6875986509662 -19.36601420872528 -353.0515038629257 -716.0753019198869 -31.457521729407244 -580.202165214768 -10.478819151208047 -407.6945980927417 -228.16628978615938 -730.5856292800574 -434.9478604079664 -3801.920958731071 156.95138055392502 4421.746419260209 368.2646306542325 3587.6523335655816 2492.381112989013 -4690.781711067217 3498.4979395928417 0.0 -1469.540613798357; -6993.219735198278 2837.4009678871653 6535.1234482219115 -1980.9983749379926 13873.131924649122 3425.7594473404483 -9902.20940654924 3148.07402053429 -334.71508319658756 -1204.5772651842578 2955.1166532369675 540.0768802758952 -2815.0355794034426 1089.2776822545397 133.6277100637921 2436.4088739481417 4955.170635304688 216.29447226288087 4007.3050798696117 71.17720484298088 2822.015690918907 1576.624498168797 5053.873804759239 3001.0313716089236 26297.478503257233 -1089.271101952247 -30580.04103655762 -2544.186083354387 -24818.06571158876 -17237.63695778545 32443.42275713585 -24194.42956473606 0.0 10164.202612203171; -1745.3546680067489 709.4001458931433 1628.6872743688116 -495.7375944366261 3425.7594473404483 1009.206145513535 -2470.721569198728 783.8228440077656 -83.7943291823054 -300.81158173417344 736.3514956125512 133.88503191336912 -702.2279173346152 271.50907005680705 33.20628643280672 606.7640169736419 1236.7496807537382 53.68356569888693 998.6633379424035 17.486188552054795 704.4473630913628 393.06052670667805 1261.0584069487502 747.276287716744 6559.809523934909 -272.2954851922426 -7627.310881792872 -634.1456834078826 -6191.234546808859 -4299.564075694922 8092.554787757902 -6034.504426531787 0.0 2535.385066304599; 5046.413958116134 -2049.391347602795 -4712.326926645305 1431.5101798754406 -9902.209406549238 -2470.721569198728 7299.717014766079 -2268.8871604658257 241.96973649313534 869.4912375294377 -2130.6987775874777 -388.3245176383233 2030.7842055152219 -785.5255201491707 -96.16243896426562 -1756.1740404978239 -3575.8049115429376 -155.613271945155 -2889.5226623638837 -50.93378234784786 -2036.577464273728 -1137.0723632342058 -3646.5488085481165 -2163.0059445497604 -18970.809975598902 786.7865445631593 22058.844142457976 1834.4762126009277 17904.466614902227 12434.552170734112 -23403.907220295478 17452.380487218314 0.0 -7332.288975675217; -1603.1170624136269 652.5039920250389 1494.235653539103 -456.3122891786319 3148.07402053429 783.8228440077656 -2268.887160465826 873.6833777944995 -77.13650200694964 -276.4312133018309 675.4678826101131 122.32070095262486 -644.7711962805336 249.11976468149487 30.411927072592967 556.3534232501996 1135.992808970425 49.095155932101804 916.1907171216927 15.860086400643608 647.1491276953553 360.70956884970565 1158.0778573587445 685.1147061042442 6023.1276868358755 -250.5485132067388 -7002.586008465699 -581.8062589754188 -5685.13745662237 -3947.5145857641965 7430.168057121494 -5540.139393937132 0.0 2327.8933316850494; 170.86856035919257 -69.12271037320929 -159.92967265661997 48.23486311991754 -334.71508319658756 -83.79432918230542 241.96973649313534 -77.13650200694964 162.83168457592393 29.527504413579493 -72.25342058408663 -13.639539762512317 69.37761936103466 -26.56447374595919 -3.707813271901426 -59.767746027496344 -120.99232007335213 -5.475340430607794 -98.04251288817625 -1.861067327568098 -69.21217658564376 -38.54076453618097 -123.374222712311 -73.56629257556686 -652.3516278278752 28.428657156968864 756.7478490623017 61.87107178755652 616.7297437915798 426.7766973612042 -803.9713733704789 598.4249613084266 0.0 -251.63199965654556; 614.0447988227826 -249.15048282160225 -573.8423938986115 173.93821839408753 -1204.577265184258 -300.81158173417344 869.4912375294377 -276.4312133018309 29.52750441357949 260.84391419119106 -259.5145653769778 -47.318692447004274 246.99739766267996 -95.67751259737489 -11.596175010950988 -213.91338472542128 -435.11586329011976 -18.94349623128648 -351.888054534857 -6.222704894733709 -247.69861346888322 -138.44996317861862 -443.80675466072086 -263.50665699035085 -2306.0893523935338 95.06765076423414 2682.223845418576 223.50119283105403 2176.019745457782 1511.872745533123 -2845.316038074203 2122.223594625878 0.0 -891.4801449967284; -1505.307654438965 612.1815763773878 1403.9862543102752 -427.94081432867273 2955.1166532369675 736.3514956125513 -2130.698777587478 675.4678826101131 -72.25342058408664 -259.5145653769778 789.841010825916 115.27342578532749 -605.6480839234333 234.0514796567102 28.68579727273071 522.9550115634515 1066.6492765000933 46.24362186715485 860.8718176101776 15.017921827906159 607.6552655622731 338.8679424152637 1087.5049435468493 644.0064216026183 5660.287065246607 -236.54157983701873 -6579.1078016349875 -545.6652420816077 -5343.879276891934 -3708.9439038058877 6982.049782766047 -5204.705527284263 0.0 2187.238228837109; -274.52837726986337 112.27432914843969 254.98272062075813 -78.67174013133149 540.0768802758952 133.88503191336912 -388.32451763832336 122.32070095262486 -13.639539762512312 -47.318692447004274 115.27342578532748 175.44812533513524 -109.85848286221135 42.5920885849095 4.825479297582763 94.69349293277547 194.61085469170027 8.171776330278762 156.34921006366326 2.538740064335198 110.664593303754 61.62594510283876 198.31704575561704 116.61977899205819 1023.1145417459513 -41.78749801429723 -1190.4740590879624 -99.50001588706256 -965.1566972021291 -670.9961238130143 1262.5981712729388 -942.0052806651307 0.0 395.76092823526153; 1434.3718429078979 -582.6812291829075 -1339.2819463449398 406.998280184118 -2815.035579403443 -702.2279173346154 2030.7842055152223 -644.7711962805337 69.37761936103466 246.99739766268 -605.6480839234334 -109.85848286221136 731.5716299945791 -223.3691987372329 -26.74658780108225 -498.95577427271525 -1016.4776851875735 -44.001209805444624 -821.2598262370118 -14.337410703975802 -578.5075322836358 -323.2100026943799 -1036.654637515368 -614.6286837790728 -5378.871749736172 220.87482326194885 6257.377297951979 522.1105577657174 5074.734556746762 3526.9429605222094 -6637.087362178439 4951.17949927683 0.0 -2079.7256881453113; -554.9419657400638 225.607150584663 517.7162469397584 -157.6875986509662 1089.2776822545397 271.50907005680705 -785.5255201491707 249.11976468149484 -26.564473745959187 -95.67751259737489 234.05147965671017 42.59208858490949 -223.36919873723284 241.4063054172837 10.640482623134552 192.87603552281846 393.2147646592175 17.08548023891312 317.4427979208846 5.56395192609379 224.04564716196327 124.94569895952236 400.9123899250346 237.51857738061187 2088.169839573208 -87.43742748818944 -2426.908588504951 -201.14977989445782 -1971.5780299063686 -1368.1835680365614 2575.686445126215 -1919.878285530116 0.0 806.8377302275878; -67.91525976259244 27.722976959734925 63.284401663226454 -19.366014208725307 133.62771006379222 33.20628643280673 -96.16243896426566 30.411927072592967 -3.70781327190142 -11.596175010950992 28.68579727273071 4.825479297582763 -26.74658780108226 10.640482623134554 155.96876782371905 23.46239734639815 48.20157341347316 1.9175028811571473 38.83255949828431 0.5768132017865595 27.138585954613227 15.306653078355268 49.20058346275422 28.95604675661289 245.51874844177027 -8.689307176142378 -287.4446910557638 -25.062931434326295 -230.55916357636784 -161.81087476940888 303.7774167808617 -227.7436107122883 0.0 95.42213104045682; -1240.8020969220634 504.91760068463634 1156.7612234333262 -353.0515038629257 2436.4088739481417 606.7640169736419 -1756.1740404978239 556.3534232501996 -59.767746027496344 -213.91338472542128 522.9550115634515 94.69349293277547 -498.9557742727152 192.87603552281846 23.46239734639815 585.8476701260832 879.2602156756305 37.99551096022557 709.282986766042 12.284371043747495 500.8150797729472 279.23693442115376 896.4010205509575 530.4395645906314 4661.566640382882 -194.3978497827239 -5418.805531166762 -449.7519682512166 -4400.666744437319 -3054.7752008545967 5750.35438541234 -4286.88989679428 0.0 1801.4927759718632; -2525.564702584931 1025.320136241863 2358.9746812478293 -716.0753019198869 4955.1706353046875 1236.7496807537382 -3575.8049115429376 1135.992808970425 -120.99232007335213 -435.11586329011976 1066.6492765000933 194.61085469170027 -1016.4776851875733 393.2147646592175 48.201573413473156 879.2602156756305 1944.6675532182367 77.97121687474349 1446.4938360755993 25.571464413623495 1019.2289578223763 569.1774929174177 1825.0380460098047 1082.9672935876831 9496.226647381925 -393.9650276738589 -11041.817855727051 -918.1539525672911 -8962.591628887907 -6224.271351341716 11715.247583519114 -8735.943656319918 0.0 3670.244702685102; -109.98781311751367 44.926355764191996 102.26854599599457 -31.45752172940725 216.2944722628809 53.68356569888694 -155.613271945155 49.095155932101804 -5.475340430607791 -18.943496231286485 46.24362186715484 8.17177633027876 -44.00120980544462 17.08548023891312 1.9175028811571446 37.99551096022557 77.97121687474349 158.39380036212484 62.711926106095774 1.025546203682307 44.31619141786429 24.712012761552963 79.47503193512172 46.8017173896605 409.5197983659518 -16.590000999604182 -476.69296635962036 -39.949295997763436 -386.2047331745222 -268.65943549991044 505.4542934026522 -377.23262599233954 0.0 158.44927127709093; -2041.3452243158758 830.0710749984753 1904.1900920224894 -580.2021652147681 4007.305079869612 998.6633379424036 -2889.5226623638837 916.1907171216927 -98.04251288817626 -351.8880545348571 860.8718176101776 156.3492100636633 -821.2598262370118 317.44279792088463 38.83255949828431 709.282986766042 1446.4938360755996 62.71192610609578 1322.6950265305954 20.3765032307325 823.9766512928612 459.5873551972421 1474.8218060841905 873.4971148104321 7672.653692696498 -319.1622926633365 -8920.295961881358 -741.0949401271483 -7242.206606838324 -5028.544588392963 9465.070469448498 -7057.286522315151 0.0 2965.32554153514; -36.054874437205285 14.88807077216003 33.23367563499758 -10.478819151208048 71.1772048429809 17.4861885520548 -50.93378234784786 15.860086400643608 -1.861067327568098 -6.222704894733709 15.017921827906159 2.5387400643351974 -14.337410703975802 5.56395192609379 0.5768132017865594 12.284371043747496 25.571464413623495 1.025546203682307 20.3765032307325 155.40824414277077 14.52230774536258 8.049446929941018 26.02905196058518 15.124054681346482 133.1219397758693 -5.381438338251339 -154.96562609476976 -12.994740925880185 -125.54726010931832 -87.34067818436152 164.31902155125584 -122.63304265764816 0.0 51.5320809991336; -1438.3451215386622 583.8571857477676 1343.716436146717 -407.69459809274184 2822.015690918907 704.447363091363 -2036.5774642737283 647.1491276953553 -69.21217658564375 -247.69861346888325 607.6552655622731 110.66459330375402 -578.5075322836358 224.0456471619633 27.138585954613202 500.81507977294723 1019.2289578223764 44.316191417864296 823.9766512928612 14.52230774536258 735.3550710408944 324.22180873559455 1039.5220717940842 616.9039570500848 5401.601574933132 -223.05770380254154 -6282.086152321407 -523.1520760970271 -5097.318429140698 -3541.049548097259 6664.450523041076 -4970.386166903215 0.0 2088.038910652899; -803.2539909696924 326.49464417552304 749.5284225539971 -228.1662897861594 1576.624498168797 393.06052670667805 -1137.0723632342058 360.70956884970565 -38.54076453618097 -138.44996317861862 338.8679424152637 61.625945102838756 -323.21000269437985 124.94569895952237 15.306653078355268 279.23693442115376 569.1774929174177 24.712012761552966 459.58735519724206 8.049446929941018 324.2218087355945 336.0022782316973 580.3566053815354 343.895132470497 3019.710742855663 -125.57093908958579 -3510.800955066952 -291.707708226579 -2850.260983030839 -1979.0961692553817 3725.1699259542766 -2777.577030773209 0.0 1167.0538889115842; -2575.6461582148277 1045.9363317786538 2405.197073285121 -730.5856292800574 5053.87380475924 1261.0584069487502 -3646.548808548117 1158.0778573587445 -123.37422271231098 -443.80675466072086 1087.5049435468493 198.31704575561704 -1036.6546375153678 400.91238992503463 49.20058346275422 896.4010205509576 1825.0380460098047 79.47503193512172 1474.8218060841903 26.02905196058518 1039.5220717940842 580.3566053815354 2016.2507341571265 1104.0439706717993 9685.411468056267 -402.2091421579686 -11261.276797925317 -936.1029396713938 -9141.44749598008 -6348.05006114485 11948.404479710991 -8909.495913712874 0.0 3743.264869723108; -1528.2810121104249 621.9883118112416 1424.5944443352316 -434.9478604079664 3001.0313716089236 747.276287716744 -2163.0059445497604 685.1147061042442 -73.56629257556688 -263.5066569903509 644.0064216026182 116.61977899205819 -614.6286837790728 237.51857738061187 28.95604675661289 530.4395645906314 1082.9672935876831 46.80171738966051 873.4971148104321 15.124054681346482 616.9039570500847 343.895132470497 1104.0439706717991 808.3258655460102 5741.751363763896 -239.03160149760154 -6675.1355526087755 -554.4166852621961 -5419.82725335391 -3762.9513664735496 7082.994032485694 -5280.980416786324 0.0 2219.0781314295305; -13399.397218209444 5443.631426389288 12510.806735399807 -3801.920958731072 26297.478503257236 6559.8095239349095 -18970.809975598902 6023.1276868358755 -652.351627827875 -2306.089352393534 5660.287065246607 1023.1145417459513 -5378.871749736171 2088.169839573208 245.51874844176973 4661.566640382883 9496.226647381925 409.5197983659518 7672.653692696498 133.1219397758693 5401.601574933132 3019.710742855663 9685.411468056267 5741.751363763896 50731.43598154537 -2349.1342248984906 -58424.70881648574 -4634.763844390704 -48032.214152047876 -32972.0411108286 62281.896158542986 -46127.92541702971 0.0 19475.615106437974; 555.6206971896379 -225.28430657896948 -519.6220745498383 156.95138055392505 -1089.2711019522474 -272.29548519224267 786.7865445631594 -250.5485132067388 28.428657156968892 95.06765076423414 -236.54157983701873 -41.78749801429723 220.8748232619489 -87.43742748818944 -8.689307176142389 -194.39784978272394 -393.96502767385886 -16.590000999604182 -319.1622926633364 -5.38143833825134 -223.05770380254157 -125.57093908958579 -402.20914215796864 -239.03160149760157 -2349.134224898491 449.1880737949765 2434.881316074406 29.402042589345314 2443.3904964806134 1402.213826084643 -2807.143034927486 1854.112420343272 0.0 -843.1788384172976; 15580.603958272663 -6330.356334674871 -14546.333647707812 4421.746419260211 -30580.041036557624 -7627.310881792872 22058.84414245798 -7002.586008465698 756.7478490623012 2682.2238454185763 -6579.107801634987 -1190.4740590879621 6257.377297951979 -2426.908588504951 -287.444691055764 -5418.805531166762 -11041.817855727051 -476.69296635962047 -8920.295961881358 -154.96562609476976 -6282.086152321407 -3510.8009550669517 -11261.276797925317 -6675.135552608775 -58424.70881648575 2434.8813160744053 68066.09687794549 5633.992228662086 55166.065370958124 38283.29344080864 -72076.04126774742 53720.35911069978 0.0 -22591.936816399248; 1295.7701183778925 -526.7918936901402 -1209.1769258541244 368.2646306542325 -2544.1860833543865 -634.1456834078826 1834.476212600928 -581.8062589754188 61.871071787556545 223.50119283105406 -545.6652420816077 -99.50001588706255 522.1105577657172 -201.14977989445785 -25.06293143432618 -449.7519682512166 -918.1539525672908 -39.94929599776342 -741.0949401271482 -12.994740925880183 -523.152076097027 -291.7077082265789 -936.1029396713936 -554.416685262196 -4634.763844390703 29.4020425893455 5633.992228662082 766.5282848938201 4188.437239882958 3151.3253477094577 -5793.65085638652 4516.708063102628 0.0 -1847.427208757604; 12646.24328151171 -5137.300445773083 -11808.106195660372 3587.6523335655825 -24818.065711588762 -6191.234546808859 17904.466614902227 -5685.13745662237 616.7297437915796 2176.019745457782 -5343.879276891933 -965.1566972021291 5074.734556746762 -1971.5780299063686 -230.5591635763677 -4400.666744437319 -8962.591628887907 -386.20473317452223 -7242.206606838323 -125.54726010931833 -5097.318429140698 -2850.2609830308384 -9141.447495980077 -5419.82725335391 -48032.214152047876 2443.3904964806125 55166.06537095813 4188.43723988296 46014.326292841106 31165.280147586833 -59050.27827685851 43477.04550796606 0.0 -18422.58666717275; 8782.747379810595 -3568.2988720088024 -8199.92606608426 2492.381112989013 -17237.636957785446 -4299.564075694922 12434.552170734114 -3947.5145857641965 426.77669736120424 1511.8727455331227 -3708.943903805888 -670.996123813014 3526.942960522208 -1368.1835680365616 -161.8108747694086 -3054.7752008545967 -6224.271351341716 -268.6594354999104 -5028.544588392963 -87.34067818436151 -3541.049548097258 -1979.0961692553815 -6348.05006114485 -3762.9513664735496 -32972.04111082859 1402.2138260846432 38283.29344080863 3151.3253477094577 31165.28014758683 21740.70119666671 -40663.17380504958 30273.341363056956 0.0 -12740.081224691186; -16530.65954508766 6715.991243564945 15433.868634183278 -4690.781711067219 32443.422757135857 8092.554787757904 -23403.907220295485 7430.168057121495 -803.9713733704787 -2845.316038074204 6982.049782766048 1262.5981712729388 -6637.087362178441 2575.6864451262154 303.77741678086176 5750.354385412341 11715.247583519118 505.4542934026524 9465.0704694485 164.31902155125587 6664.450523041077 3725.1699259542775 11948.404479710993 7082.994032485695 62281.896158543 -2807.1430349274856 -72076.04126774742 -5793.650856386523 -59050.27827685851 -40663.17380504959 76891.35852457503 -56937.785993428755 0.0 24010.68219679528; 12326.940140104716 -5008.4753262800405 -11508.576163551485 3498.4979395928412 -24194.429564736063 -6034.504426531787 17452.380487218314 -5540.139393937132 598.4249613084266 2122.223594625878 -5204.705527284263 -942.0052806651307 4951.179499276829 -1919.8782855301163 -227.7436107122882 -4286.88989679428 -8735.943656319918 -377.2326259923395 -7057.286522315151 -122.63304265764816 -4970.386166903214 -2777.577030773209 -8909.495913712872 -5280.980416786324 -46127.9254170297 1854.112420343272 53720.359110699756 4516.708063102628 43477.04550796606 30273.341363056963 -56937.78599342875 42675.031156653116 0.0 -17860.607565020917; 0.0 0.0 0.0 0.0 0.0 0.0 0.0 0.0 0.0 0.0 0.0 0.0 0.0 0.0 0.0 0.0 0.0 0.0 0.0 0.0 0.0 0.0 0.0 0.0 0.0 0.0 0.0 0.0 0.0 0.0 0.0 0.0 155.11390926152419 0.0; -5178.90361760734 2103.9874297330875 4835.429107093989 -1469.5406137983575 10164.202612203173 2535.3850663045996 -7332.288975675218 2327.89333168505 -251.63199965654553 -891.4801449967287 2187.238228837109 395.7609282352616 -2079.7256881453113 806.837730227588 95.42213104045668 1801.4927759718635 3670.2447026851023 158.44927127709096 2965.3255415351396 51.53208099913359 2088.0389106528996 1167.0538889115842 3743.2648697231084 2219.0781314295305 19475.615106437977 -843.1788384172978 -22591.936816399248 -1847.4272087576048 -18422.58666717275 -12740.081224691188 24010.68219679528 -17860.607565020924 0.0 7516.232056826688]
 * x: [-1.0653542919734575, -0.11863272355534427, 0.9965474041483404, 0.12393024158732169, 0.41800014766984545, 0.663648101319226, -0.9276226885751586, 1.0759079435961696, -0.216425786791269, -1.1487764592589127, 0.980992425350612, 0.6048048319992453, -0.6617686309666668, 0.6030253563509582, -0.5069319688484563, 1.1646624287078298, -0.4110926714394726, -0.5843669202802999, -0.09987200684454525, -0.2098082999890605, -0.009080028454234798, -0.43637746614848405, 0.004260482947531379, -0.5449915439899528, -0.158465468876324, 0.06851024300684334, 0.09244694614116664, -0.046137067723468136, 0.21786611039775847, 0.06125004217477882, -0.16586330966137872, 0.05134521361984898, 0.0, -0.0008854103373424926]
bfgs   20   loss 2.533941e-08
n     Energy            log10(ΔE)   log10(Δρ)   Diag   Δtime 
---   ---------------   ---------   ---------   ----   ------
  1   -7.901670918177                   -1.82    1.0    467ms
  2   -7.901813192153       -3.85       -2.51    1.0    438ms
  3   -7.901826935155       -4.86       -3.14    2.4    568ms
  4   -7.901827268066       -6.48       -4.30    1.9    569ms
  5   -7.901827283813       -7.80       -4.86    3.2    647ms
  6   -7.901827283873      -10.22       -5.51    1.9    596ms
  7   -7.901827283878      -11.29       -6.70    2.1    516ms
  8   -7.901827283878      -12.90       -7.47    3.3    660ms
  9   -7.901827283878      -14.75       -7.99    1.8    573ms
 10   -7.901827283878   +  -14.75       -8.88    1.9    532ms
 11   -7.901827283878      -15.05       -9.59    2.6    689ms
 12   -7.901827283878      -15.05      -10.13    2.0    541ms
n     Energy            log10(ΔE)   log10(Δρ)   Diag   Δtime 
---   ---------------   ---------   ---------   ----   ------
  1   -7.929267341431                   -1.87    1.0    711ms
  2   -7.929408325340       -3.85       -2.60    1.0    853ms
  3   -7.929422612281       -4.85       -3.04    2.4    953ms
  4   -7.929422997309       -6.41       -3.69    1.9    985ms
  5   -7.929423023244       -7.59       -4.31    1.9    959ms
  6   -7.929423024600       -8.87       -4.62    2.0    970ms
  7   -7.929423024755       -9.81       -5.64    1.2    909ms
  8   -7.929423024764      -11.04       -6.30    2.6    976ms
  9   -7.929423024764      -12.94       -6.62    1.8    965ms
 10   -7.929423024764      -13.75       -7.30    1.5    914ms
 11   -7.929423024764      -14.75       -7.96    2.0    903ms
 12   -7.929423024764   +  -14.75       -8.31    2.0    968ms
 13   -7.929423024764      -15.05       -8.86    2.0    1.00s
 14   -7.929423024764      -15.05       -9.85    1.7    857ms
 15   -7.929423024764   +  -14.75      -10.68    2.8    1.08s
n     Energy            log10(ΔE)   log10(Δρ)   Diag   Δtime 
---   ---------------   ---------   ---------   ----   ------
  1   -7.917103426186                   -1.92    1.0    722ms
  2   -7.917229811714       -3.90       -2.63    1.0    855ms
  3   -7.917243396167       -4.87       -3.04    2.4    1.03s
  4   -7.917243767436       -6.43       -3.60    1.9    972ms
  5   -7.917243792026       -7.61       -4.24    1.6    890ms
  6   -7.917243794496       -8.61       -4.54    2.0    1.02s
  7   -7.917243794710       -9.67       -5.59    1.0    856ms
  8   -7.917243794721      -10.96       -6.36    2.4    1.02s
  9   -7.917243794721      -13.03       -6.30    2.1    959ms
 10   -7.917243794721      -13.26       -6.80    1.0    902ms
 11   -7.917243794721      -14.05       -8.18    1.9    895ms
 12   -7.917243794721   +  -14.45       -8.16    3.3    1.22s
 13   -7.917243794721   +  -14.75       -8.08    2.0    989ms
 14   -7.917243794721      -14.45       -8.47    1.0    780ms
 15   -7.917243794721   +  -14.75       -8.77    1.0    833ms
 16   -7.917243794721      -14.45       -9.08    1.3    864ms
 17   -7.917243794721   +  -14.35       -9.85    1.9    865ms
 18   -7.917243794721   +  -15.05      -10.37    2.1    1.05s
n     Energy            log10(ΔE)   log10(Δρ)   Diag   Δtime 
---   ---------------   ---------   ---------   ----   ------
  1   -7.864298183307                   -1.84    1.0    369ms
  2   -7.864432059108       -3.87       -2.49    1.0    471ms
  3   -7.864442969780       -4.96       -3.26    2.2    579ms
  4   -7.864443295338       -6.49       -3.89    2.1    522ms
  5   -7.864443307908       -7.90       -4.50    2.1    577ms
  6   -7.864443308525       -9.21       -4.75    2.0    509ms
  7   -7.864443308660       -9.87       -5.51    1.1    506ms
  8   -7.864443308667      -11.12       -6.31    2.3    560ms
  9   -7.864443308667      -12.77       -6.66    2.1    619ms
 10   -7.864443308667      -14.05       -7.73    1.4    460ms
 11   -7.864443308667   +  -14.75       -8.12    2.9    677ms
 12   -7.864443308667      -14.75       -8.52    1.2    424ms
 13   -7.864443308667      -15.05       -9.02    1.7    588ms
 14   -7.864443308667      -15.05       -9.66    1.7    503ms
 15   -7.864443308667   +  -14.57      -10.49    1.7    582ms
n     Energy            log10(ΔE)   log10(Δρ)   Diag   Δtime 
---   ---------------   ---------   ---------   ----   ------
  1   -7.891866092714                   -1.89    1.0    762ms
  2   -7.891995461490       -3.89       -2.61    1.0    751ms
  3   -7.892005380003       -5.00       -3.20    2.3    1.03s
  4   -7.892005577044       -6.71       -4.19    1.8    1.00s
  5   -7.892005589302       -7.91       -4.99    2.7    1.03s
  6   -7.892005589442       -9.85       -5.35    2.6    1.09s
  7   -7.892005589457      -10.82       -5.92    1.6    823ms
  8   -7.892005589458      -12.13       -7.25    1.9    967ms
  9   -7.892005589458      -13.88       -7.29    3.2    1.26s
 10   -7.892005589458      -14.75       -8.50    1.0    762ms
 11   -7.892005589458      -15.05       -8.91    2.8    1.15s
 12   -7.892005589458   +  -14.57       -9.42    1.3    865ms
 13   -7.892005589458   +    -Inf      -10.01    1.9    878ms
n     Energy            log10(ΔE)   log10(Δρ)   Diag   Δtime 
---   ---------------   ---------   ---------   ----   ------
  1   -7.880122642676                   -1.94    1.0    699ms
  2   -7.880236049506       -3.95       -2.66    1.0    808ms
  3   -7.880244964449       -5.05       -3.21    2.1    970ms
  4   -7.880245141345       -6.75       -4.16    1.8    974ms
  5   -7.880245151636       -7.99       -4.95    2.7    1.04s
  6   -7.880245151778       -9.85       -5.48    2.3    1.08s
  7   -7.880245151783      -11.33       -6.57    1.7    896ms
  8   -7.880245151783      -12.56       -7.28    3.1    1.23s
  9   -7.880245151783      -14.75       -7.77    1.7    961ms
 10   -7.880245151783      -14.75       -8.74    1.8    957ms
 11   -7.880245151783   +  -15.05       -9.35    2.5    1.12s
 12   -7.880245151783   +  -14.57       -9.81    2.1    1.01s
 13   -7.880245151783      -14.75      -10.72    1.6    868ms
n     Energy            log10(ΔE)   log10(Δρ)   Diag   Δtime 
---   ---------------   ---------   ---------   ----   ------
  1   -7.864443308667                  -11.79    1.0    396ms
n     Energy            log10(ΔE)   log10(Δρ)   Diag   Δtime 
---   ---------------   ---------   ---------   ----   ------
  1   -7.892005589458                  -11.16    1.0    767ms
n     Energy            log10(ΔE)   log10(Δρ)   Diag   Δtime 
---   ---------------   ---------   ---------   ----   ------
  1   -7.880245151783                  -12.10    1.0    786ms
n     Energy            log10(ΔE)   log10(Δρ)   Diag   Δtime 
---   ---------------   ---------   ---------   ----   ------
  1   -7.864443308667                  -12.17    1.0    381ms
n     Energy            log10(ΔE)   log10(Δρ)   Diag   Δtime 
---   ---------------   ---------   ---------   ----   ------
  1   -7.892005589458                  -11.65    1.0    750ms
n     Energy            log10(ΔE)   log10(Δρ)   Diag   Δtime 
---   ---------------   ---------   ---------   ----   ------
  1   -7.880245151783                  -12.48    1.0    766ms
n     Energy            log10(ΔE)   log10(Δρ)   Diag   Δtime 
---   ---------------   ---------   ---------   ----   ------
  1   -7.864443308667                  -12.31    1.0    352ms
n     Energy            log10(ΔE)   log10(Δρ)   Diag   Δtime 
---   ---------------   ---------   ---------   ----   ------
  1   -7.892005589458                  -12.01    1.0    699ms
n     Energy            log10(ΔE)   log10(Δρ)   Diag   Δtime 
---   ---------------   ---------   ---------   ----   ------
  1   -7.880245151783                  -12.64    1.0    747ms
    21     2.071754e-08     1.576882e-04
 * Current step size: 0.1
 * time: 1259.8742492198944
 * g(x): [-1.3226884509733996e-6, 6.45475977595967e-7, 1.1208711905611287e-6, -4.531726226630319e-7, 2.8603115218901153e-6, 6.07773989217465e-7, -1.8747925024065137e-6, 4.941124084019524e-7, -4.1881985949339405e-7, -1.3942576862988027e-7, 5.629907368998088e-7, -2.2563599483650954e-7, -4.9491788462167907e-8, 2.596678675927003e-7, -3.1946158951747924e-7, 3.162892314932202e-7, 9.95367428558147e-7, -1.0377664348934792e-7, 7.073200836624962e-7, -7.529165944063507e-8, 3.1223707623705755e-7, 2.989088689764125e-7, 1.0505210281268044e-6, 4.3852619572870325e-7, -9.74163432550893e-6, -1.0619526278255178e-6, 1.5313895617265013e-5, 3.5529796235631105e-6, 4.185919925434064e-6, 8.033279413049427e-6, -1.1628011073570639e-5, 1.3812815517271881e-5, 0.0, 0.00015768819612320636]
 * ~inv(H): [1393.2650329735457 -491.76621233255145 -1177.165407841554 339.09659928909844 -2411.8430225629263 -614.2885957345873 1759.2480185384634 -573.5046927949801 65.1162333853533 209.34878125210042 -537.165263885629 -96.90031994552767 488.96977969386955 -198.5131667724936 -16.685613504443648 -442.41109381179785 -877.9018379919228 -37.789857034973714 -723.3564135818798 -13.30012038096119 -492.42033696063214 -283.56185579081375 -899.6549322321612 -545.9072404169378 -4677.632026915983 269.21012781562183 5320.613451677463 372.9903769102917 4513.307025195561 3010.142561877586 -5740.529484349826 4176.930425561205 0.0 -1782.7523153799302; -491.76621233255105 349.22769354710016 469.7978381154713 -133.40184337700566 955.9559847514163 244.85185916610664 -699.366415321251 229.58577611405752 -25.66440589693659 -82.96464603291462 214.52092385861508 39.32213795894781 -194.45981520543498 79.2029857684356 6.715010542316901 176.9845384627817 348.64246035822015 15.278952575219103 288.7309469366796 5.540787138038883 195.41014065768678 113.04477276504852 357.6061048497055 218.47876247616102 1861.8044693484246 -107.42094663745843 -2117.2015440672712 -148.0867144910284 -1796.9564797766923 -1197.8068232772896 2284.8237952759637 -1661.8717179356192 0.0 709.3471475654404; -1177.1654078415536 469.79783811547145 1270.0607464203442 -324.8003441936623 2296.72763860335 582.3955701334069 -1671.400143880877 541.8685315258912 -62.15003422228981 -199.4210556389656 508.46100814637344 90.6627993243307 -464.60024434072886 188.02672475358136 15.830725512559441 418.24930250362434 834.7169160567623 35.47116788884178 685.0233288985472 12.187341740568806 468.5723661336477 268.794187757333 854.7682572199953 515.9118721449149 4442.064018398586 -255.12263266272538 -5053.790297324948 -354.9867767112874 -4284.7543618833 -2859.1777124342275 5451.452834001213 -3967.973672946574 0.0 1693.4013558190186; 339.0965992890982 -133.4018433770057 -324.80034419366217 246.6184582401792 -658.4522823168603 -169.1666117102798 482.4901989441496 -158.9909062816216 17.674505840079544 57.124011044346936 -148.3795386433009 -27.38846665258963 134.11312707135806 -54.762325465290026 -4.611113818941416 -122.51092024873208 -240.39895639443293 -10.618064959478943 -199.63966387906376 -3.9071920253194636 -134.64637498300692 -78.11262581984707 -246.7105341645605 -151.27333473266634 -1284.0897550116733 74.00158984312395 1460.2828378439153 102.16081036493071 1239.434071618103 826.127566320019 -1575.9462046316269 1146.185710176239 0.0 -489.21643815742425; -2411.8430225629245 955.955984751416 2296.7276386033486 -658.4522823168599 4849.99739204107 1198.0179496532987 -3427.9355864640274 1120.094858539253 -126.38847822221332 -407.53661999299663 1048.2252296376041 190.2258557115845 -953.0882571566596 387.2376534050421 32.777393557200725 863.8709638580186 1710.0143063945848 74.10240700210234 1411.371267625679 26.357206333582145 959.0217720564383 553.0364770191604 1752.8946579200085 1066.103939863446 9119.686366575077 -524.800638467348 -10373.266499530651 -727.1459368749149 -8799.468123027313 -5868.594593296741 11192.059419062249 -8143.377081458289 0.0 3475.500587618621; -614.2885957345869 244.85185916610666 582.3955701334067 -169.1666117102797 1198.017949653299 459.2515630423342 -872.3606804000786 283.2267349885226 -32.39268353501271 -104.0152672316668 265.6356629893054 47.5154930101148 -242.49465574792114 98.213377844932 8.272417825170045 218.58003054657408 435.57764449536637 18.574842821710327 357.8364814357126 6.423352055275257 244.46812792678995 140.37483314674463 446.12553927995674 269.64363852645016 2318.7905416101203 -133.20684081887023 -2638.030512607031 -185.2437222662403 -2236.7887441364123 -1492.4578468026868 2845.7123565720367 -2071.193736752624 0.0 883.9227080637979; 1759.2480185384625 -699.3664153212516 -1671.400143880878 482.4901989441494 -3427.935586464028 -872.3606804000789 2654.431345001056 -813.9181430791185 92.54059820846489 297.57917917556324 -762.5893647587212 -137.30862386155712 694.7510441296255 -281.8473526623574 -23.747903597362424 -627.9434039354204 -1247.3903603775486 -53.58376222393809 -1027.0243310990236 -18.77890619170545 -699.8121310187072 -402.673787785888 -1278.11263729763 -774.7877951724469 -6645.477630087701 382.18336546938013 7559.509260931784 530.277894367166 6411.448914923405 4276.774332492808 -8155.571789388817 5934.787646624366 0.0 -2532.9037831030787; -573.5046927949799 229.58577611405758 541.8685315258912 -158.99090628162148 1120.094858539253 283.22673498852265 -813.9181430791185 418.0493270491138 -30.368940854304345 -97.2716066373967 247.02301301159412 43.70049275822997 -226.2371610660168 91.38839525063246 7.687366469657558 203.02642699286136 406.68638692333275 17.13264882812189 332.89497450353844 5.791451923744866 228.4006666082568 130.70536044510092 416.2608818001456 250.37711529344182 2162.4358068094843 -124.14187220062541 -2460.401629806979 -172.93674606738207 -2085.609741492113 -1391.9862299409504 2653.7761080024898 -1931.890758486524 0.0 824.4616053703932; 65.1162333853533 -25.66440589693663 -62.15003422228981 17.67450584007956 -126.3884782222134 -32.39268353501273 92.54059820846486 -30.36894085430436 158.04030437972054 11.117899988549684 -28.272836436020913 -5.565535620924513 26.370161405807053 -10.374180690963735 -1.359683448790594 -23.49684710375871 -46.08598349158264 -2.1909209495452804 -38.157913494571524 -0.8278897599849836 -26.187602295652667 -14.92524321167932 -47.191178635219835 -28.941279322551992 -255.7747277333997 15.551975099716818 289.99411849368687 19.755243564846634 247.13031285837337 164.1864451735912 -313.2923005431402 227.59285530670857 0.0 -97.16089899174224; 209.3487812521002 -82.96464603291463 -199.4210556389655 57.12401104434688 -407.53661999299686 -104.01526723166681 297.5791791755629 -97.27160663739664 11.117899988549679 190.4419487229216 -91.05453062589658 -16.413930147785695 82.53357095321941 -33.65672739533962 -2.695744159727105 -74.99180958129052 -148.45413561266997 -6.383843403083949 -122.56095342274317 -2.262959259648644 -83.1394813703444 -48.026406987240264 -152.20911202322466 -92.56895492794462 -788.7131651122611 45.143112493525884 897.3872218221076 63.06299727202768 760.9520001256742 507.6520148883414 -968.1298502106104 704.4849136474361 0.0 -300.66397409525115; -537.1652638856291 214.5209238586152 508.46100814637373 -148.37953864330098 1048.2252296376048 265.6356629893056 -762.5893647587214 247.0230130115943 -28.272836436020935 -91.05453062589662 386.96446120868217 41.34652290061006 -212.10963741361238 85.7325869305967 7.323893785165611 190.71406924462153 380.8833908321534 16.1899872279284 312.38895376931083 5.549990864162619 213.9131183595684 122.59190529559415 389.9719144748631 235.21203465177845 2030.1042493480734 -117.6365507249441 -2308.195231070127 -161.25707042844033 -1959.2038136984434 -1306.0323337285815 2490.857179520748 -1811.972368765168 0.0 773.5866450528249; -96.90031994552774 39.32213795894782 90.66279932433069 -27.388466652589635 190.22585571158456 47.515493010114824 -137.3086238615571 43.70049275822998 -5.565535620924508 -16.4139301477857 41.34652290061004 161.88408316889 -37.66239290754759 15.37549067832707 0.911646157598171 33.72856291581132 68.79076527744874 2.658339569006509 55.70713952145447 0.8012465565468856 38.42921130928407 21.941833230921716 70.3347727559015 41.60636901349681 357.0902051862885 -19.92993666443625 -406.9635027266702 -29.018576717449864 -344.1165047139524 -230.16950132032935 438.62122069934657 -319.61843551288734 0.0 136.41441568858102; 488.96977969386955 -194.459815205435 -464.6002443407288 134.11312707135806 -953.08825715666 -242.4946557479214 694.7510441296256 -226.23716106601688 26.37016140580705 82.53357095321945 -212.1096374136124 -37.662392907547606 347.37291659103175 -78.48272106347193 -5.95581549796655 -174.42206376108888 -346.81297882090644 -14.66100785409813 -285.5309943551603 -5.087036728083085 -194.0857100327807 -111.97258762915737 -355.45845381634473 -215.30202821711555 -1834.1643841408672 104.2369659931697 2087.878273088062 147.32567006573274 1769.0132481629082 1181.0139889400937 -2251.8399914138054 1639.25079681743 0.0 -699.5371493857707; -198.5131667724933 79.20298576843554 188.02672475358122 -54.76232546528998 387.237653405042 98.21337784493197 -281.8473526623572 91.38839525063241 -10.374180690963728 -33.65672739533961 85.73258693059661 15.375490678327058 -78.48272106347187 186.80287916201803 2.7742201125975576 70.56146484412572 140.74513098078612 6.020825579750276 115.51796424194126 2.0783827003949833 79.08477519959924 45.323098609005065 144.11160462225698 87.02122129314766 751.6859791576697 -43.67469027554948 -854.5133030119154 -59.612337193517945 -725.4982264347606 -483.5204361386089 922.2093543357034 -670.7908120725565 0.0 286.385016075873; -16.685613504443655 6.715010542316911 15.830725512559432 -4.611113818941438 32.777393557200824 8.272417825170049 -23.747903597362434 7.687366469657562 -1.359683448790587 -2.695744159727107 7.323893785165603 0.9116461575981692 -5.955815497966557 2.7742201125975594 154.8625674538665 5.848053964812482 11.91172418962152 0.3298211827434046 9.764388532341846 0.07413011370460668 6.328604219332784 3.847891169972234 12.273878539914659 7.277732090204155 53.49845401981434 -2.2141924407096267 -61.829449224398516 -4.928833574387151 -51.26700926162674 -34.84854359365808 66.28211370679004 -48.603906105220005 0.0 20.708203779111017; -442.4110938117979 176.9845384627818 418.24930250362434 -122.51092024873203 863.8709638580192 218.5800305465741 -627.9434039354204 203.02642699286147 -23.49684710375871 -74.9918095812906 190.71406924462153 33.72856291581133 -174.4220637610889 70.56146484412575 5.848053964812489 311.8581090520561 313.7344183756431 13.211616017575457 256.96581397385745 4.476379758741536 176.11267917671944 100.88092690957797 321.1701099322508 193.31812861058012 1667.8960098818802 -96.32596104401657 -1896.7748246290373 -132.76218254802978 -1609.4348783111784 -1073.1992420919362 2046.6481945480155 -1489.0616015798605 0.0 635.714454679204; -877.9018379919225 348.64246035822026 834.7169160567624 -240.39895639443287 1710.0143063945854 435.57764449536654 -1247.3903603775486 406.6863869233331 -46.08598349158264 -148.45413561267 380.88339083215317 68.79076527744876 -346.8129788209064 140.74513098078617 11.911724189621522 313.73441837564314 777.5696603623568 26.83061756224736 512.9194382527211 9.453608831226436 349.1947121449433 201.0623451086199 637.8753861095714 387.1210955879484 3318.2846024872338 -191.10596292129642 -3774.2696867712984 -264.49856112589214 -3201.760564375126 -2135.3142932002547 4072.201944081857 -2962.9692301962864 0.0 1264.6224781268047; -37.789857034973714 15.278952575219108 35.47116788884178 -10.618064959478952 74.10240700210244 18.574842821710345 -53.58376222393809 17.132648828121905 -2.190920949545278 -6.383843403083956 16.1899872279284 2.6583395690065084 -14.661007854098132 6.020825579750282 0.32982118274340266 13.211616017575457 26.830617562247372 156.15316976051858 21.799569214454344 0.31911466398632965 14.958931396030692 8.580313596203519 27.453769609886457 16.306044238932177 138.81966344782566 -7.682233286240697 -158.27980565438685 -11.328411895064706 -133.75473879204847 -89.50723755664134 170.56445298321879 -124.30994909598229 0.0 53.04798713810414; -723.3564135818797 288.7309469366797 685.0233288985472 -199.6396638790637 1411.3712676256796 357.8364814357128 -1027.0243310990231 332.8949745035386 -38.157913494571545 -122.56095342274325 312.3889537693107 55.70713952145451 -285.5309943551604 115.51796424194137 9.764388532341854 256.96581397385734 512.9194382527213 21.799569214454337 575.9889962489287 7.486347536967405 287.96596322442355 165.15036665636543 525.2204543699082 316.9561916311948 2730.712681439308 -157.19112580740583 -3106.259019658838 -217.88927517952266 -2634.3472774508596 -1757.4224195427105 3351.0327232850095 -2438.7699385537762 0.0 1040.8875784679801; -13.300120380961186 5.540787138038883 12.187341740568808 -3.9071920253194645 26.357206333582155 6.423352055275259 -18.778906191705445 5.791451923744867 -0.8278897599849836 -2.262959259648645 5.549990864162617 0.8012465565468853 -5.087036728083085 2.0783827003949846 0.0741301137046067 4.476379758741536 9.453608831226436 0.31911466398632954 7.486347536967405 155.1857564484091 5.267356440249794 2.966558759793496 9.63498121257246 5.517115211423206 47.7980613564086 -2.5913228915015996 -54.57461991149423 -3.95463041271645 -46.000230426832296 -30.859089487359416 58.756244702701196 -42.8821862118155 0.0 18.3040466152771; -492.4203369606317 195.41014065768675 468.57236613364745 -134.64637498300692 959.021772056438 244.46812792679 -699.8121310187069 228.40066660825684 -26.187602295652642 -83.13948137034441 213.91311835956824 38.42921130928407 -194.0857100327806 79.08477519959925 6.328604219332762 176.11267917671938 349.19471214494325 14.958931396030685 287.9659632244234 5.267356440249793 350.712706868222 112.87220271256909 357.9545019407154 217.37144279730046 1854.9112373936575 -106.41382000425995 -2110.159928771614 -148.09390508447433 -1789.8302065497078 -1193.7632725385458 2276.7280989868054 -1656.5024078883052 0.0 707.058527245031; -283.5618557908137 113.04477276504859 268.79418775733296 -78.11262581984707 553.0364770191607 140.3748331467447 -402.67378778588795 130.70536044510098 -14.925243211679318 -48.026406987240286 122.5919052955941 21.941833230921716 -111.97258762915737 45.3230986090051 3.847891169972239 100.88092690957795 201.06234510861995 8.58031359620352 165.1503666563654 2.9665587597934966 112.87220271256906 219.90192792239574 205.92014554791564 124.44133860094685 1071.0781352127412 -61.68169840888667 -1218.333534151337 -85.42994299108118 -1033.3262506510366 -689.2935683036038 1314.3821430209487 -956.5123736146257 0.0 408.24588879573963; -899.6549322321604 357.6061048497055 854.7682572199949 -246.7105341645603 1752.894657920009 446.1255392799566 -1278.1126372976294 416.26088180014546 -47.1911786352198 -152.2091120232247 389.97191447486307 70.33477275590144 -355.45845381634433 144.11160462225703 12.273878539914657 321.1701099322506 637.8753861095711 27.453769609886443 525.2204543699077 9.634981212572455 357.9545019407154 205.92014554791558 808.6859193720826 396.25906400022154 3401.2130661061033 -195.96024606051284 -3868.57314957703 -271.0985503065513 -3281.6720676113955 -2188.690455611547 4173.867076172583 -3037.0589220245574 0.0 1296.234524776369; -545.9072404169381 218.47876247616122 515.9118721449149 -151.27333473266637 1066.1039398634466 269.64363852645033 -774.7877951724469 250.37711529344207 -28.94127932255202 -92.56895492794473 235.21203465177845 41.60636901349683 -215.3020282171157 87.02122129314772 7.277732090204167 193.3181286105802 387.12109558794856 16.306044238932188 316.95619163119494 5.517115211423209 217.37144279730057 124.44133860094688 396.25906400022177 393.5269749999267 2058.198858170953 -118.39688152700698 -2341.4040653496827 -164.33730068144277 -1985.4170680066861 -1324.6990503643026 2525.7666741417943 -1838.3366691179206 0.0 784.6373948318817; -4677.632026915981 1861.8044693484244 4442.064018398584 -1284.0897550116736 9119.68636657508 2318.7905416101203 -6645.477630087695 2162.4358068094834 -255.77472773339937 -788.7131651122617 2030.1042493480725 357.09020518628836 -1834.1643841408666 751.6859791576697 53.49845401981383 1667.8960098818793 3318.2846024872338 138.81966344782555 2730.712681439307 47.798061356408596 1854.9112373936578 1071.078135212741 3401.2130661061033 2058.198858170951 18029.2481134065 -1274.7333649513982 -19955.767983766018 -1175.353081369766 -17537.13082807781 -11328.090773793967 21824.57810467114 -15570.405469020137 0.0 6741.942268398794; 269.2101278156218 -107.4209466374585 -255.1226326627253 74.00158984312395 -524.8006384673486 -133.20684081887032 382.1833654693802 -124.1418722006254 15.551975099716845 45.1431124935259 -117.63655072494406 -19.929936664436248 104.23696599316976 -43.67469027554949 -2.2141924407096387 -96.32596104401657 -191.10596292129634 -7.682233286240695 -157.19112580740574 -2.5913228915016 -106.41382000425997 -61.68169840888665 -195.96024606051296 -118.39688152700694 -1274.7333649513987 415.1903922355077 1168.9388111022326 -85.65119090663623 1443.311155015668 690.1340832648403 -1477.4740485055622 847.9256242915857 0.0 -424.39187549471035; 5320.613451677459 -2117.2015440672703 -5053.790297324947 1460.282837843916 -10373.266499530655 -2638.030512607031 7559.509260931786 -2460.4016298069787 289.9941184936862 897.3872218221079 -2308.195231070126 -406.9635027266698 2087.878273088062 -854.5133030119159 -61.8294492243987 -1896.774824629036 -3774.2696867712966 -158.27980565438688 -3106.2590196588367 -54.57461991149423 -2110.1599287716144 -1218.3335341513362 -3868.5731495770306 -2341.4040653496804 -19955.76798376603 1168.9388111022315 22816.811760021108 1566.7784773831834 19290.540170893804 12824.19521838078 -24485.18705713507 17777.87360107088 0.0 -7613.482429517069; 372.9903769102913 -148.08671449102826 -354.98677671128746 102.16081036493068 -727.1459368749152 -185.24372226624035 530.277894367166 -172.93674606738222 19.755243564846662 63.06299727202776 -161.2570704284403 -29.018576717449857 147.32567006573254 -59.612337193518 -4.928833574387042 -132.76218254802973 -264.49856112589197 -11.328411895064686 -217.88927517952254 -3.9546304127164484 -148.09390508447433 -85.42994299108108 -271.0985503065514 -164.33730068144257 -1175.353081369765 -85.65119090663605 1566.7784773831804 402.0746994636567 960.5622169539425 862.774195947199 -1514.3773236076236 1286.5856243146316 0.0 -500.8576535606129; 4513.307025195559 -1796.9564797766925 -4284.754361883299 1239.4340716181032 -8799.46812302732 -2236.7887441364132 6411.448914923403 -2085.6097414921132 247.1303128583732 760.9520001256744 -1959.2038136984415 -344.11650471395234 1769.013248162908 -725.4982264347608 -51.26700926162664 -1609.4348783111773 -3201.760564375126 -133.75473879204847 -2634.3472774508587 -46.000230426832296 -1789.8302065497082 -1033.326250651036 -3281.6720676113946 -1985.4170680066854 -17537.130828077814 1443.311155015667 19290.54017089382 960.5622169539438 17579.903760714787 10980.729351921687 -21322.798519499564 14978.75910583232 0.0 -6547.719515613537; 3010.1425618775825 -1197.806823277289 -2859.177712434228 826.1275663200186 -5868.594593296737 -1492.457846802687 4276.774332492808 -1391.9862299409508 164.1864451735913 507.65201488834145 -1306.032333728582 -230.1695013203291 1181.013988940093 -483.5204361386093 -34.848543593657816 -1073.1992420919357 -2135.314293200255 -89.50723755664121 -1757.422419542711 -30.859089487359395 -1193.7632725385456 -689.2935683036035 -2188.690455611548 -1324.6990503643021 -11328.090773793963 690.1340832648407 12824.195218380775 862.7741959471988 10980.729351921686 7416.397189422295 -13886.853389421442 10050.54548125882 0.0 -4312.626144888627; -5740.529484349821 2284.8237952759646 5451.452834001212 -1575.9462046316273 11192.05941906226 2845.712356572038 -8155.57178938882 2653.7761080024907 -313.2923005431398 -968.1298502106109 2490.8571795207476 438.62122069934657 -2251.8399914138076 922.2093543357042 66.28211370679016 2046.6481945480155 4072.20194408186 170.56445298321887 3351.032723285011 58.75624470270122 2276.7280989868063 1314.3821430209487 4173.867076172585 2525.766674141793 21824.578104671153 -1477.4740485055618 -24485.187057135066 -1514.3773236076252 -21322.79851949956 -13886.85338942145 26840.004451910634 -19134.560900097767 0.0 8257.454379525861; 4176.9304255612005 -1661.8717179356186 -3967.9736729465726 1146.1857101762378 -8143.377081458295 -2071.193736752625 5934.787646624364 -1931.8907584865244 227.59285530670863 704.4849136474363 -1811.9723687651672 -319.6184355128873 1639.2507968174289 -670.790812072557 -48.60390610521996 -1489.0616015798603 -2962.9692301962846 -124.30994909598213 -2438.769938553776 -42.88218621181551 -1656.5024078883057 -956.5123736146256 -3037.0589220245583 -1838.3366691179199 -15570.405469020125 847.9256242915856 17777.873601070867 1286.585624314631 14978.75910583232 10050.545481258825 -19134.56090009777 14125.409694797014 0.0 -5962.78083965731; 0.0 0.0 0.0 0.0 0.0 0.0 0.0 0.0 0.0 0.0 0.0 0.0 0.0 0.0 0.0 0.0 0.0 0.0 0.0 0.0 0.0 0.0 0.0 0.0 0.0 0.0 0.0 0.0 0.0 0.0 0.0 0.0 155.11390926152419 0.0; -1782.752315379932 709.3471475654405 1693.4013558190181 -489.21643815742436 3475.500587618624 883.9227080637984 -2532.9037831030782 824.461605370394 -97.16089899174224 -300.66397409525155 773.5866450528247 136.41441568858113 -699.5371493857706 286.3850160758733 20.70820377911089 635.714454679204 1264.6224781268047 53.04798713810413 1040.8875784679794 18.3040466152771 707.0585272450317 408.2458887957396 1296.2345247763697 784.6373948318815 6741.942268398798 -424.3918754947107 -7613.482429517073 -500.85765356061347 -6547.7195156135385 -4312.626144888629 8257.454379525869 -5962.780839657316 0.0 2558.1021241086246]
 * x: [-1.0639447403463684, -0.11920542888967309, 0.9952314575850657, 0.12433031224894553, 0.41523359734755166, 0.6629580834200325, -0.9256270852088387, 1.0752744684622535, -0.2163579537910848, -1.148533686009394, 0.9803979412987225, 0.6046968423497155, -0.6612017572848893, 0.6028061543973254, -0.5069586706909198, 1.1641725779076704, -0.4120915145968466, -0.5844101998078224, -0.1006787481011556, -0.2098223911141503, -0.009648733110683209, -0.4366949757844474, 0.0032419244864530183, -0.5455952385295091, -0.16373761763989356, 0.06871670553634882, 0.09859561979322717, -0.045615072714176995, 0.22282868047733798, 0.06471417774243579, -0.17237343917727158, 0.056214165847005976, 0.0, -0.002927210261747309]
bfgs   21   loss 2.071754e-08
n     Energy            log10(ΔE)   log10(Δρ)   Diag   Δtime 
---   ---------------   ---------   ---------   ----   ------
  1   -7.873974522347                   -2.44    1.0    434ms
  2   -7.873982756922       -5.08       -3.11    1.0    439ms
  3   -7.873983410071       -6.18       -3.77    2.3    594ms
  4   -7.873983442323       -7.49       -4.15    2.1    573ms
  5   -7.873983444442       -8.67       -4.90    1.5    497ms
  6   -7.873983444577       -9.87       -5.22    2.0    605ms
  7   -7.873983444591      -10.88       -6.00    1.1    458ms
  8   -7.873983444591      -12.07       -7.32    2.4    661ms
  9   -7.873983444591      -13.91       -7.66    3.3    640ms
 10   -7.873983444591      -14.75       -8.18    1.2    489ms
 11   -7.873983444591   +    -Inf       -9.15    2.0    558ms
 12   -7.873983444591   +    -Inf       -9.42    2.5    567ms
 13   -7.873983444591      -15.05      -10.01    1.1    506ms
n     Energy            log10(ΔE)   log10(Δρ)   Diag   Δtime 
---   ---------------   ---------   ---------   ----   ------
  1   -7.901573246601                   -2.49    1.0    753ms
  2   -7.901581239933       -5.10       -3.24    1.0    796ms
  3   -7.901581866335       -6.20       -3.78    2.3    1.01s
  4   -7.901581878729       -7.91       -4.81    1.9    976ms
  5   -7.901581879502       -9.11       -5.50    2.9    1.07s
  6   -7.901581879511      -11.09       -6.00    2.3    1.01s
  7   -7.901581879511      -12.57       -7.38    1.6    919ms
  8   -7.901581879511      -13.73       -8.10    3.4    1.19s
  9   -7.901581879511   +  -14.57       -8.48    1.9    973ms
 10   -7.901581879511      -14.75       -9.27    1.4    815ms
 11   -7.901581879511   +  -14.75       -9.85    2.1    1.02s
 12   -7.901581879511   +    -Inf      -10.53    1.9    933ms
n     Energy            log10(ΔE)   log10(Δρ)   Diag   Δtime 
---   ---------------   ---------   ---------   ----   ------
  1   -7.889740245323                   -2.54    1.0    808ms
  2   -7.889747293002       -5.15       -3.28    1.0    814ms
  3   -7.889747866922       -6.24       -3.78    2.2    1.03s
  4   -7.889747877215       -7.99       -4.56    1.9    995ms
  5   -7.889747877867       -9.19       -5.26    2.0    897ms
  6   -7.889747877892      -10.60       -5.53    2.2    1.07s
  7   -7.889747877893      -11.83       -6.58    1.0    861ms
  8   -7.889747877893      -12.89       -7.00    2.3    1.01s
  9   -7.889747877893      -14.21       -7.39    1.2    842ms
 10   -7.889747877893   +  -14.57       -8.64    1.8    963ms
 11   -7.889747877893   +    -Inf       -9.08    3.1    1.21s
 12   -7.889747877893      -14.27       -9.59    1.1    950ms
 13   -7.889747877893   +  -15.05      -10.22    1.4    950ms
n     Energy            log10(ΔE)   log10(Δρ)   Diag   Δtime 
---   ---------------   ---------   ---------   ----   ------
  1   -7.873983444591                  -10.57    1.0    467ms
n     Energy            log10(ΔE)   log10(Δρ)   Diag   Δtime 
---   ---------------   ---------   ---------   ----   ------
  1   -7.901581879511                  -11.14    1.0    697ms
n     Energy            log10(ΔE)   log10(Δρ)   Diag   Δtime 
---   ---------------   ---------   ---------   ----   ------
  1   -7.889747877893                  -10.75    1.0    658ms
n     Energy            log10(ΔE)   log10(Δρ)   Diag   Δtime 
---   ---------------   ---------   ---------   ----   ------
  1   -7.873983444591                  -11.04    1.0    344ms
n     Energy            log10(ΔE)   log10(Δρ)   Diag   Δtime 
---   ---------------   ---------   ---------   ----   ------
  1   -7.901581879511                  -11.63    1.0    660ms
n     Energy            log10(ΔE)   log10(Δρ)   Diag   Δtime 
---   ---------------   ---------   ---------   ----   ------
  1   -7.889747877893                  -11.22    1.0    691ms
n     Energy            log10(ΔE)   log10(Δρ)   Diag   Δtime 
---   ---------------   ---------   ---------   ----   ------
  1   -7.873983444591                  -11.43    1.0    376ms
n     Energy            log10(ΔE)   log10(Δρ)   Diag   Δtime 
---   ---------------   ---------   ---------   ----   ------
  1   -7.901581879511                  -12.04    1.0    712ms
n     Energy            log10(ΔE)   log10(Δρ)   Diag   Δtime 
---   ---------------   ---------   ---------   ----   ------
  1   -7.889747877893                  -11.59    1.0    751ms
    22     1.975595e-08     5.907585e-04
 * Current step size: 1.0
 * time: 1309.686853170395
 * g(x): [-5.3820555700841935e-6, 2.4738831993591215e-6, 4.8529400639037e-6, -1.6794368551840286e-6, 1.1421067769911303e-5, 2.587482209404553e-6, -7.727582226993625e-6, 2.241060636422651e-6, -1.8605025184067588e-6, -5.116040937205166e-7, 2.63429784195268e-6, -9.02196550436905e-7, -5.247053967987744e-9, 1.2016988564947292e-6, -1.4882480788030367e-6, 1.5425645901390184e-6, 4.066580418078142e-6, -4.342349815065763e-7, 3.121762670547145e-6, -2.963667294561189e-7, 1.1248662597681862e-6, 1.2967742612766062e-6, 4.371856386271797e-6, 2.0346876403668464e-6, -3.694557485054906e-5, -4.735603637502397e-6, 5.924443413518954e-5, 1.427317664148948e-5, 1.4891100813759801e-5, 3.105396319532834e-5, -4.435981803064258e-5, 5.368249689676012e-5, 0.0, 0.0005907584871046116]
 * ~inv(H): [872.2104652519306 -273.5090542589963 -703.3637980813667 184.07143360566872 -1379.5117562250114 -364.14409167872407 1025.6401402993133 -349.3585918056986 43.54289927607106 117.23027597084796 -326.0046503101847 -57.93889003664022 273.890208239061 -120.95069200615806 -2.6472212905521393 -268.16822292638045 -508.94744486903335 -21.560204010982694 -433.63048049660745 -8.564179544171889 -277.5845154449981 -168.90476065236763 -526.0622773462857 -331.7047882111486 -2725.1565171478906 225.13035887832123 2993.0605112975145 144.92867235456566 2720.602805884865 1702.7958441478763 -3318.0353302992044 2318.577489586197 0.0 -1015.7495233911973; -273.50905425899583 258.12034520428307 270.7242510098093 -68.81219406621744 524.0149287146229 139.83580655989627 -391.88357600394875 135.21135080265063 -16.44817660586267 -44.498231005736656 125.66438370264478 22.969785125401 -104.65415956198298 46.54840953239566 1.0454888137780731 103.67938697855804 194.0793850452458 8.498155705228546 166.96131431915217 3.53783816545343 105.64617138620366 64.8863024960138 200.97141089800917 128.324508811952 1044.3715090417584 -87.34312359456 -1145.3004694800206 -54.34807396110255 -1044.1545516117976 -651.6954423800619 1271.1999133270392 -886.6304759431748 0.0 388.7723919771297; -703.363798081366 270.72425100980945 840.4052756472554 -183.1638189145413 1357.0923396847952 355.39330878517524 -1004.6927276208988 338.98731801805934 -42.88049461525534 -115.42491321706082 317.2357526899495 55.29721554086619 -268.47276352945823 117.8181847152718 2.657863512533221 260.42478249619876 499.25481799641744 20.67967350860147 422.36531387690377 7.917965690050939 272.78332717349906 164.78902121555154 515.3374600189939 321.96618296031966 2665.856819331344 -218.16036511413398 -2931.4112573987786 -144.14508511247038 -2658.262782431893 -1667.4818825705195 3246.5205554154068 -2272.0058574406453 0.0 994.5945335814123; 184.0714336056685 -68.81219406621747 -183.1638189145412 200.87617691619235 -351.8361059743038 -94.48304526648462 264.0144082550892 -91.76925696953913 11.058420570884945 29.84844417068111 -85.10774742545908 -15.761018022141641 70.43664288886264 -31.503799380882764 -0.6661650591496462 -70.31909956054886 -130.60823711048067 -5.808530534731659 -112.98859070149308 -2.4770611935699276 -70.9759908168388 -43.855176434533156 -135.3982658143501 -87.0706265235318 -703.6382115603357 59.112568036894636 771.1430204100723 36.27639075399176 703.9966973443443 438.81735962333664 -856.4107768780211 596.778743365035 0.0 -261.79045319242346; -1379.5117562250095 524.0149287146228 1357.0923396847938 -351.8361059743032 2805.430400653035 702.064731771127 -1974.1952114519395 675.2742339996398 -83.37450098180415 -225.20970982577 629.2509147831514 112.98512789470662 -527.3983350819233 233.3174928696431 5.283355735089542 518.1717876933758 979.003396224281 41.974031696620386 836.7346061043846 16.945150433107877 533.723272204842 325.67489265418016 1012.499240125411 641.0673443443133 5251.998332505076 -435.0239178257024 -5766.464828518759 -278.0147029440488 -5244.851060973483 -3280.7129955780715 6394.19708059691 -4466.35737398276 0.0 1956.9547489291388; -364.14409167872356 139.83580655989627 355.39330878517507 -94.4830452664845 702.0647317711268 339.3413075161964 -520.3191971016722 175.98405649865413 -22.170712675767238 -59.701725616329874 164.56801542934443 28.835415813795453 -139.0260784097574 61.10188585543504 1.3747771709389294 135.17000802516057 258.46516456214584 10.770351516396119 219.05469006785094 4.164141488617084 141.16189782390114 85.42957646917777 266.8829641030495 167.1333625932004 1381.1497505013128 -113.25620767779105 -1518.3421080580868 -74.41362049081758 -1377.5705919162704 -863.706430440727 1681.9114557141631 -1176.6633227527645 0.0 515.1766335074001; 1025.6401402993122 -391.8835760039494 -1004.6927276209002 264.0144082550891 -1974.1952114519402 -520.3191971016726 1621.6806899516844 -498.63206495021853 62.27642707023819 167.80981413466594 -465.53802196775206 -82.47341900738492 391.7598989940358 -172.74581476299096 -3.8543033389229326 -382.8163123009247 -727.9391074648157 -30.722945329875802 -619.3610169304322 -12.122730291908928 -397.2010038215997 -241.32483638965786 -752.2095486882426 -473.46812458644365 -3896.279494197473 321.1061701980563 4280.617394209086 208.09126534648973 3888.595669176679 2435.2055366140717 -4744.200937822784 3316.4209351493 0.0 -1452.5889113999106; -349.3585918056985 135.2113508026507 338.98731801805945 -91.76925696953903 675.27423399964 175.98405649865424 -498.6320649502186 322.37283081739815 -21.364988229740163 -57.459976294571234 156.81170215589142 26.989920461924417 -133.27477026451893 58.27738984802163 1.324040657886179 128.5617953666668 247.9965582249819 10.124226013002948 208.89273108552908 3.7836580681658063 135.6360716464616 81.58454503846792 255.773861082279 158.89351837299714 1321.8906878271468 -107.66247103989946 -1454.4410005066625 -72.07461002750505 -1317.3226250354096 -827.2801645629764 1609.980206090272 -1127.579872168334 0.0 493.4307730511035; 43.54289927607104 -16.448176605862706 -42.88049461525533 11.05842057088496 -83.3745009818042 -22.17071267576726 62.27642707023816 -21.36498822974017 157.24949565646006 7.235626669784872 -19.76174447896287 -3.970843923271877 17.302204126228865 -7.257177696698526 -0.6583062059887391 -16.464438689746842 -30.81977477852798 -1.5090382277027818 -26.396232878763332 -0.6427356621539835 -17.164166064205308 -10.252944930702935 -31.806310307972456 -20.31767231570634 -174.70128017134908 14.64664414352175 191.8852105391261 9.29216342983205 173.97881313916182 109.20067978012341 -212.36619561041502 148.8400713721126 0.0 -65.00322816375837; 117.2302759708477 -44.498231005736656 -115.4249132170607 29.848444170681052 -225.2097098257702 -59.70172561632991 167.80981413466554 -57.459976294571156 7.235626669784866 174.20161242631255 -53.568492613635115 -9.513551762253526 44.61778830927274 -19.881374052175097 -0.2939655299410469 -44.06577217274945 -83.21933030519001 -3.5211794605282303 -71.18364911267479 -1.4183939924475397 -45.243836963442384 -27.705979184858588 -86.10537282091461 -54.536190758742116 -443.68673921699934 36.736941164189325 487.05407425395885 23.423874473963426 443.30057636886266 277.09466784427167 -540.2692926108994 377.1496244307146 0.0 -165.3312359942654; -326.0046503101848 125.6643837026449 317.23575268994995 -85.10774742545918 629.2509147831521 164.56801542934474 -465.5380219677524 156.81170215589154 -19.761744478962896 -53.56849261363518 301.9143006222675 25.598867039052223 -124.5786338692214 54.51330485867665 1.362967434636328 120.51233210927664 231.38424015190586 9.590372023750803 195.50483825045285 3.6554444746712775 126.55877948108166 76.29577838440024 238.75907409104346 148.9595234853044 1238.3204789828585 -101.85347542874474 -1361.0020888296328 -66.52491249708969 -1235.124761043742 -774.2823380013094 1507.7078131337396 -1054.76650634192 0.0 461.8462036400714; -57.93889003664029 22.969785125401014 55.2972155408662 -15.761018022141645 112.98512789470671 28.83541581379549 -82.47341900738492 26.989920461924424 -3.9708439232718735 -9.513551762253533 25.5988670390522 158.97409363353256 -21.550650140023905 9.592804781451305 -0.15969511703233027 20.732429178258773 41.2042463142648 1.4429938712459534 34.085234416440805 0.4490882517414117 22.341893766056785 13.381923787219426 42.41464366929246 25.633679685760157 211.05318740862933 -16.799504345743024 -232.60920879269707 -11.781688999022137 -210.26156551826736 -132.25933948689925 257.3682946050839 -180.33553757439032 0.0 78.99015501357275; 273.89020823906105 -104.65415956198304 -268.4727635294583 70.43664288886266 -527.3983350819236 -139.02607840975773 391.7598989940359 -133.274770264519 17.302204126228872 44.6177883092728 -124.57863386922143 -21.55065014002392 258.85230232166396 -46.31654375479406 -0.3522995483308767 -102.20917910509579 -194.50150723331242 -7.9775662274200645 -165.56638932738247 -3.1147527763553065 -105.61091399336588 -64.52555782786095 -201.11562394037688 -126.49405251472255 -1028.6000561113071 84.57804234999129 1129.8874276874478 54.811289049028325 1027.3188752495712 642.7353825978608 -1252.8870620451783 875.0469598272518 0.0 -383.5743802587951; -120.95069200615775 46.54840953239561 117.8181847152717 -31.503799380882725 233.31749286964302 61.10188585543505 -172.7458147629908 58.27738984802158 -7.2571776966985215 -19.881374052175087 54.51330485867656 9.592804781451294 -46.316543754794004 175.3440874164774 0.5738297765197419 44.79173138760391 85.8327157536424 3.59579116421605 72.60579578089222 1.383474472313801 46.986599397515704 28.324596926736596 88.57635357542875 55.36151056203192 460.8306724028368 -37.96040501653895 -506.4377537451449 -24.723599990208978 -459.62993280567974 -288.1232029986494 561.0271384889088 -392.4941062123236 0.0 171.84180739309772; -2.6472212905521464 1.0454888137780827 2.6578635125332104 -0.6661650591496685 5.283355735089643 1.3747771709389334 -3.8543033389229393 1.3240406578861832 -0.658306205988732 -0.2939655299410496 1.3629674346363194 -0.1596951170323323 -0.35229954833088284 0.573829776519743 154.62530551343716 0.9402408553251326 1.9598873361406592 -0.09579987067367021 1.6840730163462596 -0.0662900356805336 0.6912596529993587 0.6709186898242387 2.1109799352088485 1.2190978963564698 1.1696914358972879 0.052522087238584335 -1.162306955362466 0.018198332893864837 -1.709450032602485 -0.6316601321375357 1.7503581310925875 -0.6605182388779672 0.0 0.5142441351987329; -268.1682229263805 103.67938697855817 260.42478249619876 -70.31909956054882 518.1717876933765 135.17000802516066 -382.8163123009248 128.56179536666687 -16.46443868974685 -44.065772172749526 120.51233210927661 20.732429178258784 -102.20917910509579 44.79173138760394 0.9402408553251402 253.9133493743386 190.3716982492377 7.76673253133856 160.49552583233424 2.912065649125734 104.04243469769506 62.67204484009434 196.38662121813044 122.12302719622397 1014.5631817348919 -83.21846064650178 -1115.340493984267 -54.685300539475506 -1011.8506740084532 -634.4945810822943 1235.4424600883651 -864.4049991079597 0.0 378.51295331240334; -508.94744486903295 194.07938504524586 499.2548179964177 -130.60823711048064 979.0033962242815 258.4651645621461 -727.9391074648156 247.99655822498218 -30.819774778527986 -83.21933030519006 231.38424015190557 41.20424631426481 -194.50150723331225 85.83271575364243 1.9598873361406617 190.37169824923768 516.3170489935545 15.337596683097855 307.7890547859648 6.101162785753996 197.0590956802481 119.88169734122295 373.3454037490197 235.46931485356262 1935.7307733200844 -159.98047350322213 -2125.9841486821665 -102.91339754573421 -1932.463118137397 -1209.511855614235 2356.794705275984 -1646.9136527489873 0.0 721.4762271555192; -21.560204010982694 8.498155705228552 20.679673508601482 -5.808530534731669 41.97403169662049 10.770351516396142 -30.722945329875802 10.12422601300296 -1.5090382277027798 -3.5211794605282383 9.590372023750799 1.4429938712459531 -7.977566227420066 3.595791164216056 -0.09579987067367199 7.766732531338561 15.337596683097871 155.64861494121703 12.752604960061003 0.1705418845321423 8.279745620469718 5.001752637550249 15.809166586916547 9.610381597489969 78.02727829753503 -6.22012343182837 -85.95056613917136 -4.323715773040149 -77.81221484334226 -48.86947859018283 95.17009029596312 -66.60202114985624 0.0 29.196499441385015; -433.6304804966072 166.96131431915228 422.36531387690394 -112.988590701493 836.734606104385 219.05469006785125 -619.3610169304317 208.8927310855292 -26.39623287876336 -71.18364911267489 195.50483825045265 34.085234416440834 -165.5663893273825 72.60579578089234 1.684073016346269 160.4955258323341 307.78905478596516 12.752604960060994 415.42478983744496 4.877951602157829 168.2155384284003 101.56774480350954 317.67864313758525 198.41137035854322 1644.5267881549062 -134.78201476486868 -1808.0757075232175 -88.74705534389177 -1639.985583749104 -1028.5299078521484 2002.6024894634184 -1401.3189674648806 0.0 613.488519580335; -8.564179544171886 3.53783816545343 7.917965690050942 -2.477061193569928 16.945150433107887 4.164141488617089 -12.122730291908924 3.783658068165807 -0.6427356621539836 -1.4183939924475413 3.655444474671275 0.44908825174141115 -3.1147527763553056 1.3834744723138024 -0.06629003568053358 2.9120656491257346 6.1011627857539965 0.17054188453214214 4.87795160215783 155.14387728301895 3.3009626709262427 1.9324152391040823 6.248209308669718 3.596354192119388 30.02667857865033 -2.2888389710614985 -33.23335899603937 -1.7728137341274177 -29.820521504816096 -18.884911225823817 36.670914811959705 -25.798052935999728 0.0 11.289815812794751; -277.58451544499763 105.64617138620362 272.78332717349883 -70.9759908168388 533.7232722048417 141.1618978239012 -397.2010038215994 135.63607164646163 -17.164166064205286 -45.24383696344242 126.55877948108149 22.341893766056785 -105.61091399336577 46.98659939751571 0.6912596529993374 104.04243469769499 197.05909568024802 8.279745620469711 168.21553842840012 3.3009626709262423 262.2951911639645 65.50398467114488 203.81436944005145 128.74606927026724 1050.1813711529555 -87.08475378179499 -1152.6726251903297 -55.3430559324047 -1049.334976562357 -655.8079564495129 1278.6975778634946 -892.5589952506754 0.0 391.3196365863602; -168.90476065236754 64.88630249601385 164.7890212155515 -43.85517643453314 325.6748926541802 85.42957646917785 -241.32483638965775 81.58454503846795 -10.252944930702935 -27.70597918485861 76.29577838440017 13.38192378721942 -64.52555782786095 28.32459692673663 0.6709186898242446 62.672044840094316 119.88169734122299 5.00175263755025 101.5677448035095 1.9324152391040825 65.50398467114486 194.72659500040655 123.77251296393852 77.48567863931906 641.2679005872694 -52.65453534536191 -704.8869571481936 -34.49911302416539 -639.6290211463053 -400.98738738810414 780.8582635229557 -546.2610123946903 0.0 239.174911988339; -526.0622773462849 200.97141089800914 515.3374600189935 -135.39826581434986 1012.4992401254109 266.88296410304946 -752.2095486882419 255.77386108227873 -31.80631030797242 -86.10537282091465 238.75907409104326 42.414643669292374 -201.11562394037637 88.57635357542878 2.110979935208846 196.3866212181302 373.3454037490192 15.809166586916527 317.6786431375846 6.248209308669711 203.8143694400514 123.77251296393845 540.8898626736224 242.87613801051873 2001.1107424216893 -165.1014559947895 -2198.3210346919864 -106.75187874674543 -1997.1849106210298 -1250.6359992220696 2436.446203781527 -1703.1630839247484 0.0 745.9730877837194; -331.7047882111488 128.3245088119522 321.9661829603198 -87.07062652353183 641.0673443443139 167.13336259320064 -473.46812458644365 158.89351837299736 -20.317672315706368 -54.53619075874225 148.95952348530435 25.63367968576018 -126.49405251472271 55.361510562031974 1.219097896356482 122.12302719622406 235.46931485356285 9.61038159748998 198.4113703585434 3.596354192119392 128.74606927026736 77.48567863931913 242.8761380105191 306.05611606115673 1254.9860545585489 -102.47707329560939 -1380.3947619810697 -68.13992659183387 -1251.013071729064 -785.2045316179069 1528.3929255218313 -1070.0445515241893 0.0 468.3666864074718; -2725.1565171478887 1044.3715090417584 2665.856819331343 -703.6382115603359 5251.99833250508 1381.1497505013135 -3896.2794941974666 1321.8906878271462 -174.70128017134883 -443.68673921699997 1238.3204789828576 211.0531874086292 -1028.6000561113065 460.8306724028368 1.1696914358967878 1014.563181734891 1935.7307733200848 78.02727829753492 1644.5267881549048 30.02667857865033 1050.181371152956 641.2679005872692 2001.11074242169 1254.9860545585468 10713.545329038248 -1107.451451875231 -11238.041311775494 -323.10820483769834 -10817.121523119898 -6431.216863301831 12748.538938648699 -8611.00793461307 0.0 3868.7788152165135; 225.13035887832112 -87.34312359456005 -218.1603651141339 59.112568036894615 -435.0239178257029 -113.25620767779112 321.10617019805625 -107.66247103989942 14.646644143521774 36.73694116418933 -101.85347542874467 -16.79950434574301 84.57804234999132 -37.96040501653896 0.05252208723857272 -83.21846064650175 -159.98047350322202 -6.220123431828364 -134.78201476486853 -2.2888389710614985 -87.084753781795 -52.654535345361886 -165.1014559947896 -102.47707329560932 -1107.4514518752312 419.72210770317315 956.3992573030533 -114.11140303267753 1301.283876511743 571.8350525228884 -1266.905607769951 674.4479812638899 0.0 -355.9012402266949; 2993.0605112975104 -1145.3004694800195 -2931.4112573987777 771.143020410073 -5766.464828518762 -1518.3421080580874 4280.617394209087 -1454.4410005066616 191.8852105391255 487.05407425395924 -1361.0020888296312 -232.60920879269668 1129.8874276874474 -506.4377537451454 -1.1623069553626484 -1115.3404939842653 -2125.984148682165 -85.95056613917137 -1808.0757075232166 -33.233358996039364 -1152.6726251903306 -704.8869571481928 -2198.321034691987 -1380.3947619810667 -11238.041311775503 956.3992573030524 12449.215329077733 565.3758653182285 11264.295294016287 6998.8478137827415 -13674.5554609091 9507.390048301346 0.0 -4194.099626255665; 144.92867235456526 -54.34807396110241 -144.14508511247053 36.27639075399175 -278.0147029440489 -74.41362049081766 208.09126534648965 -72.07461002750517 9.292163429832081 23.423874473963505 -66.52491249708963 -11.781688999022126 54.81128904902811 -24.723599990209035 0.018198332893973733 -54.68530053947544 -102.9133975457341 -4.323715773040129 -88.74705534389166 -1.7728137341274166 -55.34305593240472 -34.4991130241653 -106.75187874674549 -68.13992659183364 -323.10820483769766 -114.11140303267733 565.3758653182256 312.4260833268645 165.2220814589138 299.10410498961886 -460.3196022483757 491.24868993808155 0.0 -169.14591527379656; 2720.6028058848606 -1044.1545516117974 -2658.2627824318906 703.9966973443442 -5244.851060973488 -1377.5705919162713 3888.5956691766755 -1317.322625035409 173.97881313916162 443.30057636886283 -1235.1247610437397 -210.26156551826713 1027.3188752495703 -459.6299328056798 -1.7094500326023827 -1011.8506740084515 -1932.4631181373961 -77.81221484334222 -1639.9855837491025 -29.820521504816085 -1049.334976562357 -639.6290211463044 -1997.1849106210282 -1251.0130717290629 -10817.121523119897 1301.2838765117422 11264.295294016296 165.22208145891497 11423.27734606245 6473.784763807343 -12981.567014959019 8566.075478251974 0.0 -3904.6208969252566; 1702.795844147872 -651.6954423800612 -1667.4818825705206 438.8173596233362 -3280.712995578068 -863.7064304407274 2435.2055366140717 -827.2801645629768 109.20067978012352 277.0946678442718 -774.2823380013097 -132.25933948689897 642.73538259786 -288.1232029986496 -0.6316601321372801 -634.4945810822937 -1209.5118556142359 -48.86947859018268 -1028.5299078521489 -18.884911225823796 -655.8079564495126 -400.98738738810385 -1250.635999222071 -785.2045316179065 -6431.216863301827 571.8350525228889 6998.847813782736 299.10410498961875 6473.784763807344 4143.391497261772 -7813.969441888835 5403.0279771612095 0.0 -2391.5456710239837; -3318.0353302992 1271.1999133270397 3246.5205554154068 -856.4107768780214 6394.197080596919 1681.9114557141652 -4744.200937822788 1609.9802060902725 -212.36619561041465 -540.2692926108998 1507.7078131337387 257.3682946050838 -1252.8870620451803 561.0271384889094 1.7503581310926886 1235.442460088365 2356.7947052759864 95.17009029596316 2002.6024894634197 36.670914811959726 1278.697577863495 780.8582635229557 2436.4462037815288 1528.39292552183 12748.53893864871 -1266.9056077699506 -13674.555460909096 -460.31960224837695 -12981.567014959017 -7813.969441888843 15581.150892120795 -10505.770787394593 0.0 4693.9517437238555; 2318.5774895861914 -886.6304759431741 -2272.005857440645 596.7787433650337 -4466.357373982766 -1176.6633227527657 3316.4209351492977 -1127.5798721683343 148.84007137211267 377.1496244307149 -1054.7665063419188 -180.3355375743902 875.0469598272506 -392.49410621232397 -0.6605182388779277 -864.4049991079593 -1646.913652748986 -66.60202114985607 -1401.3189674648802 -25.79805293599974 -892.5589952506757 -546.2610123946902 -1703.1630839247498 -1070.0445515241884 -8611.007934613055 674.4479812638899 9507.39004830133 491.2486899380811 8566.075478251982 5403.027977161213 -10505.770787394596 7529.581306722981 0.0 -3234.345233869009; 0.0 0.0 0.0 0.0 0.0 0.0 0.0 0.0 0.0 0.0 0.0 0.0 0.0 0.0 0.0 0.0 0.0 0.0 0.0 0.0 0.0 0.0 0.0 0.0 0.0 0.0 0.0 0.0 0.0 0.0 0.0 0.0 155.11390926152419 0.0; -1015.7495233911991 388.7723919771299 994.594533581412 -261.7904531924237 1956.9547489291417 515.1766335074007 -1452.58891139991 493.4307730511043 -65.0032281637584 -165.3312359942659 461.84620364007117 78.99015501357286 -383.5743802587949 171.84180739309795 0.5142441351986093 378.5129533124033 721.4762271555194 29.196499441385008 613.4885195803345 11.28981581279475 391.31963658636096 239.17491198833898 745.9730877837203 468.36668640747155 3868.7788152165176 -355.9012402266952 -4194.099626255667 -169.1459152737972 -3904.6208969252602 -2391.545671023985 4693.951743723863 -3234.3452338690167 0.0 1430.6312472759687]
 * x: [-1.0605940485021526, -0.12052652881759633, 0.992025283981373, 0.12523659823333683, 0.40871992986203703, 0.6612876619653073, -0.9208592941605327, 1.0737062768031176, -0.2161722527314432, -1.1479726265156125, 0.9789337957817454, 0.6044378397525837, -0.6598934260160262, 0.6022641088227949, -0.5069938337887812, 1.1629686935027528, -0.4144685562051228, -0.5845100142994798, -0.10264915595312274, -0.2098578594532241, -0.010971290284859995, -0.4374666357379297, 0.0008013953397250861, -0.5470851040808147, -0.1761855451863877, 0.06942205783621005, 0.11276466057997481, -0.044616668497413046, 0.23484868892454416, 0.07272788480282574, -0.18766387610633276, 0.06733373868799672, 0.0, -0.007675415428401589]
bfgs   22   loss 1.975595e-08
n     Energy            log10(ΔE)   log10(Δρ)   Diag   Δtime 
---   ---------------   ---------   ---------   ----   ------
  1   -7.870747507248                   -2.91    1.0    376ms
  2   -7.870748488989       -6.01       -3.57    1.0    514ms
  3   -7.870748566624       -7.11       -4.21    2.3    543ms
  4   -7.870748571010       -8.36       -4.60    2.1    617ms
  5   -7.870748571271       -9.58       -5.33    1.5    488ms
  6   -7.870748571289      -10.76       -5.68    2.1    571ms
  7   -7.870748571290      -11.79       -6.43    1.3    531ms
  8   -7.870748571290      -12.95       -7.63    2.2    568ms
  9   -7.870748571290      -14.35       -7.90    3.1    722ms
 10   -7.870748571290   +  -15.05       -8.55    1.3    486ms
 11   -7.870748571290   +    -Inf       -9.39    1.9    580ms
 12   -7.870748571290   +  -14.57       -9.79    2.2    528ms
 13   -7.870748571290   +  -15.05      -10.29    1.8    575ms
n     Energy            log10(ΔE)   log10(Δρ)   Diag   Δtime 
---   ---------------   ---------   ---------   ----   ------
  1   -7.898340875764                   -2.95    1.0    779ms
  2   -7.898341829669       -6.02       -3.69    1.0    758ms
  3   -7.898341904754       -7.12       -4.26    2.3    1.03s
  4   -7.898341906375       -8.79       -5.25    1.8    1.05s
  5   -7.898341906460      -10.08       -6.06    2.7    1.01s
  6   -7.898341906461      -11.96       -6.48    2.5    1.08s
  7   -7.898341906461      -13.08       -7.06    1.6    945ms
  8   -7.898341906461      -14.45       -8.29    2.0    936ms
  9   -7.898341906461      -14.75       -8.60    3.2    1.27s
 10   -7.898341906461   +  -14.75       -9.49    1.2    850ms
 11   -7.898341906461      -14.75      -10.34    2.2    1.01s
n     Energy            log10(ΔE)   log10(Δρ)   Diag   Δtime 
---   ---------------   ---------   ---------   ----   ------
  1   -7.886540845454                   -3.01    1.0    717ms
  2   -7.886541686846       -6.08       -3.73    1.0    826ms
  3   -7.886541755528       -7.16       -4.25    2.1    995ms
  4   -7.886541756850       -8.88       -5.11    1.9    901ms
  5   -7.886541756921      -10.15       -5.82    2.3    1.02s
  6   -7.886541756923      -11.74       -6.14    2.2    1.00s
  7   -7.886541756923      -13.13       -7.26    1.1    777ms
  8   -7.886541756923      -13.85       -7.66    2.7    1.18s
  9   -7.886541756923   +  -14.45       -8.00    1.2    855ms
 10   -7.886541756923      -14.45       -9.15    1.4    838ms
 11   -7.886541756923   +  -14.45       -9.14    3.1    1.23s
 12   -7.886541756923      -14.45       -9.24    1.0    819ms
 13   -7.886541756923   +  -14.45      -10.07    1.0    749ms
n     Energy            log10(ΔE)   log10(Δρ)   Diag   Δtime 
---   ---------------   ---------   ---------   ----   ------
  1   -7.870748571290                  -10.77    1.0    357ms
n     Energy            log10(ΔE)   log10(Δρ)   Diag   Δtime 
---   ---------------   ---------   ---------   ----   ------
  1   -7.898341906461                  -11.36    1.0    761ms
n     Energy            log10(ΔE)   log10(Δρ)   Diag   Δtime 
---   ---------------   ---------   ---------   ----   ------
  1   -7.886541756923                  -11.07    1.0    752ms
n     Energy            log10(ΔE)   log10(Δρ)   Diag   Δtime 
---   ---------------   ---------   ---------   ----   ------
  1   -7.870748571290                  -11.24    1.0    464ms
n     Energy            log10(ΔE)   log10(Δρ)   Diag   Δtime 
---   ---------------   ---------   ---------   ----   ------
  1   -7.898341906461                  -11.93    1.0    722ms
n     Energy            log10(ΔE)   log10(Δρ)   Diag   Δtime 
---   ---------------   ---------   ---------   ----   ------
  1   -7.886541756923                  -11.47    1.0    729ms
n     Energy            log10(ΔE)   log10(Δρ)   Diag   Δtime 
---   ---------------   ---------   ---------   ----   ------
  1   -7.870748571290                  -11.68    1.0    459ms
n     Energy            log10(ΔE)   log10(Δρ)   Diag   Δtime 
---   ---------------   ---------   ---------   ----   ------
  1   -7.898341906461                  -12.05    1.0    751ms
n     Energy            log10(ΔE)   log10(Δρ)   Diag   Δtime 
---   ---------------   ---------   ---------   ----   ------
  1   -7.886541756923                  -11.80    1.0    704ms
    23     1.457518e-08     2.156863e-04
 * Current step size: 1.0
 * time: 1358.388503074646
 * g(x): [-1.9121929242842336e-6, 8.967638655647217e-7, 1.6863654895115174e-6, -6.171142192132881e-7, 4.080931818388271e-6, 9.042493332592429e-7, -2.7325163135642674e-6, 7.666206714655924e-7, -6.38526527210276e-7, -1.887301454654842e-7, 8.907547793117619e-7, -3.223977533871089e-7, -2.647713962076365e-8, 4.0775940847016514e-7, -5.021814562332773e-7, 5.142856022051138e-7, 1.4416376701111692e-6, -1.5262553707613364e-7, 1.077132711325272e-6, -1.065086099761341e-7, 4.1787457387967616e-7, 4.50034188497691e-7, 1.539649634785678e-6, 6.902857731228591e-7, -1.3410122749125394e-5, -1.6227954243064812e-6, 2.13436165862753e-5, 5.073233086950507e-6, 5.52949399452726e-6, 1.11913251765634e-5, -1.6061037266074528e-5, 1.9310005577750372e-5, 0.0, 0.00021568632748741878]
 * ~inv(H): [607.6221563797102 -168.78636914234087 -451.024693181476 112.04799687705693 -864.5778636893637 -232.5676107090685 649.4114217432452 -226.18755324782174 29.059865200453615 72.78536313924967 -210.83757815608067 -37.57706418033581 170.32992325286628 -78.3220166673737 0.3412132025870281 -173.49009466253437 -321.2718213886856 -13.678626359367339 -278.56998145913116 -5.80069487759245 -172.91569971117238 -108.13940207356089 -333.52738363990085 -214.62461542618732 -1737.0980161261639 167.99189847383855 1869.8963894596147 66.68617483789558 1765.6844026002511 1067.369842107551 -2105.061655659313 1437.3785165366105 0.0 -639.2083549236288; -168.78636914234042 216.94242907977178 170.32819140311275 -40.60285747827925 320.61777572155444 87.55622479337481 -242.809618118993 86.04572753158324 -10.560018385377337 -27.010430674800592 79.7305914291755 14.884468394891233 -63.91486915094027 29.53286348118188 0.04555502238502878 65.93166591962955 119.7839483758914 5.3943411822338705 105.23700780167141 2.428006126624109 64.414257440875 40.72290323047951 124.64179718873817 81.61609797898782 653.5102211751692 -63.23015847678322 -703.3680809700796 -25.01021627714198 -664.3261537247726 -401.46669252446935 791.9231579681766 -540.6147641230268 0.0 240.32167219974494; -451.0246931814753 170.32819140311292 600.7528323267506 -113.9023635294194 865.2058263085197 230.29783249070968 -646.1986285611928 222.31815981430302 -29.368133228826245 -72.83869318124988 208.07693345526573 35.92853220944651 -169.22659750642867 77.43909576633257 -0.5444483657862291 170.65872475979708 320.29542578740956 13.132788361069522 275.16168472241833 5.313348532260254 172.58371341643715 107.05404675942765 331.9573669677405 211.01638920591554 1723.1418096371249 -166.55214004103647 -1855.2170096405562 -66.38511454874916 -1751.167179944682 -1059.0278335623934 2088.1380111644658 -1426.2896078287017 0.0 634.3638537588969; 112.0479968770567 -40.60285747827928 -113.90236352941929 181.59684177947273 -212.11730852973446 -58.44468172234219 161.4207850117626 -57.78531894844396 6.944967235528527 17.863448265804593 -53.37269403552185 -10.189571273091847 42.52018653584145 -19.74256733772063 -0.05337799651989508 -44.245452727417046 -79.50536218853355 -3.6802910887558817 -70.39317974185269 -1.707190612348336 -42.69865954759816 -27.19049732005092 -82.85094180456394 -54.795688066043496 -434.9067018344421 41.915124308866424 468.2716489862809 16.767007685126313 441.9993929531995 267.24169052064286 -527.1189620388891 359.93512577174687 0.0 -159.93146365974897; -864.5778636893618 320.6177757215543 865.2058263085183 -212.1173085297339 1803.905272861695 445.6874423925356 -1241.7402659690706 434.93224692255535 -54.95148844808032 -138.86909175070485 404.58300674478323 73.31776214392814 -326.23085727456805 150.13726220204836 -0.2550626253377606 333.4952045995497 613.7328329769259 26.65893020785759 534.4259286380843 11.542562653907297 330.316631102345 207.24396423972303 637.6033696392321 412.6497700156544 3329.382731678305 -321.5491418586566 -3584.5582219692933 -128.2158465276988 -3383.5687392386176 -2045.9929179476735 4034.7762844313083 -2755.5809731976283 0.0 1225.0254517569122; -232.56761070906796 87.55622479337482 230.2978324907095 -58.44468172234206 445.6874423925355 274.06108093047743 -333.34827479210304 115.0427809112075 -15.084908007805828 -37.52267576719293 107.55927381607603 18.72931410190479 -87.34056548876842 40.01025635199043 -0.24795188850676117 88.29289914159978 165.14716101345846 6.839231961172494 142.20811647382402 2.8018920214433862 88.96537267748143 55.29597510766175 171.2313572910206 109.18627602381919 889.6457638060878 -85.96095435843372 -957.8565776848052 -34.28679730606056 -904.1034856197772 -546.7685148899432 1078.1081253321995 -736.3934007502291 0.0 327.4923495278415; 649.411421743244 -242.80961811899363 -646.198628561194 161.4207850117625 -1241.7402659690713 -333.3482747921034 1086.8060252400135 -323.74255756004777 41.77714206122442 104.54904831978733 -301.9908364605772 -53.53605362943338 244.35183904437164 -112.2175103826108 0.5062181334381232 -248.35658884321455 -461.08436713457417 -19.506288399020722 -399.08831745365256 -8.20298111218708 -248.24942241413208 -154.98868629139972 -478.5126219869953 -307.21121412479914 -2491.193611840999 240.76907249938193 2681.958915909349 95.84436878032587 2531.8995062279037 1530.8962180945523 -3018.9315746116545 2061.732372265834 0.0 -916.8160078785735; -226.18755324782163 86.04572753158332 222.31815981430313 -57.78531894844387 434.9322469225556 115.04278091120761 -323.7425575600478 265.67082949941357 -14.86179919257181 -36.61167068272063 103.737728472024 17.551279070300126 -84.68314846965053 38.65267101279667 -0.34751575178437655 84.90830145399639 160.6519510185377 6.431167131525283 137.248969116249 2.521823691728438 86.61100501169638 53.47000219450623 166.33720524965437 104.95567221551877 861.6124905368781 -83.3599189998344 -927.5841956400327 -33.15189294416841 -875.6666643143466 -529.5303985741853 1044.0723168809197 -713.1354816848149 0.0 317.2506584045257; 29.059865200453586 -10.56001838537737 -29.368133228826235 6.9449672355285434 -54.95148844808037 -15.08490800780585 41.77714206122438 -14.861799192571816 156.5464217852295 4.743366167885442 -13.659897476468743 -2.871364268137963 11.490016747275192 -5.006266798858951 -0.3894726778766904 -11.439997744051078 -20.555072035984082 -1.068595759279685 -18.111218781192235 -0.5007108543338603 -11.322306412062321 -6.991683962617811 -21.33945105339772 -14.121133947230584 -120.49770591564508 12.381091137809841 128.9031755390177 4.071111373683182 122.78858619023093 73.68802795858899 -145.50312512772177 99.01747272113423 0.0 -44.0569596740977; 72.78536313924941 -27.010430674800592 -72.83869318124977 17.863448265804536 -138.86909175070508 -37.522675767192965 104.54904831978695 -36.61167068272055 4.743366167885436 166.7752441886606 -34.089044323389565 -6.083224774228221 27.317066336647034 -12.666047332467194 0.13828321287561568 -28.05724058391109 -51.68853714833473 -2.203228046947892 -45.00265413875343 -0.9480660617201954 -27.73636146039138 -17.45574724473909 -53.716036559360006 -34.72873978936736 -277.79403317971935 26.56772886220861 299.3830698950186 10.902556004209723 282.1799812119415 170.8414961289151 -336.82652007395296 230.17983672126664 0.0 -102.30282845123863; -210.83757815608078 79.73059142917563 208.0769334552662 -53.37269403552196 404.5830067447839 107.55927381607634 -301.9908364605776 103.73772847202412 -13.659897476468768 -34.08904432338963 252.2413099674752 16.769998288656126 -79.17861855965343 36.144304423025034 -0.17503016262595136 79.65810709069969 149.71354408735584 6.139434688953881 128.46864823134 2.473417455304122 80.74613950628355 49.99281038215397 155.11715313539474 98.47642112618713 807.9805746877101 -78.92591484077018 -868.7377009525773 -30.353777511038714 -821.9128247042852 -496.0542281757054 978.6847729398725 -667.6298871667749 0.0 297.1941267134395; -37.577064180335874 14.884468394891245 35.928532209446516 -10.18957127309185 73.31776214392822 18.729314101904826 -53.53605362943338 17.551279070300133 -2.8713642681379596 -6.083224774228227 16.769998288656105 157.40965325805604 -13.556863781914101 6.326120192232804 -0.4073768686200705 13.472900674348923 26.762755307267742 0.834937034647366 22.18638910240965 0.23797427132784438 14.26801343079775 8.716543668014426 27.609934849176792 16.659271694377573 134.99547736211525 -12.547311469879986 -145.92161688681838 -5.602616276265787 -136.955914067711 -83.23619920063537 163.94332621511825 -112.25443129043192 0.0 49.9564451569708; 170.3299232528663 -63.91486915094033 -169.2265975064287 42.520186535841475 -326.2308572745684 -87.34056548876876 244.3518390443718 -84.68314846965059 11.490016747275199 27.31706633664709 -79.17861855965346 -13.556863781914117 218.54822949243012 -29.499628193773255 0.6489891296894491 -64.89915111718321 -121.03171484952438 -4.907136035639603 -104.551192646429 -2.0183332925135287 -64.82335447011901 -40.63804808660777 -125.64178612747337 -80.32920329955816 -642.0631397246264 60.83473259961627 692.6826408758499 25.688061914189376 651.8342953455558 395.197659873059 -778.8748840259667 532.6841071479934 0.0 -236.73177526791645; -78.32201666737338 29.532863481181828 77.43909576633247 -19.742567337720594 150.1372622020483 40.01025635199043 -112.21751038261064 38.65267101279662 -5.006266798858946 -12.666047332467182 36.14430442302495 6.326120192232793 -29.499628193773194 168.55191862691441 -0.004449456625233616 29.68319482728903 55.60331095118737 2.31766827087675 47.80991425242764 0.9467413437908857 30.019602150523106 18.594195954850086 57.62276199453141 36.69350720427849 301.53172326048707 -29.547526520152413 -324.0994842299774 -11.254804502744319 -306.7733344518584 -185.0756274304664 365.17123531329497 -249.0612145132919 0.0 110.86779346259641; 0.3412132025870214 0.04555502238503825 -0.5444483657862401 -0.0533779965199177 -0.25506262533766155 -0.24795188850675767 0.5062181334381141 -0.3475157517843722 -0.3894726778766832 0.13828321287561318 -0.1750301626259601 -0.4073768686200725 0.6489891296894432 -0.004449456625232482 154.7150561668858 -0.31457317721202804 -0.1695663180769263 -0.17423466304452678 -0.30511641805749773 -0.10834821242855286 -0.35893267704414755 -0.09157459838500663 -0.1482562364412602 -0.3522743483831704 -9.850185312980267 1.709464876922186 9.760663393854664 -0.19898548489452852 10.343414976957124 5.687845785710276 -11.40140773092845 7.429504176483644 0.0 -3.3453820593586383; -173.49009466253443 65.93166591962967 170.6587247597971 -44.245452727416996 333.4952045995504 88.29289914159986 -248.3565888432146 84.90830145399647 -11.439997744051086 -28.057240583911167 79.65810709069966 13.472900674348935 -64.89915111718322 29.683194827289057 -0.3145731772120205 220.31298522943126 123.22997800150564 4.930558273000912 105.36707625388534 1.9394887636172473 66.39037304413732 41.04264113079603 127.61856918182939 80.60190319883672 660.7942777042481 -64.29151972386401 -710.789535820354 -25.03449135316682 -672.0535841762894 -405.83139378602 800.5783989330707 -546.2866674155758 0.0 243.18396817588993; -321.2718213886852 119.78394837589146 320.2954257874099 -79.50536218853354 613.7328329769264 165.1471610134587 -461.0843671345741 160.651951018538 -20.55507203598409 -51.688537148334774 149.71354408735556 26.762755307267753 -121.03171484952422 55.6033109511874 -0.16956631807692316 123.22997800150563 383.197270100875 9.746267043843163 197.82152615639583 4.141844069062023 122.8058732092735 76.78610397647947 236.78478256277032 152.4425600657373 1234.8781549612322 -119.531113353949 -1329.1717668937888 -47.32840860106324 -1255.2279394177526 -758.7291695445778 1496.3749371797103 -1021.7221446305585 0.0 454.3601565153516; -13.678626359367339 5.394341182233876 13.132788361069533 -3.6802910887558915 26.6589302078577 6.839231961172517 -19.506288399020722 6.431167131525295 -1.0685957592796833 -2.2032280469479 6.139434688953878 0.8349370346473658 -4.9071360356396045 2.3176682708767564 -0.17423466304452856 4.930558273000913 9.74626704384318 155.41474506097657 8.113266829631959 0.08729346195456623 5.173176199621265 3.1851411819122846 10.066669409998653 6.101448190194295 48.6069035378224 -4.431380474962504 -52.64474343964499 -2.087375370853823 -49.25840754203631 -30.01484293499363 59.08493075933813 -40.51244906247855 0.0 18.013767003297705; -278.56998145913093 105.23700780167154 275.16168472241856 -70.39317974185262 534.4259286380847 142.20811647382433 -399.088317453652 137.2489691162491 -18.11121878119226 -45.00265413875353 128.46864823133978 22.186389102409677 -104.55119264642903 47.80991425242775 -0.30511641805748807 105.3670762538852 197.82152615639615 8.11326682963195 325.0104532322104 3.2793123795215635 106.62075730713202 66.10322697002938 205.0076003194878 130.2766780297454 1065.2112078945759 -103.24436582484942 -1146.4570247585539 -40.77344040923255 -1082.801627172573 -654.4909138635813 1290.6900672724173 -881.309969221083 0.0 392.06133068372816; -5.800694877592446 2.428006126624109 5.313348532260257 -1.7071906123483365 11.542562653907307 2.8018920214433907 -8.202981112187075 2.521823691728439 -0.5007108543338605 -0.948066061720197 2.473417455304119 0.23797427132784385 -2.0183332925135278 0.946741343790887 -0.10834821242855286 1.9394887636172475 4.1418440690620235 0.08729346195456607 3.2793123795215644 155.11596655837704 2.196160176745758 1.3044421179954613 4.244715356356006 2.3953791602576424 19.69464522905099 -1.780890709443737 -21.34770521919248 -0.8589357238083517 -19.958201131898807 -12.17292920483942 23.953893361061123 -16.43081234848749 0.0 7.3225070011606475; -172.9156997111719 64.41425744087496 172.58371341643695 -42.69865954759817 330.3166311023447 88.9653726774815 -248.24942241413177 86.6110050116964 -11.322306412062302 -27.736361460391418 80.74613950628337 14.26801343079775 -64.82335447011891 30.019602150523117 -0.3589326770441687 66.39037304413725 122.80587320927341 5.173176199621258 106.62075730713185 2.196160176745758 221.03021875688208 41.38432853375963 127.55880742399236 82.16404658291299 659.4636265419082 -63.40005768677109 -710.242880301767 -25.567703501535036 -670.2229899903909 -405.3554387850347 799.4419311895798 -545.9554630493551 0.0 242.7836021881522; -108.13940207356079 40.72290323047957 107.05404675942758 -27.190497320050905 207.24396423972306 55.29597510766181 -154.9886862913996 53.47000219450625 -6.991683962617811 -17.45574724473911 49.99281038215389 8.71654366801442 -40.63804808660777 18.594195954850115 -0.09157459838500089 41.04264113079601 76.7861039764795 3.1851411819122855 66.10322697002934 1.3044421179954617 41.38432853375962 180.8181973688002 79.60713218262595 50.75060491667599 414.2640718194852 -40.15599459504562 -445.853880568302 -15.850970623927456 -421.10407696081455 -254.52663597565024 501.948503274887 -342.73596406887884 0.0 152.45590811790834; -333.52738363990005 124.64179718873814 331.9573669677401 -82.8509418045637 637.6033696392319 171.23135729102057 -478.5126219869946 166.33720524965412 -21.339451053397685 -53.71603655936005 155.11715313539455 27.609934849176707 -125.64178612747287 57.62276199453143 -0.14825623644126196 127.61856918182913 236.78478256276986 10.066669409998632 205.00760031948712 4.244715356355999 127.5588074239923 79.60713218262588 400.8445789110669 157.85015943996805 1282.0271882841466 -124.21619761995622 -1379.812257488532 -49.06229300445435 -1303.1808777569065 -787.6634837135716 1553.417138579515 -1060.6583016496045 0.0 471.7031855317801; -214.62461542618752 81.61609797898801 211.0163892059157 -54.795688066043525 412.64977001565506 109.18627602381945 -307.2112141247992 104.955672215519 -14.121133947230613 -34.7287397893675 98.47642112618709 16.65927169437759 -80.32920329955832 36.693507204278546 -0.35227434838315846 80.60190319883681 152.44256006573752 6.101448190194306 130.27667802974557 2.3953791602576464 82.1640465829131 50.75060491667606 157.85015943996842 254.75019044415902 817.4886829023341 -79.23275267680783 -879.8414086335328 -31.298172041497008 -831.0173666740781 -502.3002964397825 990.5472580578354 -676.3589604327776 0.0 300.95456639461963; -1737.098016126162 653.5102211751692 1723.141809637124 -434.9067018344424 3329.3827316783086 889.6457638060886 -2491.193611840993 861.6124905368774 -120.49770591564483 -277.79403317972 807.9805746877091 134.99547736211517 -642.0631397246258 301.53172326048707 -9.850185312980763 660.7942777042473 1234.8781549612327 48.606903537822284 1065.2112078945745 19.69464522905099 659.4636265419088 414.26407181948497 1282.0271882841475 817.488682902332 7023.973133467434 -892.9319925274788 -7045.77934724526 -32.172474362821674 -7249.711000264403 -4059.3015081204726 8219.52328368242 -5322.435578543846 0.0 2463.097559133921; 167.99189847383843 -63.230158476783274 -166.55214004103638 41.9151243088664 -321.54914185865704 -85.9609543584338 240.76907249938188 -83.35991899983436 12.381091137809866 26.56772886220862 -78.9259148407701 -12.547311469879972 60.8347325996163 -29.547526520152424 1.709464876922174 -64.29151972386398 -119.5311133539489 -4.4313804749624985 -103.24436582484928 -1.780890709443737 -63.400057686771106 -40.1559945950456 -124.21619761995633 -79.23275267680776 -892.931992527479 415.66849410535724 699.4109270339924 -140.02523660145124 1105.4478149718047 427.590518600936 -1000.4696978062804 468.8932370912698 0.0 -271.3650834326741; 1869.8963894596106 -703.3680809700786 -1855.217009640555 468.27164898628166 -3584.558221969297 -957.8565776848059 2681.95891590935 -927.5841956400318 128.90317553901707 299.383069895019 -868.7377009525757 -145.921616886818 692.6826408758494 -324.09948422997786 9.760663393854477 -710.7895358203524 -1329.1717668937874 -52.644743439645005 -1146.457024758553 -21.347705219192477 -710.2428803017679 -445.85388056830124 -1379.8122574885324 -879.8414086335299 -7045.779347245269 699.4109270339915 7706.600265785971 248.95371940694125 7192.624937875966 4313.734199923438 -8533.369705640904 5793.332724303618 0.0 -2601.3145100334577; 66.68617483789517 -25.01021627714184 -66.38511454874929 16.767007685126302 -128.21584652769894 -34.286797306060656 95.8443687803258 -33.15189294416854 4.071111373683214 10.902556004209801 -30.35377751103866 -5.602616276265778 25.688061914189166 -11.254804502744376 -0.19898548489441947 -25.03449135316676 -47.32840860106313 -2.0873753708538025 -40.773440409232435 -0.8589357238083507 -25.567703501535046 -15.850970623927365 -49.06229300445441 -31.298172041496784 -32.172474362821006 -140.02523660145104 248.95371940693826 299.1020728112366 -128.45817837569192 118.84259212832441 -106.51418312409135 247.27075259120494 0.0 -61.30302599265557; 1765.6844026002464 -664.3261537247723 -1751.1671799446797 441.99939295319945 -3383.568739238622 -904.1034856197781 2531.8995062279 -875.6666643143459 122.78858619023072 282.17998121194165 -821.9128247042829 -136.95591406771078 651.8342953455549 -306.77333445185843 10.343414976957229 -672.0535841762877 -1255.2279394177517 -49.25840754203627 -1082.8016271725712 -19.958201131898797 -670.2229899903909 -421.10407696081364 -1303.1808777569047 -831.0173666740769 -7249.7110002644 1105.4478149718038 7192.624937875974 -128.45817837569078 7989.913381581165 4171.687511880019 -8598.229822265619 5366.648355350342 0.0 -2541.6207180681436; 1067.3698421075467 -401.46669252446867 -1059.0278335623948 267.2416905206424 -2045.9929179476699 -546.7685148899436 1530.8962180945528 -529.5303985741857 73.6880279585891 170.84149612891525 -496.05422817570576 -83.2361992006351 395.1976598730583 -185.07562743046662 5.687845785710529 -405.8313937860195 -758.7291695445787 -30.014842934993485 -654.4909138635818 -12.172929204839402 -405.35543878503455 -254.52663597564995 -787.6634837135731 -502.3002964397822 -4059.3015081204694 427.59051860093643 4313.734199923432 118.84259212832433 4171.687511880021 2623.3272020209333 -4904.741322066646 3299.7038552170575 0.0 -1489.9878964133113; -2105.0616556593086 791.9231579681771 2088.1380111644658 -527.1189620388893 4034.7762844313165 1078.1081253322016 -3018.9315746116586 1044.07231688092 -145.5031251277214 -336.8265200739534 978.6847729398714 163.94332621511813 -778.8748840259688 365.17123531329554 -11.401407730928344 800.5783989330705 1496.3749371797126 59.084930759338164 1290.6900672724187 23.953893361061148 799.4419311895801 501.948503274887 1553.417138579517 990.547258057834 8219.523283682429 -1000.4696978062798 -8533.369705640898 -106.51418312409254 -8598.229822265615 -4904.741322066654 10022.851858543348 -6474.28966827134 0.0 2969.489632222757; 1437.378516536605 -540.6147641230262 -1426.2896078287015 359.9351257717456 -2755.580973197635 -736.3934007502304 2061.732372265831 -713.1354816848152 99.01747272113433 230.17983672126692 -667.6298871667736 -112.25443129043182 532.6841071479922 -249.06121451329233 7.429504176483678 -546.2866674155755 -1021.7221446305572 -40.51244906247838 -881.3099692210825 -16.430812348487503 -545.9554630493556 -342.73596406887873 -1060.6583016496056 -676.3589604327769 -5322.435578543831 468.8932370912698 5793.332724303602 247.2707525912045 5366.648355350349 3299.703855217061 -6474.289668271344 4622.886404214187 0.0 -1986.2243350775113; 0.0 0.0 0.0 0.0 0.0 0.0 0.0 0.0 0.0 0.0 0.0 0.0 0.0 0.0 0.0 0.0 0.0 0.0 0.0 0.0 0.0 0.0 0.0 0.0 0.0 0.0 0.0 0.0 0.0 0.0 0.0 0.0 155.11390926152419 0.0; -639.2083549236306 240.32167219974517 634.3638537588965 -159.93146365974923 1225.0254517569153 327.49234952784207 -916.8160078785731 317.2506584045266 -44.05695967409773 -102.30282845123914 297.19412671343923 49.95644515697091 -236.7317752679163 110.86779346259664 -3.345382059358762 243.18396817588987 454.36015651535183 18.0137670032977 392.0613306837276 7.322507001160647 242.78360218815297 152.45590811790834 471.703185531781 300.9545663946194 2463.0975591339247 -271.36508343267445 -2601.3145100334605 -61.30302599265619 -2541.6207180681477 -1489.9878964133125 2969.4896322227637 -1986.2243350775188 0.0 896.019943486183]
 * x: [-1.0616629680646619, -0.12006926046836992, 0.992978854328308, 0.12490810057249443, 0.41085213481594846, 0.6617936762031885, -0.922358450354968, 1.074151451129477, -0.21621108202525446, -1.1481652220332113, 0.9793547044996631, 0.6045167901224681, -0.6603432900137555, 0.6024182246877097, -0.506958666651963, 1.1633165083263024, -0.4137121767445906, -0.5844761939580334, -0.10206719430280664, -0.20984872317031905, -0.010523751197765639, -0.43723539057148003, 0.0015634005980110443, -0.546658666844364, -0.17216769197800272, 0.06938037850598539, 0.10789752689039989, -0.0451386219099407, 0.23122787001310666, 0.0700004770182435, -0.18266100384986597, 0.06342542301683082, 0.0, -0.006080674482725298]
bfgs   23   loss 1.457518e-08
n     Energy            log10(ΔE)   log10(Δρ)   Diag   Δtime 
---   ---------------   ---------   ---------   ----   ------
  1   -7.873456813102                   -2.99    1.0    402ms
  2   -7.873457458814       -6.19       -3.67    1.0    443ms
  3   -7.873457509210       -7.30       -4.31    2.3    561ms
  4   -7.873457511847       -8.58       -4.70    2.1    627ms
  5   -7.873457512018       -9.77       -5.44    1.6    508ms
  6   -7.873457512029      -10.96       -5.77    2.0    592ms
  7   -7.873457512030      -11.97       -6.56    1.3    484ms
  8   -7.873457512031      -13.17       -7.79    2.2    630ms
  9   -7.873457512031      -15.05       -7.97    3.2    648ms
 10   -7.873457512031      -14.57       -8.72    1.1    526ms
 11   -7.873457512031   +  -14.57       -9.42    2.2    508ms
 12   -7.873457512031      -14.75       -9.90    2.2    557ms
 13   -7.873457512031   +    -Inf      -10.50    1.7    550ms
n     Energy            log10(ΔE)   log10(Δρ)   Diag   Δtime 
---   ---------------   ---------   ---------   ----   ------
  1   -7.901066960708                   -3.04    1.0    729ms
  2   -7.901067583908       -6.21       -3.79    1.0    780ms
  3   -7.901067630995       -7.33       -4.34    2.3    1.03s
  4   -7.901067631801       -9.09       -5.34    1.8    965ms
  5   -7.901067631869      -10.17       -6.06    2.8    1.01s
  6   -7.901067631870      -12.14       -6.58    2.3    1.02s
  7   -7.901067631870      -13.47       -7.49    1.7    861ms
  8   -7.901067631870   +    -Inf       -8.56    2.5    1.03s
  9   -7.901067631870      -14.75       -8.95    2.9    1.18s
 10   -7.901067631870   +  -14.75      -10.06    1.3    838ms
n     Energy            log10(ΔE)   log10(Δρ)   Diag   Δtime 
---   ---------------   ---------   ---------   ----   ------
  1   -7.889254427861                   -3.09    1.0    754ms
  2   -7.889254974397       -6.26       -3.85    1.0    797ms
  3   -7.889255017161       -7.37       -4.34    2.2    995ms
  4   -7.889255017969       -9.09       -5.15    1.9    986ms
  5   -7.889255018016      -10.33       -5.88    2.2    954ms
  6   -7.889255018017      -11.87       -6.17    2.3    1.10s
  7   -7.889255018017      -13.10       -7.19    1.0    795ms
  8   -7.889255018017      -14.27       -7.86    2.4    1.12s
  9   -7.889255018017   +  -14.75       -7.95    1.9    1.01s
 10   -7.889255018017   +    -Inf       -9.12    1.0    752ms
 11   -7.889255018017   +    -Inf       -9.59    2.9    1.13s
 12   -7.889255018017      -14.45       -9.89    1.5    928ms
 13   -7.889255018017   +  -14.45      -10.30    1.4    802ms
n     Energy            log10(ΔE)   log10(Δρ)   Diag   Δtime 
---   ---------------   ---------   ---------   ----   ------
  1   -7.873457512031                  -11.11    1.0    402ms
n     Energy            log10(ΔE)   log10(Δρ)   Diag   Δtime 
---   ---------------   ---------   ---------   ----   ------
  1   -7.901067631870                  -10.78    1.0    756ms
n     Energy            log10(ΔE)   log10(Δρ)   Diag   Δtime 
---   ---------------   ---------   ---------   ----   ------
  1   -7.889255018017                  -11.00    1.0    740ms
n     Energy            log10(ΔE)   log10(Δρ)   Diag   Δtime 
---   ---------------   ---------   ---------   ----   ------
  1   -7.873457512031                  -11.51    1.0    376ms
n     Energy            log10(ΔE)   log10(Δρ)   Diag   Δtime 
---   ---------------   ---------   ---------   ----   ------
  1   -7.901067631870                  -11.33    1.0    753ms
n     Energy            log10(ΔE)   log10(Δρ)   Diag   Δtime 
---   ---------------   ---------   ---------   ----   ------
  1   -7.889255018017                  -11.44    1.0    764ms
n     Energy            log10(ΔE)   log10(Δρ)   Diag   Δtime 
---   ---------------   ---------   ---------   ----   ------
  1   -7.873457512031                  -11.94    1.0    417ms
n     Energy            log10(ΔE)   log10(Δρ)   Diag   Δtime 
---   ---------------   ---------   ---------   ----   ------
  1   -7.901067631870                  -11.53    1.0    730ms
n     Energy            log10(ΔE)   log10(Δρ)   Diag   Δtime 
---   ---------------   ---------   ---------   ----   ------
  1   -7.889255018017                  -11.83    1.0    715ms
    24     1.129358e-08     1.148507e-04
 * Current step size: 1.0
 * time: 1406.2016911506653
 * g(x): [-1.0400468361626973e-6, 4.788536930761825e-7, 9.281883918168221e-7, -3.2809718577241886e-7, 2.2020179097378003e-6, 4.957814091810517e-7, -1.4889437017901145e-6, 4.262257952246483e-7, -3.433413998063725e-7, -1.0133885579327353e-7, 4.909113828239865e-7, -1.7097550549599887e-7, -1.3462404255104885e-8, 2.2372940656161582e-7, -2.6989316157321416e-7, 2.861418448327611e-7, 7.821546375080289e-7, -8.161509026511607e-8, 5.923554208271643e-7, -5.6544773280514626e-8, 2.246098536304857e-7, 2.465408984263505e-7, 8.371081689140134e-7, 3.836008159065791e-7, -7.11900493349683e-6, -8.590089637344916e-7, 1.1326197480145383e-5, 2.694096193706416e-6, 2.917942780067298e-6, 5.940334952154352e-6, -8.515025722493055e-6, 1.0253369782798193e-5, 0.0, 0.00011485068933307294]
 * ~inv(H): [2156.805243214352 -721.3872704796198 -2044.356431848179 467.5279834508787 -3787.223696301114 -1047.8674518929147 2888.8203948829114 -1039.6700917139433 149.10111264259177 309.89747770184044 -964.9247251413606 -162.38329563546156 719.8517498425945 -360.5477672124668 24.273317310169887 -789.9061952927829 -1423.21252803783 -56.180385194903366 -1265.1447856822556 -25.501591847374886 -741.484454553009 -489.1450870800856 -1488.8032192285555 -982.4999470941274 -7532.134648447599 876.0706092682916 7873.967361345462 129.32068842851845 7871.136104753793 4515.629864160145 -9078.397722143487 5975.726055281102 0.0 -2723.5983113225257; -721.3872704796194 413.9709000615583 738.8502166930988 -167.30713405774918 1363.0104914362307 378.4448881104152 -1041.6719572256757 376.35601498155575 -53.42639002733084 -111.55646836206249 348.8205852851374 59.41391175002045 -259.8599081648127 130.24579010000045 -8.545827136749578 285.89338144269715 512.8569973290548 20.550940784331644 457.2664147689563 9.4610923635289 267.1669029987053 176.66563066721653 536.7747087779607 355.639799506899 2720.1396565111663 -315.99705790305876 -2844.124160599695 -47.060806006887645 -2842.062832523705 -1630.9821651327024 3278.6885120175816 -2158.611748477279 0.0 983.5720700598453; -2044.3564318481783 738.8502166930989 2239.1464889218264 -479.70631314152627 3871.397940437025 1068.6978694996906 -2949.317507191638 1058.7099004917575 -152.73648561982083 -316.7737259555677 983.4477340346594 164.27062705181135 -734.5521354200544 367.6246897009597 -25.04960519034512 804.4757093297607 1453.6280828797242 56.8536890933582 1289.625713335137 25.564357733344032 757.4721255183406 498.84550050812413 1520.0754193977677 1000.537631608258 7684.296687545359 -894.4273561203828 -8032.233786425233 -131.38526993296114 -8030.824751129872 -4606.542947001631 9261.508329499493 -6095.670561593555 0.0 2778.6754623322477; 467.5279834508785 -167.3071340577492 -479.70631314152615 263.0577468293957 -882.611997341478 -245.60102691200862 675.3430289329118 -244.6027571981308 34.54261794547305 72.23501816212959 -226.52344973487092 -38.83967342868714 168.5345725758324 -84.54947882757719 5.499282822459961 -185.78304818546442 -332.366103220496 -13.42841976016588 -296.90236489591047 -6.234168040083583 -173.09867386054933 -114.65762433032249 -347.9892057956391 -231.12753159838442 -1764.1075509715715 204.60739177844076 1844.9497497347606 30.81352709188362 1842.854559335202 1057.9358566408448 -2126.506818227256 1400.3638932048493 0.0 -637.9294470373944; -3787.2236963011123 1363.0104914362305 3871.3979404370234 -882.6119973414773 7317.496813094744 1983.9094014674724 -5466.628088396903 1969.8293278914045 -281.4878054946825 -586.1493411375449 1827.3764527154892 308.7892651366507 -1362.8367525645306 682.6383252079768 -45.4857972518447 1496.5320725511715 2692.6319181261906 106.83567090408194 2395.838923959186 48.71815581607341 1402.8759172547022 926.092404850891 2817.17488419281 1861.4784536735672 14261.415331135297 -1657.6753258023928 -14910.301390903027 -245.94824229524863 -14901.786336635894 -8550.650459330223 17189.505259071306 -11316.236780982485 0.0 5156.9902415529705; -1047.867451892914 378.4448881104152 1068.6978694996903 -245.60102691200848 1983.9094014674722 703.0826056445966 -1511.8559547696511 543.05371925951 -78.22336579933982 -162.33496026531367 504.33788560431003 84.40387454425391 -376.5972354629471 188.5069352255145 -12.800462730669427 412.6341645599652 745.0691536128436 29.210026376886063 661.331964364719 13.165618558551857 388.23555590735117 255.78252762016305 779.1952951224929 513.2093550956156 3939.8198063581826 -458.45786946839996 -4118.379456537506 -67.47593206177413 -4117.346662406647 -2361.8933449877186 4748.525465558329 -3125.484020055798 0.0 1424.6620530573225; 2888.82039488291 -1041.6719572256761 -2949.3175071916394 675.3430289329116 -5466.628088396904 -1511.8559547696514 4323.931063143071 -1499.579328549302 215.27218169333912 447.325258504464 -1391.99025610583 -233.94209931008677 1038.753886796275 -520.1604433728241 35.06669523631796 -1139.3595552398654 -2053.982239011737 -80.94685994779084 -1825.1521048574582 -36.67787893755828 -1070.1761289626613 -705.7255845967604 -2148.486669116529 -1417.1323518267093 -10868.467965822885 1264.2058411050675 11361.67581378878 186.56839658496904 11357.652480158176 6515.8116261490595 -13099.593332261884 8622.639859924162 0.0 -3930.053185763372; -1039.670091713943 376.3560149815558 1058.7099004917575 -244.60275719813072 1969.8293278914048 543.0537192595101 -1499.579328549302 692.6171268013018 -77.82156647697961 -161.17232083987898 499.54845862722556 83.07101030470157 -373.3530809238201 186.78476495410794 -12.827971368001743 408.45956350007145 739.2767762069814 28.755303041875862 655.1241917263491 12.857868857740463 385.2612683869619 253.48049043343616 772.9132853409537 507.98231232485836 3905.3805308032397 -454.8718857692725 -4081.8072148574274 -66.50193183056251 -4081.8335117319352 -2341.0083528299015 4706.837368526408 -3097.5882550826636 0.0 1412.1853771360445; 149.10111264259172 -53.42639002733087 -152.7364856198208 34.54261794547306 -281.4878054946825 -78.22336579933985 215.2721816933391 -77.82156647697961 165.82250516122275 23.134299319123834 -72.03556235921056 -12.536522984366751 54.10972968575716 -26.852447783373997 1.4353033132024229 -59.1590145429526 -105.9378950480084 -4.364077661814232 -94.49620404368017 -2.0241893767870174 -55.41059879046562 -36.49497005157426 -110.83608503029735 -73.55685435491958 -569.800806641379 67.14382493252735 594.6405164257693 9.08244701843539 595.9383673231181 341.1510796601219 -686.2005191504662 451.14190677641966 0.0 -205.71133536931828; 309.89747770184016 -111.55646836206247 -316.7737259555676 72.23501816212952 -586.1493411375451 -162.3349602653137 447.3252585044636 -161.1723208398789 23.134299319123826 203.05421641317022 -149.5460786305237 -25.18957009021487 111.39748298034509 -55.878270866554885 3.8219960008066374 -122.43513423064233 -220.34955078632547 -8.706877097035662 -196.04715580000058 -3.965567998547386 -114.73714406421794 -75.78477980684168 -230.5535959499668 -152.3019851956851 -1164.5754762418064 135.01640934311814 1217.9927107903904 20.37855169902062 1216.616877071638 698.4312502683247 -1403.889872587538 924.4784632195924 0.0 -421.23251147973014; -964.9247251413607 348.8205852851375 983.4477340346598 -226.523449734871 1827.37645271549 504.3378856043103 -1391.9902561058304 499.54845862722567 -72.03556235921059 -149.54607863052377 619.1806253868194 77.50874186036071 -346.75208038796893 173.47207074657638 -11.759134206114958 379.6083407119366 686.0923424877258 26.832518961034438 608.562788055845 12.05633722510376 357.57490140567205 235.40964733128564 717.4159047106774 472.10897911712334 3629.379031288721 -423.36466515110624 -3792.407430294046 -61.18943986429532 -3793.956428457548 -2175.134594062652 4373.838929056804 -2877.7525965798795 0.0 1312.1124186869147; -162.38329563546162 59.41391175002047 164.27062705181135 -38.83967342868714 308.7892651366508 84.40387454425395 -233.94209931008677 83.07101030470157 -12.536522984366748 -25.189570090214872 77.50874186036069 167.4631063245528 -57.83645395182601 29.057939156359755 -2.328816683730719 63.12296101395934 115.53729734206823 4.259469174819321 101.65374285255582 1.8244447523541083 60.080449042486684 39.406990945126545 120.67707807907274 78.50697117247795 601.9175091369833 -69.56884654476855 -629.7366698129885 -10.683750351419613 -628.8398950948226 -361.09671208098024 725.8126131066787 -477.97837802418286 0.0 217.91184126169557; 719.8517498425945 -259.85990816481274 -734.5521354200545 168.53457257583244 -1362.836752564531 -376.5972354629474 1038.7538867962753 -373.3530809238202 54.10972968575717 111.39748298034516 -346.752080387969 -57.83645395182603 413.4134047046769 -129.64447578442778 9.18343249277967 -283.6214530534308 -511.91364292712484 -19.97994312410399 -454.60027847380684 -9.011289001509892 -266.4559697251352 -175.8173036345934 -535.4715772944472 -352.8063292923845 -2697.2582005315985 312.1614054092913 2821.663755830408 47.66410990870699 2817.454384761895 1617.944406589897 -3251.8929078325073 2141.807092562017 0.0 -975.8841342410979; -360.5477672124665 130.2457901000004 367.6246897009596 -84.54947882757715 682.6383252079768 188.50693522551452 -520.160443372824 186.78476495410789 -26.852447783373993 -55.87827086655488 173.4720707465763 29.05793915635974 -129.6444757844277 219.9470096196252 -4.338098126142199 141.94021352865693 256.3490306022857 10.062425505489404 227.48683489748217 4.533068113144857 133.62789957549367 87.98735577353479 268.0681475829193 176.52577959051487 1357.4887603965785 -158.45123491672166 -1418.3473752101872 -22.805182746567294 -1419.098268681859 -813.5072955472701 1635.8685852949568 -1076.2535676216307 0.0 490.72135484339907; 24.273317310169876 -8.545827136749566 -25.049605190345126 5.499282822459937 -45.4857972518446 -12.800462730669423 35.06669523631795 -12.827971368001737 1.43530331320243 3.8219960008066343 -11.759134206114965 -2.3288166837307203 9.18343249277966 -4.338098126142198 155.05033715257642 -9.784728113734007 -17.18904477076998 -0.8333148798145367 -15.474461362358 -0.4091138916301385 -9.17913257636154 -5.95463786789187 -17.969651948305998 -12.139688256069958 -99.6799612662733 12.527214593732737 103.09467585148883 0.9520705185397219 104.72887281839974 59.26897106181087 -119.5402120749796 78.07579552712191 0.0 -35.709976080218496; -789.906195292783 285.89338144269726 804.4757093297607 -185.78304818546437 1496.5320725511724 412.6341645599653 -1139.3595552398656 408.45956350007157 -59.15901454295261 -122.43513423064242 379.6083407119366 63.122961013959355 -283.6214530534308 141.94021352865695 -9.784728113734001 465.5037561320604 561.684074291575 21.845711776146555 497.8140225143276 9.772984099869905 292.67849413580444 192.6091854659576 587.2610920833365 386.02367663050273 2967.09170978135 -345.8505237316314 -3100.6795821059436 -50.23569139750686 -3101.499813004594 -1778.3596141478022 3575.880120100644 -2352.9006718532423 0.0 1072.8077894808564; -1423.2125280378295 512.8569973290548 1453.6280828797244 -332.366103220496 2692.631918126191 745.0691536128439 -2053.982239011737 739.2767762069817 -105.93789504800841 -220.3495507863255 686.0923424877255 115.53729734206824 -511.91364292712467 256.3490306022858 -17.18904477076998 561.684074291575 1167.0121529008966 39.978210932524306 899.5691682186879 18.154811209144242 527.2350942584019 347.7947761952314 1058.5349173743969 698.6279601514722 5356.944540907323 -623.1782051516547 -5599.9534084373845 -91.89943383241305 -5598.069334143628 -3211.5235835449475 6456.581782061498 -4249.923688026167 0.0 1937.0127271133035; -56.180385194903366 20.550940784331647 56.853689093358206 -13.42841976016589 106.83567090408204 29.210026376886088 -80.94685994779084 28.755303041875873 -4.36407766181423 -8.706877097035669 26.83251896103443 4.259469174819321 -19.979943124103993 10.06242550548941 -0.8333148798145384 21.845711776146555 39.97821093252431 156.5805964952332 35.18509467751031 0.6280468127121223 20.769151929381614 13.639670541689888 41.763461160596925 27.17351564648361 207.571118610635 -23.866270349195933 -217.32379977727228 -3.792405174893683 -216.75627767879627 -124.59500920108994 250.36799037449717 -164.982725230974 0.0 75.18693338696009; -1265.1447856822554 457.2664147689564 1289.6257133351373 -296.9023648959104 2395.8389239591866 661.3319643647194 -1825.1521048574577 655.1241917263492 -94.49620404368021 -196.0471558000007 608.5627880558447 101.65374285255585 -454.60027847380684 227.48683489748228 -15.474461362357994 497.81402251432746 899.5691682186882 35.18509467751031 953.1479585444379 15.81811568136772 468.7819903233406 308.6938621639861 940.6752447206768 619.1315016077543 4756.333308536338 -553.9232639327563 -4971.270563396291 -81.04218573471967 -4971.109516084977 -2851.112388143702 5732.415997536856 -3772.605525274832 0.0 1719.8163731788325; -25.50159184737488 9.461092363528898 25.564357733344032 -6.234168040083583 48.71815581607342 13.165618558551863 -36.677878937558276 12.857868857740465 -2.024189376787018 -3.9655679985473875 12.056337225103757 1.8244447523541076 -9.01128900150989 4.533068113144858 -0.4091138916301385 9.772984099869904 18.154811209144242 0.6280468127121221 15.81811568136772 155.36613020874387 9.43045312791151 6.14730687698281 18.933655177887275 12.15263535324925 93.42177407981724 -10.772944129144156 -97.76169802776889 -1.6745231036612833 -97.60795694700326 -56.05670088781807 112.67646625163499 -74.20059284381728 0.0 33.846703655055556; -741.4844545530085 267.16690299870527 757.4721255183404 -173.09867386054933 1402.875917254702 388.2355559073512 -1070.176128962661 385.26126838696194 -55.410598790465606 -114.73714406421799 357.5749014056719 60.080449042486684 -266.4559697251351 133.6278995754937 -9.179132576361564 292.6784941358044 527.2350942584019 20.76915192938161 468.78199032334044 9.43045312791151 429.662361688261 181.2423636432335 551.5862119378838 364.06360714220204 2785.9832423993744 -323.40266119340055 -2913.1863698050333 -48.35904557826142 -2910.9250654392763 -1670.5747369495089 3358.2977150874367 -2211.0089461426614 0.0 1007.603702634138; -489.14508708008555 176.6656306672166 498.845500508124 -114.65762433032248 926.092404850891 255.78252762016314 -705.7255845967603 253.4804904334362 -36.49497005157426 -75.78477980684171 235.40964733128558 39.406990945126545 -175.8173036345934 87.98735577353482 -5.954637867891866 192.60918546595758 347.7947761952314 13.639670541689888 308.69386216398607 6.147306876982811 181.2423636432335 274.507546980339 363.7184573249023 239.55208732530846 1839.6970121331728 -214.22071503126244 -1922.8787532205326 -31.37674786029485 -1922.721744113815 -1102.7971553106806 2217.242549015046 -1459.2514588897845 0.0 665.1991385194367; -1488.8032192285548 536.7747087779607 1520.0754193977673 -347.9892057956389 2817.1748841928106 779.1952951224929 -2148.4866691165284 772.9132853409535 -110.83608503029733 -230.55359594996685 717.4159047106773 120.67707807907267 -535.4715772944468 268.0681475829193 -17.96965194830601 587.2610920833363 1058.5349173743964 41.76346116059691 940.6752447206761 18.933655177887267 551.5862119378838 363.71845732490226 1262.3521047205459 730.424012754507 5603.800760554113 -652.1637101661918 -5857.67357208877 -95.90701274091562 -5856.263135765206 -3359.3735787637684 6753.965598406945 -4445.44900600077 0.0 2026.222130069553; -982.4999470941275 355.6397995068992 1000.5376316082582 -231.12753159838445 1861.4784536735679 513.2093550956158 -1417.1323518267093 507.9823123248586 -73.55685435491961 -152.30198519568523 472.1089791171233 78.50697117247796 -352.8063292923846 176.52577959051493 -12.139688256069947 386.0236766305028 698.6279601514724 27.173515646483622 619.1315016077544 12.152635353249256 364.06360714220216 239.55208732530852 730.4240127545073 635.1959808878138 3690.5510581783356 -429.9396010959523 -3857.1129579071744 -62.742954139661066 -3857.4201944475053 -2212.158943662175 4447.8825042491935 -2927.025473638376 0.0 1334.4708567398625; -7532.134648447597 2720.1396565111663 7684.2966875453585 -1764.1075509715718 14261.4153311353 3939.8198063581835 -10868.46796582288 3905.3805308032393 -569.8008066413788 -1164.5754762418069 3629.37903128872 601.9175091369832 -2697.2582005315976 1357.4887603965783 -99.67996126627379 2967.091709781349 5356.944540907324 207.5711186106349 4756.3333085363365 93.42177407981724 2785.9832423993744 1839.6970121331726 5603.800760554113 3690.5510581783333 28698.75980509812 -3542.722073284278 -29500.050517051768 -264.8345332762951 -30087.804969066176 -16955.446432921293 34301.03190009629 -22294.268395484323 0.0 10258.718945869998; 876.0706092682914 -315.9970579030588 -894.4273561203826 204.6073917784407 -1657.6753258023932 -458.4578694684 1264.2058411050675 -454.87188576927247 67.14382493252738 135.01640934311814 -423.3646651511061 -69.56884654476853 312.1614054092913 -158.45123491672166 12.527214593732726 -345.85052373163137 -623.1782051516544 -23.866270349195926 -553.9232639327561 -10.772944129144156 -323.40266119340055 -214.2207150312624 -652.1637101661919 -429.9396010959522 -3542.7220732842784 738.8832466549901 3445.7084973092 -110.75339559267087 3896.277055936186 2004.7661129620146 -4189.193611680388 2545.1010429259886 0.0 -1224.6457927436572; 7873.967361345458 -2844.124160599694 -8032.233786425231 1844.9497497347613 -14910.301390903032 -4118.3794565375065 11361.675813788781 -4081.807214857427 594.6405164257687 1217.992710790391 -3792.407430294045 -629.736669812988 2821.6637558304074 -1418.3473752101877 103.09467585148866 -3100.6795821059422 -5599.953408437383 -217.3237997772723 -4971.2705633962905 -97.76169802776889 -2913.1863698050342 -1922.8787532205317 -5857.67357208877 -3857.1129579071717 -29500.050517051775 3445.7084973091996 30966.364199367737 488.60151967183754 30854.003030571213 17672.669706294124 -35552.50299090931 23373.244190197638 0.0 -10676.872588623097; 129.32068842851805 -47.06080600688751 -131.38526993296125 30.81352709188361 -245.94824229524875 -67.47593206177422 186.56839658496898 -66.50193183056264 9.082447018435422 20.378551699020697 -61.18943986429527 -10.683750351419604 47.66410990870678 -22.805182746567347 0.9520705185398309 -50.2356913975068 -91.89943383241295 -3.7924051748936627 -81.04218573471955 -1.6745231036612822 -48.35904557826143 -31.37674786029476 -95.90701274091566 -62.74295413966084 -264.8345332762944 -110.75339559267067 488.6015196718346 300.6567296955679 118.03141665125246 256.59707641440616 -386.2486001456558 427.8977468437486 0.0 -144.69966769724306; 7871.136104753788 -2842.0628325237044 -8030.82475112987 1842.8545593352019 -14901.786336635898 -4117.346662406648 11357.652480158173 -4081.833511731935 595.9383673231179 1216.6168770716383 -3793.956428457546 -628.8398950948224 2817.4543847618943 -1419.098268681859 104.72887281839985 -3101.4998130045924 -5598.069334143626 -216.75627767879624 -4971.109516084975 -97.60795694700326 -2910.9250654392763 -1922.7217441138139 -5856.263135765204 -3857.420194447504 -30087.804969066176 3896.277055936185 30854.00303057122 118.03141665125362 32051.84499879336 17760.941873422384 -36079.88641242993 23251.58340097235 0.0 -10756.043622734587; 4515.629864160141 -1630.9821651327015 -4606.542947001632 1057.9358566408441 -8550.650459330218 -2361.893344987719 6515.8116261490595 -2341.008352829902 341.15107966012204 698.4312502683248 -2175.1345940626525 -361.09671208097996 1617.944406589896 -813.5072955472704 59.26897106181113 -1778.3596141478015 -3211.523583544948 -124.5950092010898 -2851.112388143702 -56.05670088781805 -1670.5747369495086 -1102.7971553106802 -3359.3735787637697 -2212.1589436621744 -16955.44643292129 2004.766112962015 17672.669706294117 256.5970764144061 17760.941873422387 10295.839112695086 -20422.648896072402 13396.555266563431 0.0 -6128.052567131981; -9078.397722143482 3278.6885120175816 9261.508329499491 -2126.506818227256 17189.505259071313 4748.525465558332 -13099.593332261888 4706.837368526408 -686.2005191504658 -1403.8898725875383 4373.838929056803 725.8126131066784 -3251.892907832509 1635.8685852949573 -119.54021207497951 3575.8801201006436 6456.5817820615 250.3679903744972 5732.415997536857 112.67646625163502 3358.2977150874367 2217.2425490150454 6753.965598406946 4447.882504249192 34301.0319000963 -4189.193611680388 -35552.5029909093 -386.248600145657 -36079.88641242992 -20422.64889607241 41406.96104031262 -26896.302925007516 0.0 12349.977144543245; 5975.726055281097 -2158.611748477278 -6095.670561593554 1400.363893204848 -11316.23678098249 -3125.4840200557987 8622.639859924158 -3097.588255082664 451.1419067764198 924.4784632195926 -2877.752596579878 -477.97837802418275 2141.8070925620154 -1076.2535676216312 78.07579552712195 -2352.900671853242 -4249.923688026165 -164.98272523097384 -3772.6055252748315 -74.20059284381729 -2211.008946142662 -1459.2514588897843 -4445.449006000771 -2927.0254736383754 -22294.26839548431 2545.1010429259886 23373.24419019762 427.8977468437482 23251.58340097236 13396.555266563435 -26896.302925007523 17909.646822714407 0.0 -8089.900123985039; 0.0 0.0 0.0 0.0 0.0 0.0 0.0 0.0 0.0 0.0 0.0 0.0 0.0 0.0 0.0 0.0 0.0 0.0 0.0 0.0 0.0 0.0 0.0 0.0 0.0 0.0 0.0 0.0 0.0 0.0 0.0 0.0 155.11390926152419 0.0; -2723.5983113225275 983.5720700598455 2778.675462332247 -637.9294470373945 5156.990241552973 1424.662053057323 -3930.0531857633714 1412.1853771360454 -205.71133536931833 -421.23251147973065 1312.1124186869147 217.91184126169566 -975.8841342410976 490.7213548433993 -35.709976080218624 1072.8077894808562 1937.0127271133038 75.18693338696009 1719.8163731788318 33.846703655055556 1007.6037026341387 665.1991385194367 2026.2221300695537 1334.4708567398623 10258.718945870001 -1224.6457927436577 -10676.8725886231 -144.69966769724365 -10756.04362273459 -6128.052567131983 12349.977144543253 -8089.900123985046 0.0 3699.732307904019]
 * x: [-1.0606326736106917, -0.12042905608425997, 0.9919038259704164, 0.1251358905492796, 0.40891985003629044, 0.6612454723222525, -0.9208642662428721, 1.0735982510831956, -0.2161270653600706, -1.1480104571685725, 0.9788439967251248, 0.6044328567950902, -0.6599842198881178, 0.6022268275862223, -0.5069378935319301, 1.1628991684925039, -0.4144455279690432, -0.5845041067513077, -0.10273340508024278, -0.20986233014443476, -0.010896685570307926, -0.43749199639755854, 0.0007914726662783893, -0.5471799119967504, -0.1759784311776131, 0.06986833290562022, 0.11180848502118512, -0.04512284928586874, 0.23527886568231707, 0.07224979341203916, -0.1872403664172775, 0.06636792919653536, 0.0, -0.0074437041386050265]
bfgs   24   loss 1.129358e-08
n     Energy            log10(ΔE)   log10(Δρ)   Diag   Δtime 
---   ---------------   ---------   ---------   ----   ------
  1   -7.886653047835                   -2.31    1.0    400ms
  2   -7.886667791327       -4.83       -2.99    1.0    422ms
  3   -7.886669046341       -5.90       -3.67    2.3    544ms
  4   -7.886669090314       -7.36       -4.09    2.0    613ms
  5   -7.886669094102       -8.42       -4.89    1.8    523ms
  6   -7.886669094299       -9.71       -5.14    2.3    620ms
  7   -7.886669094318      -10.72       -6.26    1.2    455ms
  8   -7.886669094319      -11.95       -6.86    3.1    720ms
  9   -7.886669094319      -14.27       -7.79    1.8    500ms
 10   -7.886669094319   +    -Inf       -7.91    2.7    573ms
 11   -7.886669094319   +    -Inf       -8.92    1.1    536ms
 12   -7.886669094319      -15.05      -10.06    3.0    619ms
n     Energy            log10(ΔE)   log10(Δρ)   Diag   Δtime 
---   ---------------   ---------   ---------   ----   ------
  1   -7.914323064196                   -2.36    1.0    685ms
  2   -7.914337431101       -4.84       -3.11    1.0    850ms
  3   -7.914338657643       -5.91       -3.60    2.3    1.03s
  4   -7.914338679393       -7.66       -4.41    1.8    872ms
  5   -7.914338681725       -8.63       -4.97    2.2    1.08s
  6   -7.914338681781      -10.26       -5.37    2.1    883ms
  7   -7.914338681785      -11.41       -6.31    1.7    933ms
  8   -7.914338681785      -12.40       -6.68    2.4    1.09s
  9   -7.914338681785      -14.05       -7.26    1.1    808ms
 10   -7.914338681785      -15.05       -8.07    2.0    965ms
 11   -7.914338681785      -14.75       -8.91    2.3    971ms
 12   -7.914338681785   +  -14.75       -9.50    2.4    1.05s
 13   -7.914338681785   +    -Inf      -10.14    2.1    981ms
n     Energy            log10(ΔE)   log10(Δρ)   Diag   Δtime 
---   ---------------   ---------   ---------   ----   ------
  1   -7.902425278558                   -2.41    1.0    757ms
  2   -7.902437969417       -4.90       -3.15    1.0    851ms
  3   -7.902439103180       -5.95       -3.60    2.3    1.00s
  4   -7.902439127171       -7.62       -4.24    1.9    974ms
  5   -7.902439129055       -8.73       -4.90    1.8    963ms
  6   -7.902439129175       -9.92       -5.15    2.1    999ms
  7   -7.902439129186      -10.99       -6.10    1.0    823ms
  8   -7.902439129186      -12.32       -6.53    2.2    1.05s
  9   -7.902439129186      -13.64       -7.04    1.4    805ms
 10   -7.902439129186   +  -14.75       -7.60    1.9    1.01s
 11   -7.902439129186   +    -Inf       -8.50    1.8    996ms
 12   -7.902439129186   +    -Inf       -9.20    2.4    1.02s
 13   -7.902439129186      -14.57       -9.59    2.2    1.09s
 14   -7.902439129186   +  -14.27      -10.71    1.4    909ms
n     Energy            log10(ΔE)   log10(Δρ)   Diag   Δtime 
---   ---------------   ---------   ---------   ----   ------
  1   -7.886669094319                  -10.95    1.0    453ms
n     Energy            log10(ΔE)   log10(Δρ)   Diag   Δtime 
---   ---------------   ---------   ---------   ----   ------
  1   -7.914338681785                  -10.84    1.0    709ms
n     Energy            log10(ΔE)   log10(Δρ)   Diag   Δtime 
---   ---------------   ---------   ---------   ----   ------
  1   -7.902439129186                  -11.75    1.0    686ms
n     Energy            log10(ΔE)   log10(Δρ)   Diag   Δtime 
---   ---------------   ---------   ---------   ----   ------
  1   -7.886669094319                  -11.26    1.0    484ms
n     Energy            log10(ΔE)   log10(Δρ)   Diag   Δtime 
---   ---------------   ---------   ---------   ----   ------
  1   -7.914338681785                  -11.29    1.0    723ms
n     Energy            log10(ΔE)   log10(Δρ)   Diag   Δtime 
---   ---------------   ---------   ---------   ----   ------
  1   -7.902439129186                  -11.92    1.0    737ms
n     Energy            log10(ΔE)   log10(Δρ)   Diag   Δtime 
---   ---------------   ---------   ---------   ----   ------
  1   -7.886669094319                  -11.73    1.0    369ms
n     Energy            log10(ΔE)   log10(Δρ)   Diag   Δtime 
---   ---------------   ---------   ---------   ----   ------
  1   -7.914338681785                  -11.69    1.0    719ms
n     Energy            log10(ΔE)   log10(Δρ)   Diag   Δtime 
---   ---------------   ---------   ---------   ----   ------
  1   -7.902439129186                  -12.27    1.0    771ms
    25     3.308517e-09     7.752873e-05
 * Current step size: 1.0
 * time: 1456.9923241138458
 * g(x): [-7.68503278335499e-7, 3.202541627470037e-7, 7.109466725766351e-7, -2.1628769415209685e-7, 1.544186617533859e-6, 3.740006501408667e-7, -1.1038460347006123e-6, 3.400149733246217e-7, -3.083405352305362e-7, -6.025445049064036e-8, 4.892345733282019e-7, -1.4172540657405807e-7, 9.01211261790485e-8, 2.2231977185369223e-7, -2.677612671695019e-7, 2.921219342450711e-7, 5.777327533724787e-7, -7.210175229007556e-8, 4.882196416963044e-7, -4.4588837231214306e-8, 1.0989752116139661e-7, 1.9986054793031102e-7, 6.400200553941416e-7, 3.3307947430108476e-7, -4.772544533509113e-6, -8.532403578141026e-7, 8.067605985712704e-6, 2.1266595093462013e-6, 1.540829503581299e-6, 4.206615192727161e-6, -5.798516867469079e-6, 7.400364710299875e-6, 0.0, 7.752873385677196e-5]
 * ~inv(H): [2889.2239225276353 -976.4703483537747 -2805.702220697561 629.6929090714274 -5156.209683510491 -1436.206418500788 3949.61820057765 -1431.25087780914 212.81904376037434 419.1173428098322 -1336.509896116557 -219.58508267511763 966.5547998466254 -500.67153220347666 43.993138640842766 -1091.2181138955928 -1944.2947571077634 -74.70189968116384 -1739.9233460978353 -34.56303577742978 -1002.6133178571499 -672.0908631470106 -2038.332212643011 -1353.9282722192931 -10499.681735075534 1422.9233209673798 10668.895337330212 -25.849035871041128 11214.69384792085 6151.3848891322805 -12566.63274172776 8008.073468888557 0.0 -3730.691552684416; -976.4703483537744 502.743850322941 1004.099229752597 -223.7207658767063 1839.6616225436373 513.7267882853905 -1411.1454689994575 512.8119040834341 -75.687950783992 -149.5648142162801 478.38642300982036 79.31962341685875 -345.6498020364386 179.11454672222504 -15.498279782118306 390.9338002558296 694.3384059372328 26.986242658730365 622.708927462962 12.615052786285975 358.03359721027243 240.4109044122834 728.1971037828046 485.0889155152235 3755.784072531876 -508.4833675331774 -3817.0335957754696 8.761252723526281 -4010.872785509328 -2200.6844455989417 4495.315359641629 -2865.2782304331013 0.0 1334.500606004497; -2805.7022206975607 1004.099229752597 3030.435625479408 -648.3649284453797 5294.6354406550745 1472.3285696162586 -4051.978400576414 1465.6483412176985 -218.8739544491429 -430.3489984332118 1369.498664434482 223.75405839801152 -991.1792947859379 513.1898694048073 -45.431438204079896 1117.5484152197876 1995.2885173337597 76.12783120701403 1783.0327548412104 34.9863308374519 1029.0220838587127 688.9755337914933 2091.259569465943 1386.511341790371 10766.11512856893 -1460.0709502767552 -10938.231016727994 27.452419816017667 -11500.449556890555 -6306.889117849332 12885.077160497402 -8209.874453176662 0.0 3825.290995636569; 629.6929090714272 -223.72076587670634 -648.3649284453796 298.9000572504517 -1185.5904872463514 -331.6155039071548 910.2379952751445 -331.3787628875032 48.71876111784573 96.3880050389746 -308.94419085149536 -51.48892059443344 223.0299827683497 -115.63968709089 9.947750825883382 -252.59492035958286 -447.7404767161132 -17.514396965508293 -402.10983625067615 -8.238600708868592 -230.83936536836836 -155.1927295812327 -469.6947823809037 -313.45308980919816 -2423.2186208491985 327.663674396783 2463.2942453807036 -5.275918336565832 2587.3702475963505 1420.118137870283 -2900.5528618395456 1849.2273810027032 0.0 -861.0884563437947; -5156.20968351049 1839.6616225436371 5294.635440655074 -1185.5904872463507 9876.044888376155 2709.8319870746946 -7449.445964286212 2701.9013229309717 -400.72554255580656 -790.2350201375235 2522.222103411693 415.6743365569135 -1823.695316778585 944.6824324846381 -82.51403811429645 2059.925686950361 3666.6055795426346 141.42419391430192 3283.4402840081248 65.65134289835707 1890.8036698889398 1268.1016857164157 3844.3867413992957 2555.906556730336 19812.39837656989 -2683.882958365891 -20133.396681281167 47.6503042309593 -21160.009961700856 -11608.109428814982 23713.000562421847 -15112.657095673629 0.0 7039.7457290633365; -1436.206418500787 513.7267882853904 1472.3285696162582 -331.6155039071546 2709.831987074694 908.9688940417644 -2074.2941302119607 750.6363142251037 -111.97230661860559 -220.26006366628644 701.2814234623447 114.74123661423896 -507.4682909870596 262.7688796294899 -23.213778597291693 572.3434030488188 1021.353716894748 39.03806724528479 913.0217402762604 17.971087246854385 526.7289659995628 352.7680463832712 1070.5458378495207 710.1008907148587 5512.191283580994 -747.387824152364 -5600.538522326352 13.903933312110027 -5887.975228424493 -3229.189385307273 6597.153921185716 -4203.640653955845 0.0 1958.5455175637062; 3949.618200577649 -1411.145468999458 -4051.978400576416 910.2379952751444 -7449.445964286213 -2074.294130211961 5860.327554787078 -2066.6963267955234 307.532264072823 605.5247936126029 -1930.1195499501866 -316.79619382022736 1396.113821278863 -723.0839472592477 63.59691316890051 -1575.7273427971977 -2808.6905669817365 -107.7780716504156 -2512.7645089149146 -49.8027124045489 -1448.4103887714493 -970.6839710416256 -2944.3834967174143 -1955.0572237591293 -15165.73427458769 2055.495353325833 15409.88767522051 -37.519378346342265 16198.70374128703 8884.952072018203 -18151.12936291125 11566.60899921223 0.0 -5388.608496255741; -1431.2508778091399 512.8119040834341 1465.6483412176988 -331.37876288750317 2701.9013229309717 750.6363142251039 -2066.696326795523 901.8798154140501 -111.80479809324052 -219.6013851390973 698.03332060654 113.67259952614162 -505.40489505058025 261.6212549296188 -23.271089155446724 569.4337671329575 1017.8667100655465 38.67571218862457 908.8548823445565 17.704746320477692 524.9634861873791 351.25546779952003 1066.672199651962 706.4567027375856 5489.44390169981 -744.8411060516877 -5576.673034612097 14.35413362892743 -5864.315180280077 -3215.5378925497753 6569.707264445022 -4185.521883745302 0.0 1950.4018541551968; 212.81904376037429 -75.68795078399201 -218.8739544491429 48.71876111784574 -400.7255425558065 -111.97230661860561 307.5322640728229 -111.80479809324049 171.29118554767297 32.66812863384603 -104.20073099266753 -17.530130177000377 75.71076621448064 -38.97140651811829 3.0610763619455583 -85.26482364478514 -151.26865799365012 -5.9916130655540485 -135.70575714485128 -2.814536509971445 -78.21071020412502 -52.378932707887486 -158.6058356403626 -105.77433172732196 -825.7133611996661 112.56075585339647 838.3143811979307 -2.525861479046463 882.2148059323383 483.44580585169683 -987.7936545128126 629.1698118037157 0.0 -293.13044886563534; 419.1173428098319 -149.56481421628007 -430.34899843321165 96.38800503897451 -790.2350201375235 -220.26006366628644 605.5247936126024 -219.60138513909715 32.66812863384603 219.3275239368432 -205.02712534980515 -33.712206337749585 148.1267115897903 -76.80451437313644 6.801279109618603 -167.41357795941298 -298.0551605597807 -11.461865703346954 -266.88784340070015 -5.315955991203406 -153.6416359181983 -103.07968585450158 -312.5166414353708 -207.731272844 -1608.0720726963616 217.4922718285174 1634.5527681933347 -3.5740737376598677 1717.1948846308496 942.3630639913898 -1924.8680520435414 1227.0214875565052 0.0 -571.4961377003466; -1336.5098961165572 478.3864230098204 1369.4986644344824 -308.9441908514954 2522.2221034116933 701.281423462345 -1930.1195499501869 698.0333206065401 -104.20073099266756 -205.0271253498052 807.3508853006745 106.56683671416985 -472.2147635048355 244.4079595609323 -21.569344601675052 532.2435021852226 950.4546128984359 36.26436227420118 849.2320701629299 16.657970058631058 490.2352678030291 328.1566828164849 996.1328565810949 660.3424971294526 5130.05265799799 -696.1326902802223 -5211.521924067658 13.439268408860562 -5480.310827754294 -3004.9957732191046 6139.506650708995 -3911.486777958443 0.0 1822.6295692084695; -219.58508267511772 79.31962341685876 223.75405839801155 -51.48892059443344 415.67433655691354 114.74123661423901 -316.79619382022736 113.67259952614164 -17.530130177000377 -33.71220633774959 106.56683671416982 171.92656800762563 -77.07184029121049 40.018082979014864 -3.889699008644828 86.68019499334515 156.23411381124384 5.702243355769608 138.75574901745878 2.531672049198596 80.45542401783165 53.7023596883772 163.6038594085978 107.53756113686644 834.2038239937955 -112.77696939736289 -847.898765862892 1.8723573511570988 -891.0356273190881 -488.85133327343203 998.6761021309786 -636.4220732829059 0.0 296.6106739368409; 966.5547998466254 -345.6498020364386 -991.179294785938 223.02998276834973 -1823.6953167785853 -507.46829098706 1396.1138212788633 -505.40489505058036 75.71076621448066 148.12671158979038 -472.21476350483556 -77.0718402912105 496.2531749048553 -176.97553593502764 15.992754777383023 -385.31297810706803 -687.4345322354262 -26.188420156300513 -614.6974618591735 -12.059704797488918 -354.2588681758893 -237.49851216218497 -720.6408560606338 -478.0934855881794 -3701.020147904723 500.37311115650033 3762.1127382471313 -8.119985446889045 3952.23688408413 2168.94061041618 -4430.328341460842 2824.098794148881 0.0 -1315.468705081522; -500.6715322034764 179.11454672222501 513.1898694048073 -115.63968709088998 944.6824324846381 262.76887962949 -723.0839472592476 261.6212549296188 -38.9714065181183 -76.80451437313646 244.40795956093228 40.01808297901485 -176.97553593502758 246.68675465396973 -8.024931268939039 199.48349757240015 356.0391028620561 13.621420066588675 318.22933149838957 6.268615986121459 183.66535704419138 122.9575746196721 373.16632135210585 247.49475707106697 1923.0731600820493 -261.0092637909455 -1953.5650764332972 5.072352218869543 -2054.373675647009 -1126.444251394271 2301.4350973469127 -1466.2428337518413 0.0 683.2087526286105; 43.99313864084276 -15.498279782118294 -45.43143820407991 9.94775082588336 -82.51403811429635 -23.213778597291697 63.5969131689005 -23.27108915544672 3.061076361945566 6.801279109618601 -21.569344601675063 -3.8896990086448295 15.992754777383016 -8.024931268939037 155.4731652088867 -17.768117637577852 -31.216844686781364 -1.351532024650832 -28.14364657585753 -0.6555337094919488 -16.30952111375088 -10.842147428225486 -32.72027047706773 -22.025093637668956 -176.86486414800484 24.652997767753458 178.9777589572811 -0.9488042455145934 189.21053231737395 103.29793087038723 -211.20483532479028 134.26499915289682 0.0 -62.59091354441829; -1091.218113895593 390.9338002558298 1117.5484152197878 -252.59492035958283 2059.9256869503624 572.343403048819 -1575.727342797198 569.4337671329578 -85.26482364478517 -167.41357795941312 532.2435021852227 86.68019499334517 -385.3129781070681 199.48349757240018 -17.76811763757785 589.3069544595413 776.0513299068059 29.488684783986727 692.9985125832557 13.503723456630295 400.22422180445966 267.8261828708365 813.2796513727735 538.689225770073 4184.6762104460295 -567.7172356206855 -4251.248401932835 10.878844113895019 -4470.393841892889 -2451.2828295325426 5008.222446492946 -3190.7507185457634 0.0 1486.83889935586; -1944.2947571077627 694.3384059372327 1995.28851733376 -447.74047671611316 3666.6055795426346 1021.3537168947483 -2808.690566981736 1017.8667100655468 -151.26865799365015 -298.05516055978075 950.4546128984357 156.23411381124384 -687.4345322354262 356.03910286205604 -31.21684468678136 776.0513299068057 1537.7381753927195 53.155769077733545 1237.3502432765372 24.601656174829717 713.0180742661967 477.95160061786373 1449.4987294614707 962.880071925 7468.169038701241 -1012.1920012024035 -7588.427586286299 18.45569539029893 -7976.757229977851 -4375.287880784548 8938.26010708448 -5695.8719325045695 0.0 2653.509064750012; -74.70189968116382 26.98624265873036 76.12783120701403 -17.5143969655083 141.424193914302 39.038067245284815 -107.77807165041557 38.67571218862457 -5.991613065554047 -11.46186570334696 36.26436227420117 5.702243355769606 -26.188420156300513 13.621420066588676 -1.3515320246508333 29.488684783986717 53.15576907773355 157.04544001738122 47.21194653787032 0.8567516849682163 27.354601094747366 18.272929079215317 55.668172883803805 36.58703941099193 283.105412259892 -38.16466758507748 -287.8881851086401 0.5430641314437 -302.3101180659057 -165.96249135286084 338.98627689991235 -216.11140101392695 0.0 100.69680296049688; -1739.9233460978353 622.7089274629622 1783.0327548412108 -402.1098362506761 3283.440284008125 913.021740276261 -2512.764508914914 908.8548823445567 -135.70575714485133 -266.8878434007003 849.2320701629296 138.75574901745878 -614.6974618591736 318.2293314983897 -28.143646575857524 692.9985125832557 1237.3502432765376 47.21194653787033 1260.7955466189233 21.694627693876665 638.1595503869345 427.24530197830603 1296.851091133503 859.7827576132615 6677.13911846119 -905.6755485798622 -6783.702800866034 17.145884463775424 -7132.680573361007 -3911.450942688921 7991.234451552938 -5091.5898995938705 0.0 2372.4015102671433; -34.563035777429775 12.615052786285974 34.9863308374519 -8.238600708868592 65.65134289835709 17.971087246854392 -49.802712404548885 17.704746320477692 -2.8145365099714454 -5.315955991203409 16.657970058631054 2.531672049198595 -12.059704797488916 6.26861598612146 -0.6555337094919487 13.503723456630293 24.601656174829714 0.8567516849682164 21.694627693876665 155.47818250197653 12.658868567269684 8.411566002439992 25.73341732922229 16.75052998490277 130.19754062689321 -17.597380453262115 -132.32609400145114 0.2967696288355491 -139.0997001768884 -76.2944560181717 155.8837295238148 -99.31141402279889 0.0 46.311709682553996; -1002.6133178571496 358.0335972102724 1029.0220838587124 -230.83936536836836 1890.8036698889396 526.728965999563 -1448.410388771449 524.9634861873792 -78.21071020412502 -153.64163591819838 490.23526780302905 80.45542401783166 -354.25886817588923 183.6653570441914 -16.3095211137509 400.2242218044596 713.0180742661967 27.35460109474737 638.1595503869344 12.658868567269687 522.6705799459816 246.50312332521278 747.5510347019466 496.59482259602873 3846.5039364879563 -520.7672111290585 -3909.078100417266 9.063102001964507 -4108.111451642024 -2253.781190669072 4604.0343089991065 -2934.2454724019017 0.0 1366.8781862851188; -672.0908631470105 240.41090441228343 688.9755337914933 -155.19272958123267 1268.1016857164157 352.7680463832713 -970.6839710416253 351.2554677995201 -52.378932707887486 -103.07968585450162 328.1566828164848 53.7023596883772 -237.49851216218494 122.95757461967213 -10.84214742822548 267.8261828708364 477.9516006178638 18.27292907921532 427.245301978306 8.411566002439994 246.50312332521273 320.19082753520223 500.9655895616366 332.28798261841547 2579.981834138146 -349.89813952805264 -2621.2274347766515 6.578177914094765 -2755.9296129346994 -1511.376627219448 3087.748998149612 -1967.4162894717024 0.0 916.6712539116427; -2038.33221264301 728.1971037828044 2091.2595694659426 -469.6947823809034 3844.3867413992957 1070.5458378495207 -2944.383496717413 1066.6721996519616 -158.60583564036259 -312.51664143537084 996.1328565810946 163.6038594085977 -720.6408560606332 373.16632135210574 -32.72027047706773 813.2796513727731 1449.4987294614702 55.66817288380379 1296.851091133502 25.73341732922228 747.5510347019464 500.96558956163653 1674.6413907062072 1009.0563665967793 7829.20155378841 -1061.3816119849541 -7954.9531013387605 19.567337499299718 -8362.604653438042 -4586.664772000728 9370.22704049109 -5970.918365745771 0.0 2781.7400733030954; -1353.9282722192931 485.08891551522356 1386.5113417903713 -313.4530898091981 2555.9065567303364 710.1008907148588 -1955.057223759129 706.4567027375858 -105.77433172732198 -207.73127284400013 660.3424971294526 107.53756113686643 -478.0934855881795 247.494757071067 -22.02509363766894 538.689225770073 962.8800719250003 36.58703941099194 859.7827576132615 16.750529984902776 496.59482259602873 332.28798261841547 1009.0563665967796 823.4344516898607 5192.582893094739 -704.4988234194324 -5275.164850872195 13.525131017068164 -5547.128974678685 -3041.67902076802 6214.4585894121155 -3959.2447599875954 0.0 1844.9444450906185; -10499.681735075534 3755.784072531876 10766.11512856893 -2423.218620849199 19812.398376569894 5512.191283580996 -15165.734274587683 5489.44390169981 -825.713361199666 -1608.0720726963625 5130.05265799799 834.2038239937953 -3701.0201479047228 1923.0731600820488 -176.86486414800532 4184.676210446029 7468.169038701243 283.1054122598919 6677.139118461189 130.19754062689321 3846.503936487956 2579.981834138146 7829.201553788411 5192.582893094738 40654.26221764384 -5693.194598886682 -40840.1437897447 306.7075211709791 -43495.82303255424 -23582.735082911182 48377.772719992274 -30565.64520558859 0.0 14333.28573948561; 1422.9233209673794 -508.48336753317733 -1460.0709502767547 327.66367439678294 -2683.8829583658917 -747.387824152364 2055.4953533258326 -744.8411060516876 112.56075585339649 217.49227182851743 -696.1326902802222 -112.77696939736285 500.37311115650033 -261.00926379094545 24.652997767753444 -567.7172356206854 -1012.1920012024033 -38.16466758507748 -905.6755485798618 -17.59738045326211 -520.7672111290585 -349.8981395280526 -1061.3816119849541 -704.4988234194323 -5693.194598886682 1084.7631564491558 5547.692249121553 -171.89716979237653 6259.563913123886 3225.7847628452773 -6739.499657429642 4097.84869229895 0.0 -1970.951722179877; 10668.895337330208 -3817.0335957754683 -10938.231016727994 2463.2942453807045 -20133.396681281174 -5600.538522326355 15409.887675220512 -5576.673034612098 838.3143811979304 1634.5527681933356 -5211.521924067657 -847.8987658628917 3762.1127382471313 -1953.5650764332977 178.97775895728094 -4251.248401932833 -7588.427586286298 -287.8881851086402 -6783.702800866033 -132.32609400145114 -3909.0781004172673 -2621.227434776651 -7954.953101338762 -5275.164850872193 -40840.14378974471 5547.692249121554 41628.18757275393 -116.8352392747152 43645.48201113747 23914.824857250984 -48876.86299786831 31120.14413202552 0.0 -14521.334609318988; -25.849035871041565 8.76125272352642 27.452419816017557 -5.275918336565836 47.65030423095922 13.903933312109931 -37.51937834634232 14.354133628927295 -2.5258614790464295 -3.574073737659785 13.439268408860611 1.8723573511571092 -8.119985446889261 5.0723522188694945 -0.9488042455144851 10.878844113895092 18.455695390299013 0.5430641314437198 17.145884463775545 0.2967696288355503 9.063102001964504 6.578177914094856 19.56733749929965 13.525131017068372 306.70752117097976 -171.8971697923763 -116.83523927471816 285.5764051038196 -473.6320999927795 -89.68935391203037 305.3064428714321 -33.62875615885061 0.0 63.728094675403085; 11214.693847920846 -4010.872785509328 -11500.449556890553 2587.370247596351 -21160.009961700864 -5887.975228424495 16198.703741287027 -5864.315180280077 882.2148059323382 1717.1948846308503 -5480.310827754292 -891.0356273190879 3952.2368840841295 -2054.373675647009 189.21053231737406 -4470.393841892887 -7976.75722997785 -302.3101180659058 -7132.680573361006 -139.0997001768884 -4108.111451642024 -2755.9296129346985 -8362.604653438042 -5547.128974678685 -43495.82303255424 6259.563913123887 43645.48201113748 -473.63209999277836 47031.4915920124 25227.67072771706 -51888.498695461465 32604.764225932802 0.0 -15341.507659721872; 6151.384889132277 -2200.684445598941 -6306.889117849334 1420.1181378702822 -11608.109428814978 -3229.1893853072743 8884.9520720182 -3215.5378925497757 483.44580585169706 942.3630639913902 -3004.995773219105 -488.85133327343175 2168.9406104161794 -1126.4442513942713 103.29793087038749 -2451.2828295325417 -4375.287880784549 -165.96249135286075 -3911.4509426889213 -76.29445601817169 -2253.7811906690717 -1511.3766272194475 -4586.6647720007295 -3041.67902076802 -23582.73508291118 3225.7847628452787 23914.824857250976 -89.6893539120305 25227.670727717064 13949.06849731938 -28212.874768729424 17935.690018767244 0.0 -8377.227823183306; -12566.632741727753 4495.315359641628 12885.077160497398 -2900.5528618395447 23713.00056242185 6597.153921185719 -18151.129362911248 6569.707264445021 -987.793654512812 -1924.8680520435416 6139.506650708994 998.6761021309782 -4430.328341460843 2301.4350973469127 -211.20483532479014 5008.222446492944 8938.260107084481 338.98627689991235 7991.234451552936 155.8837295238148 4604.034308999106 3087.7489981496105 9370.22704049109 6214.458589412113 48377.772719992274 -6739.499657429641 -48876.86299786829 305.3064428714311 -51888.49869546144 -28212.874768729427 57973.1432606913 -36606.24576989449 0.0 17141.50046061459; 8008.073468888551 -2865.2782304331004 -8209.874453176662 1849.227381002702 -15112.657095673634 -4203.640653955847 11566.608999212227 -4185.521883745302 629.1698118037158 1227.0214875565057 -3911.4867779584424 -636.4220732829057 2824.09879414888 -1466.2428337518415 134.26499915289688 -3190.7507185457625 -5695.871932504569 -216.11140101392684 -5091.58989959387 -99.31141402279891 -2934.245472401902 -1967.4162894717024 -5970.9183657457725 -3959.2447599875954 -30565.645205588575 4097.84869229895 31120.1441320255 -33.628756158850976 32604.76422593281 17935.690018767247 -36606.245769894515 23529.112003376995 0.0 -10887.61166019825; 0.0 0.0 0.0 0.0 0.0 0.0 0.0 0.0 0.0 0.0 0.0 0.0 0.0 0.0 0.0 0.0 0.0 0.0 0.0 0.0 0.0 0.0 0.0 0.0 0.0 0.0 0.0 0.0 0.0 0.0 0.0 0.0 155.11390926152419 0.0; -3730.6915526844173 1334.500606004497 3825.290995636569 -861.0884563437947 7039.745729063338 1958.5455175637067 -5388.608496255739 1950.4018541551977 -293.13044886563546 -571.4961377003472 1822.6295692084695 296.61067393684095 -1315.468705081522 683.2087526286107 -62.59091354441841 1486.8388993558594 2653.509064750012 100.69680296049691 2372.401510267143 46.311709682553996 1366.8781862851192 916.6712539116428 2781.740073303097 1844.944445090618 14333.285739485611 -1970.9517221798776 -14521.33460931899 63.72809467540253 -15341.507659721872 -8377.227823183308 17141.500460614596 -10887.611660198256 0.0 5084.001933409896]
 * x: [-1.0557294227282177, -0.12218331457804907, 0.9868712943528051, 0.1262668684546877, 0.3996617344845255, 0.6586690710756473, -0.9137797098260958, 1.0710318204939544, -0.21574997186935674, -1.1472579931960982, 0.9764635222194182, 0.6040384705231364, -0.6582406058837097, 0.6013360837528119, -0.5068654494351597, 1.1609532006072234, -0.41793289298257863, -0.5846388673949635, -0.10584911388031437, -0.20992434138077623, -0.012699770318886704, -0.4386957143541655, -0.002862589270029767, -0.5496030971070469, -0.19434947819038914, 0.07209785422715398, 0.13086751904287564, -0.0449070090957509, 0.25460940342370564, 0.08319362628538826, -0.20935100423962297, 0.0807835580247647, 0.0, -0.014056694131779074]
bfgs   25   loss 3.308517e-09
n     Energy            log10(ΔE)   log10(Δρ)   Diag   Δtime 
---   ---------------   ---------   ---------   ----   ------
  1   -7.892354975643                   -2.68    1.0    480ms
  2   -7.892357596575       -5.58       -3.37    1.0    451ms
  3   -7.892357826894       -6.64       -4.05    2.3    638ms
  4   -7.892357834018       -8.15       -4.50    2.1    517ms
  5   -7.892357834687       -9.17       -5.29    1.9    497ms
  6   -7.892357834716      -10.54       -5.55    2.3    619ms
  7   -7.892357834719      -11.51       -6.97    1.4    483ms
  8   -7.892357834719      -12.80       -7.34    3.6    734ms
  9   -7.892357834719      -15.05       -7.99    1.5    475ms
 10   -7.892357834719      -15.05       -8.18    2.1    547ms
 11   -7.892357834719   +  -14.57       -9.53    1.1    541ms
 12   -7.892357834719      -14.57       -9.33    3.3    662ms
 13   -7.892357834719   +  -15.05      -10.10    1.1    531ms
n     Energy            log10(ΔE)   log10(Δρ)   Diag   Δtime 
---   ---------------   ---------   ---------   ----   ------
  1   -7.920054837593                   -2.73    1.0    740ms
  2   -7.920057387692       -5.59       -3.48    1.0    758ms
  3   -7.920057612035       -6.65       -3.96    2.4    1.03s
  4   -7.920057616327       -8.37       -4.72    2.0    867ms
  5   -7.920057616763       -9.36       -5.28    2.1    1.01s
  6   -7.920057616777      -10.85       -5.73    2.2    1.02s
  7   -7.920057616778      -12.05       -6.60    1.4    841ms
  8   -7.920057616778      -13.15       -7.02    2.4    998ms
  9   -7.920057616778      -14.75       -7.66    1.3    807ms
 10   -7.920057616778      -15.05       -8.36    1.9    953ms
 11   -7.920057616778   +    -Inf       -9.15    2.2    1.08s
 12   -7.920057616778   +    -Inf       -9.66    2.3    999ms
 13   -7.920057616778   +  -15.05      -10.81    2.0    967ms
n     Energy            log10(ΔE)   log10(Δρ)   Diag   Δtime 
---   ---------------   ---------   ---------   ----   ------
  1   -7.908125420170                   -2.79    1.0    736ms
  2   -7.908127667208       -5.65       -3.53    1.0    835ms
  3   -7.908127875604       -6.68       -3.96    2.3    980ms
  4   -7.908127880188       -8.34       -4.56    1.9    1.03s
  5   -7.908127880581       -9.41       -5.21    1.7    966ms
  6   -7.908127880610      -10.54       -5.52    2.1    947ms
  7   -7.908127880612      -11.64       -6.44    1.1    880ms
  8   -7.908127880612      -12.90       -7.05    2.2    1.09s
  9   -7.908127880612      -14.35       -7.49    1.7    858ms
 10   -7.908127880612   +  -14.57       -8.01    1.9    926ms
 11   -7.908127880612      -14.57       -8.97    1.8    930ms
 12   -7.908127880612   +  -14.45       -9.50    2.6    1.01s
 13   -7.908127880612      -14.75      -10.13    1.8    858ms
n     Energy            log10(ΔE)   log10(Δρ)   Diag   Δtime 
---   ---------------   ---------   ---------   ----   ------
  1   -7.892357834719                  -10.88    1.0    369ms
n     Energy            log10(ΔE)   log10(Δρ)   Diag   Δtime 
---   ---------------   ---------   ---------   ----   ------
  1   -7.920057616778                  -11.38    1.0    739ms
n     Energy            log10(ΔE)   log10(Δρ)   Diag   Δtime 
---   ---------------   ---------   ---------   ----   ------
  1   -7.908127880612                  -11.19    1.0    772ms
n     Energy            log10(ΔE)   log10(Δρ)   Diag   Δtime 
---   ---------------   ---------   ---------   ----   ------
  1   -7.892357834719                  -11.21    1.0    386ms
n     Energy            log10(ΔE)   log10(Δρ)   Diag   Δtime 
---   ---------------   ---------   ---------   ----   ------
  1   -7.920057616778                  -11.85    1.0    739ms
n     Energy            log10(ΔE)   log10(Δρ)   Diag   Δtime 
---   ---------------   ---------   ---------   ----   ------
  1   -7.908127880612                  -11.44    1.0    753ms
n     Energy            log10(ΔE)   log10(Δρ)   Diag   Δtime 
---   ---------------   ---------   ---------   ----   ------
  1   -7.892357834719                  -11.75    1.0    447ms
n     Energy            log10(ΔE)   log10(Δρ)   Diag   Δtime 
---   ---------------   ---------   ---------   ----   ------
  1   -7.920057616778                  -12.11    1.0    658ms
n     Energy            log10(ΔE)   log10(Δρ)   Diag   Δtime 
---   ---------------   ---------   ---------   ----   ------
  1   -7.908127880612                  -11.86    1.0    688ms
    26     1.424936e-09     1.043026e-05
 * Current step size: 1.0
 * time: 1507.1422181129456
 * g(x): [-8.980513484543004e-8, 2.2647421780405163e-8, 6.30300259698973e-8, -2.107852162747532e-8, 1.1374976728263471e-7, 3.309095428855081e-8, -1.152794075565919e-7, 3.091136908941932e-8, -8.022146976991463e-8, 2.1292079890394653e-9, 1.5704338369348647e-7, -4.012898930005035e-8, 1.0440034185011999e-7, 7.292138362920536e-8, -8.730833274998059e-8, 9.119902404305065e-8, 6.553866570312588e-8, -2.1874120360935668e-8, 7.894477334555307e-8, -1.0855518495403344e-8, -3.179908511050706e-8, 3.1945415388358474e-8, 8.63262649408474e-8, 5.8077967192275564e-8, -5.409008249146136e-7, -3.284746474065118e-7, 1.3196935512861636e-6, 5.082676310267668e-7, -1.6876474372483668e-7, 6.596247169646403e-7, -7.358125596487178e-7, 1.2803830241929606e-6, 0.0, 1.0430264530565206e-5]
 * ~inv(H): [3208.324100033282 -1085.194263329719 -3133.165331087922 699.5500133373749 -5739.950464155249 -1603.1556830210993 4408.8177681933685 -1599.9891254623597 249.04583357369535 464.6658060972829 -1516.7122157719327 -239.57340731909207 1055.7701310157352 -570.3553135772106 63.125519452041196 -1232.7999858408875 -2171.0528205620317 -80.00875430709011 -1950.568029735554 -37.32125544442086 -1108.247218069462 -753.3041369418919 -2279.89997321024 -1519.0205321540614 -12261.087941338827 2039.002748054455 11885.688557726839 -411.4919493668203 13531.471901785877 6918.870429127983 -14501.106306366577 8757.976910251627 0.0 -4233.313646480234; -1085.1942633297185 539.7645037281743 1115.640067471913 -247.51273809580672 2038.4383472972145 570.5919271083956 -1567.5795475130526 570.2918622155087 -88.10742283893123 -165.0651560411133 539.9499734159539 86.08672027944232 -375.88364684767396 202.93481365468233 -22.11190005564616 439.2671679810505 771.597248728032 28.769852301626155 694.5166166474007 13.544475131590431 393.9514581096705 268.0962784986257 810.5242914977922 541.3714772124039 4360.072152909797 -721.7482240307997 -4231.589741630615 142.9841280213378 -4807.868006201499 -2462.6561816048684 5158.090335267927 -3119.5633170309766 0.0 1506.3137864338998; -3133.165331087921 1115.640067471913 3366.4364558415423 -720.0395035932876 5893.516898258467 1643.6288121243756 -4523.179081010588 1638.7916589708195 -256.1543412002563 -477.0653134508188 1554.649006906484 244.20705055560106 -1082.5092753426477 584.8058840027578 -65.19475897806599 1262.968614608221 2227.9863684921734 81.54024467896619 1999.248199724432 37.80268865996319 1137.3236847397125 772.3368489571515 2339.1858158189607 1555.974397378363 12579.340206336943 -2096.877614552231 -12186.872766468541 427.0627378364264 -13888.355604420965 -7095.135966418839 14875.248805103825 -8977.76186118185 0.0 4341.850086360346; 699.5500133373746 -247.51273809580675 -720.0395035932873 314.18910165389343 -1313.335017709367 -368.1565450307215 1010.7554521480256 -368.31361142644135 56.68078870868357 106.35165749506726 -348.46159309691785 -55.84696617098178 242.49377813411027 -130.9266278999162 14.175102434108458 -283.6282706977977 -497.38121606475295 -18.666098071896187 -448.23905292241136 -8.838177073681134 -253.93437487374314 -172.97775402019528 -522.5868291413942 -349.60817093905564 -2810.5231370710426 463.91139308691436 2729.661126128708 -90.86022758283357 3097.6843782725336 1588.3297452366023 -3325.5478951105383 2012.8940216218052 0.0 -971.3516181144083; -5739.9504641552485 2038.438347297214 5893.516898258466 -1313.3350177093664 10943.339862096323 3015.1511135329024 -8289.35603741687 3010.5187365851593 -467.3670507595366 -873.4663086915634 2852.6739028680686 452.02909572806755 -1986.1048131546759 1072.5343548312596 -117.97435634416125 2319.380781531443 4081.4109257780665 151.0129383701342 3668.958402242551 70.64670943746758 2083.6849466188055 1416.737668977472 4286.3927211178125 2858.0722574524975 23054.721833509895 -3827.196443570057 -22359.17187077214 766.8547921543461 -25435.207607862743 -13014.399184300752 27269.58628290066 -16478.541590468856 0.0 7961.928739161732; -1603.1556830210982 570.5919271083953 1643.6288121243747 -368.1565450307213 3015.1511135329015 996.3012652032064 -2314.5232293279496 838.9086215914265 -130.98298945128246 -244.07622897251403 795.6849243540221 125.16634050565612 -554.0217676885852 299.28483621013703 -33.29481652953934 646.4875365221666 1139.9890497120357 41.79611668661605 1023.2560413418088 19.406374345830322 581.9399281148832 395.2686111485617 1196.9462275566516 796.4993547375312 6436.847085005936 -1072.231733937084 -6237.1271272792455 217.79012037396328 -7105.808549060159 -3631.084140446228 7611.995458702505 -4595.062991354335 0.0 2221.931429431954; 4408.817768193368 -1567.5795475130533 -4523.1790810105895 1010.7554521480257 -8289.35603741687 -2314.5232293279505 6521.111151120749 -2309.505296563538 359.7429293152771 671.051545638786 -2189.60899727736 -345.5155950446425 1524.3299103689014 -823.4420940562553 91.22709901068659 -1779.5665537990883 -3135.003353715866 -115.38955604838497 -2815.9296490604743 -53.76122860850995 -1600.3462561158574 -1087.568355176925 -3292.0311938097743 -2192.6657358582415 -17704.74940412221 2945.52153190698 17160.877095982014 -595.3927575882975 19540.51469042126 9989.887215481629 -20938.700378913833 12644.493045373885 0.0 -6112.48169213125; -1599.9891254623592 570.2918622155087 1638.7916589708195 -368.3136114264413 3010.518736585159 838.9086215914267 -2309.5052965635373 991.1009185589573 -131.00166757270893 -243.67711167791617 793.4105161241299 124.21937368715673 -552.4948290710502 298.5106770611317 -33.43836077798477 644.3509118103489 1137.7738211650374 41.4689563058659 1020.2619756890135 19.15779412123815 580.7830232029656 394.2081568443703 1194.4224328792884 793.773572713918 6423.0564096934995 -1072.3951814014927 -6220.090051955868 219.7755746465954 -7093.446953973802 -3621.6303591160136 7594.5823736160955 -4581.419473728412 0.0 2216.4815364881556; 249.0458335736953 -88.10742283893124 -256.1543412002563 56.68078870868358 -467.36705075953654 -130.98298945128252 359.74292931527697 -131.0016675727089 175.1594679297432 37.89987929761327 -124.129975454169 -19.9382583771733 86.36370346861769 -46.633768048763194 4.929170990233547 -101.03846920725631 -177.01920849220002 -6.672761217571533 -159.50197075555195 -3.160876684710605 -90.43952608931093 -61.55287560769774 -185.96596347706932 -124.4134675307683 -1012.4080493453824 171.7518560088993 976.550685503412 -37.24707228609668 1120.8028168478854 569.0580998966944 -1195.6770644529747 718.2226223861363 0.0 -348.3983060928062; 464.6658060972825 -165.06515604111328 -477.06531345081856 106.35165749506719 -873.4663086915633 -244.07622897251406 671.0515456387855 -243.67711167791603 37.89987929761326 225.81404178810465 -230.8806068151738 -36.530844704398476 160.7310497115652 -86.81297630779709 9.607746774009527 -187.69750472121666 -330.4208989146956 -12.199825682098496 -296.98460727094437 -5.701416964667993 -168.6611273380015 -114.68352986593429 -347.0141404066132 -231.32229303265348 -1862.7930848369774 308.10224592046484 1808.2143174236878 -60.87139433108683 2053.961245027015 1052.2914638955017 -2203.9100337604978 1333.0897604491174 0.0 -643.6861613302814; -1516.712215771933 539.949973415954 1554.6490069064841 -348.46159309691797 2852.6739028680695 795.6849243540224 -2189.6089972773602 793.4105161241301 -124.12997545416903 -230.88060681517388 907.9711530881125 118.15505704927313 -523.7308907117845 283.22190614847636 -31.71635261939188 611.5491040301484 1078.5249860477966 39.43140633205185 967.9324961058285 18.287410476071113 550.400199449898 373.9198953698529 1132.4114074893605 753.3496843582213 6096.044231038826 -1020.7920096371142 -5898.877848134313 211.6240328948213 -6735.801299576123 -3435.1254894701005 7206.565259165669 -4343.446072480221 0.0 2102.590688745697; -239.5734073190921 86.08672027944235 244.20705055560109 -55.84696617098179 452.0290957280676 125.16634050565621 -345.5155950446425 124.21937368715676 -19.9382583771733 -36.53084470439848 118.1550570492731 173.0997176178947 -82.36226439815424 44.52434572902642 -5.260840779670298 95.71919490570413 170.43408577057482 5.989965988215371 152.01741257359552 2.685580677146569 86.9379769646608 58.815684858402776 178.77226274518742 117.93765787739515 952.0793264696409 -157.4761628391371 -924.0635816583125 31.176301478207126 -1050.038157298233 -537.789240409135 1126.517122702256 -681.169886654246 0.0 329.1138842686047; 1055.7701310157352 -375.88364684767396 -1082.509275342648 242.49377813411036 -1986.1048131546763 -554.0217676885857 1524.3299103689017 -552.4948290710503 86.36370346861771 160.7310497115653 -523.7308907117846 -82.36226439815425 520.0710588257863 -196.99157929266343 21.99401060629425 -425.5403430647366 -750.817091039495 -27.503344753442775 -673.8431973793763 -12.759618697795416 -383.2852047570946 -260.30321483523375 -788.3178801375817 -524.4726031932805 -4221.960498803099 695.6852832005005 4102.1022323576135 -135.3775904882405 4652.387099060656 2386.775814013418 -4996.349972291474 3025.354347180828 0.0 -1459.842375651365; -570.3553135772102 202.9348136546823 584.8058840027578 -130.92662789991618 1072.5343548312594 299.28483621013714 -823.4420940562551 298.5106770611316 -46.6337680487632 -86.81297630779709 283.22190614847625 44.5243457290264 -196.99157929266332 261.6510184799898 -11.893763628201144 230.09652699898655 405.5648897823922 14.860340411346879 364.1091667053169 6.904723574917989 206.97375360299563 140.64576528887565 425.8532119642813 283.44168611941706 2294.218249266298 -384.60922766536527 -2219.381288815885 80.07085953753683 -2535.448875614189 -1292.4995667613719 2711.94128666377 -1633.9891663546625 0.0 791.1444956503732; 63.12551945204118 -22.11190005564615 -65.194758978066 14.175102434108437 -117.97435634416114 -33.294816529539354 91.22709901068656 -33.43836077798478 4.929170990233556 9.607746774009525 -31.71635261939189 -5.2608407796703 21.99401060629424 -11.893763628201144 156.2423523602883 -25.884155375389827 -44.821560062822265 -1.7675340328463445 -40.626805170251174 -0.8621950321498699 -22.93699275201849 -15.6542383736781 -47.123739858546685 -31.794951411003197 -265.9694478100616 48.22391357600874 252.053066343351 -12.806013804585419 297.74165152501047 147.42590570415658 -312.6017617715049 184.0984218402601 0.0 -90.49643087570045; -1232.7999858408878 439.26716798105065 1262.968614608221 -283.6282706977977 2319.3807815314444 646.4875365221669 -1779.5665537990885 644.3509118103492 -101.03846920725636 -187.69750472121683 611.5491040301486 95.71919490570414 -425.5403430647366 230.0965269989866 -25.884155375389824 651.7577697027323 876.6706349162376 31.93978283210788 786.3151162323027 14.768248248960202 447.38300514367046 303.8033177769092 920.3818965282376 611.8122865296234 4949.914923489386 -827.8793745437321 -4791.246652747632 170.8725845596128 -5468.3615928775 -2789.9464076865243 5852.1393713654015 -3528.2814817782187 0.0 1707.6476151594377; -2171.052820562031 771.5972487280319 2227.9863684921734 -497.3812160647529 4081.410925778066 1139.9890497120361 -3135.003353715865 1137.7738211650378 -177.01920849220005 -330.42089891469567 1078.5249860477963 170.43408577057482 -750.8170910394949 405.56488978239213 -44.821560062822265 876.6706349162373 1698.8761371664004 56.92460314046023 1387.0414283079037 26.560720304527674 788.0764014374912 535.6644974463484 1621.1628207033584 1080.2005004599991 8720.243935382237 -1450.3040136773927 -8453.09891088567 292.7659556816984 -9623.816194837103 -4920.720834072891 10313.274440000334 -6228.651256636755 0.0 3010.733575192059; -80.00875430709009 28.769852301626152 81.54024467896619 -18.666098071896197 151.01293837013426 41.79611668661608 -115.38955604838493 41.4689563058659 -6.672761217571531 -12.199825682098503 39.431406332051836 5.989965988215369 -27.50334475344277 14.860340411346883 -1.7675340328463456 31.939782832107866 56.924603140460235 157.10837971044282 50.75303535355505 0.891937206628063 29.035285702271985 19.638375354715432 59.70638772283837 39.3659276398777 316.67048522314667 -51.87025357565033 -308.09331289877514 9.872130758983525 -348.70174700541816 -179.21504804692916 374.9337620448617 -227.32204115781886 0.0 109.63300556887242; -1950.5680297355539 694.5166166474007 1999.248199724432 -448.2390529224113 3668.958402242551 1023.2560413418094 -2815.9296490604734 1020.2619756890138 -159.50197075555198 -296.9846072709445 967.9324961058281 152.01741257359552 -673.8431973793763 364.109166705317 -40.62680517025117 786.3151162323026 1387.0414283079042 50.753035353555056 1399.7896892330805 23.531392415390176 708.0046544152482 480.8336877550593 1456.2838855568925 968.7137344384486 7833.481356002873 -1307.179895618027 -7586.9797904042 267.34946690526857 -8650.257218754756 -4417.352042565394 9262.564768497854 -5588.505365290911 0.0 2703.3281463175067; -37.321255444420856 13.544475131590431 37.80268865996319 -8.838177073681134 70.64670943746759 19.406374345830333 -53.76122860850994 19.157794121238155 -3.160876684710606 -5.701416964667995 18.28741047607111 2.685580677146568 -12.759618697795412 6.904723574917991 -0.8621950321498698 14.7682482489602 26.560720304527674 0.8919372066280632 23.531392415390176 155.49751376883245 13.539829747533435 9.119805121845655 27.830236341081367 18.191596025652437 147.22563718115956 -24.382880117434492 -142.83066625016474 4.860743133693968 -162.44366927200758 -83.13468909445373 174.19850556833242 -105.26125158528576 0.0 50.8998875141168; -1108.2472180694615 393.9514581096705 1137.323684739712 -253.9343748737432 2083.6849466188055 581.9399281148835 -1600.3462561158572 580.7830232029659 -90.43952608931095 -168.6611273380016 550.4001994498979 86.93797696466082 -383.2852047570945 206.97375360299569 -22.93699275201851 447.3830051436704 788.0764014374912 29.035285702271988 708.0046544152482 13.539829747533439 557.4106622879731 273.43222219780114 827.581290028273 551.3464770043902 4442.430965742457 -735.1090517769361 -4311.788339455963 145.4866037249477 -4898.676278849441 -2509.3158683193888 5255.763031040056 -3178.702389763472 0.0 1534.9992870938918; -753.3041369418918 268.09627849862574 772.3368489571515 -172.97775402019525 1416.737668977472 395.2686111485619 -1087.5683551769246 394.2081568443704 -61.55287560769774 -114.68352986593433 373.9198953698528 58.815684858402776 -260.3032148352337 140.64576528887568 -15.654238373678094 303.80331777690907 535.6644974463485 19.638375354715436 480.8336877550594 9.119805121845657 273.4322221978011 340.8515174914643 562.4341519550503 374.28566196874846 3025.7727726300977 -504.6703174022698 -2930.9281241779395 103.02105049180639 -3340.9658104216023 -1706.421194044668 3577.8769358552545 -2159.009792286779 0.0 1044.254393897412; -2279.8999732102393 810.5242914977922 2339.1858158189602 -522.5868291413941 4286.392721117813 1196.946227556652 -3292.0311938097734 1194.4224328792882 -185.96596347706932 -347.01414040661336 1132.4114074893605 178.77226274518736 -788.317880137581 425.85321196428134 -47.12373985854669 920.3818965282372 1621.1628207033584 59.706387722838365 1456.283885556892 27.83023634108136 827.5812900282729 562.4341519550503 1857.4978909318193 1134.0085039524454 9159.129584283859 -1524.9315678198575 -8876.125029431012 309.1170296337557 -10110.018138920244 -5167.271683944042 10831.57881581905 -6539.650951690029 0.0 3161.7653107304054; -1519.0205321540611 541.3714772124039 1555.974397378363 -349.60817093905564 2858.072257452498 796.4993547375315 -2192.6657358582415 793.7735727139183 -124.41346753076832 -231.32229303265362 753.3496843582213 117.93765787739514 -524.4726031932805 283.4416861194171 -31.794951411003183 611.8122865296233 1080.2005004599994 39.36592763987771 968.7137344384486 18.19159602565244 551.3464770043901 374.2856619687484 1134.0085039524456 908.8041482051063 6098.261217966873 -1018.6892232275244 -5904.7356095698615 209.21062958165567 -6735.417826944986 -3438.108891394308 7210.328428684603 -4348.878758096978 0.0 2104.226028930629; -12261.087941338827 4360.072152909797 12579.340206336941 -2810.5231370710435 23054.7218335099 6436.847085005938 -17704.7494041222 6423.0564096935 -1012.4080493453824 -1862.7930848369786 6096.044231038826 952.0793264696408 -4221.960498803099 2294.218249266298 -265.96944781006204 4949.914923489385 8720.24393538224 316.6704852231466 7833.481356002874 147.22563718115956 4442.430965742457 3025.7727726300977 9159.129584283859 6098.261217966873 49656.323755331316 -8510.14182315839 -47561.96701916392 1943.4867793694787 -54957.698753241544 -27736.72560628305 58418.8097883801 -34917.77637679851 0.0 17010.318716341804; 2039.0027480544547 -721.7482240307997 -2096.8776145522306 463.91139308691436 -3827.196443570058 -1072.2317339370843 2945.5215319069794 -1072.3951814014927 171.75185600889932 308.1022459204649 -1020.7920096371141 -157.47616283913706 695.6852832005005 -384.6092276653653 48.22391357600872 -827.879374543732 -1450.3040136773927 -51.87025357565034 -1307.179895618027 -24.382880117434492 -735.1090517769361 -504.67031740226975 -1524.9315678198575 -1018.6892232275244 -8510.14182315839 1801.4092101331582 7901.160437165871 -518.014319217754 9658.105832835487 4640.760470214238 -9958.341403556085 5717.964229627472 0.0 -2862.4664919700576; 11885.688557726835 -4231.589741630613 -12186.87276646854 2729.661126128709 -22359.171870772145 -6237.127127279248 17160.877095982014 -6220.090051955869 976.5506855034116 1808.2143174236887 -5898.8778481343115 -924.063581658312 4102.102232357613 -2219.3812888158855 252.0530663433508 -4791.24665274763 -8453.09891088567 -308.09331289877525 -7586.979790404199 -142.83066625016474 -4311.788339455964 -2930.9281241779386 -8876.125029431012 -5904.73560956986 -47561.96701916392 7901.160437165871 46268.02719254264 -1590.9367325259516 52489.442979422456 26841.999757439175 -56258.02023636907 33978.134278648904 0.0 -16438.640159791277; -411.49194936682056 142.98412802133794 427.06273783642615 -90.86022758283357 766.8547921543459 217.7901203739632 -595.3927575882974 219.77557464659523 -37.247072286096646 -60.871394331086755 211.62403289482128 31.17630147820713 -135.37759048824066 80.07085953753679 -12.806013804585307 170.8725845596128 292.7659556816984 9.872130758983545 267.3494669052687 4.860743133693969 145.48660372494766 103.02105049180646 309.1170296337555 209.21062958165584 1943.486779369479 -518.0143192177537 -1590.9367325259543 415.87522306003746 -2368.123671860155 -960.9353017690196 2208.3426758195606 -1085.10453126753 0.0 604.6853477400209; 13531.471901785873 -4807.8680062015 -13888.355604420964 3097.684378272535 -25435.207607862754 -7105.8085490601625 19540.514690421256 -7093.446953973803 1120.8028168478854 2053.961245027016 -6735.801299576122 -1050.0381572982328 4652.387099060656 -2535.4488756141895 297.7416515250106 -5468.361592877499 -9623.816194837103 -348.70174700541827 -8650.257218754756 -162.44366927200758 -4898.676278849442 -3340.9658104216014 -10110.018138920244 -6735.417826944987 -54957.69875324155 9658.105832835487 52489.44297942248 -2368.123671860154 61410.60072300419 30648.10495628048 -64760.87637255892 38440.8474300311 0.0 -18811.456159198173; 6918.870429127978 -2462.6561816048675 -7095.13596641884 1588.3297452366019 -13014.399184300748 -3631.0841404462303 9989.887215481625 -3621.6303591160145 569.0580998966947 1052.291463895502 -3435.1254894701005 -537.7892404091348 2386.7758140134174 -1292.499566761372 147.42590570415683 -2789.946407686523 -4920.720834072892 -179.21504804692907 -4417.352042565395 -83.13468909445372 -2509.3158683193883 -1706.4211940446678 -5167.271683944043 -3438.1088913943076 -27736.725606283046 4640.76047021424 26841.99975743917 -960.9353017690198 30648.10495628048 15785.555249018144 -32792.69099063098 19763.663652571875 0.0 -9574.968178041321; -14501.106306366568 5158.090335267926 14875.24880510382 -3325.547895110538 27269.58628290066 7611.995458702509 -20938.700378913825 7594.582373616095 -1195.677064452974 -2203.910033760498 7206.565259165668 1126.5171227022554 -4996.349972291474 2711.9412866637704 -312.60176177150475 5852.1393713654 10313.274440000336 374.9337620448617 9262.564768497854 174.19850556833242 5255.7630310400555 3577.8769358552536 10831.578815819048 7210.3284286846 58418.8097883801 -9958.341403556084 -56258.020236369055 2208.34267581956 -64760.8763725589 -32792.69099063099 69137.31051092887 -41340.40364508342 0.0 20102.44098870626; 8757.976910251622 -3119.5633170309757 -8977.76186118185 2012.8940216218045 -16478.541590468863 -4595.062991354339 12644.493045373882 -4581.419473728414 718.2226223861365 1333.0897604491183 -4343.446072480221 -681.1698866542458 3025.3543471808266 -1633.989166354663 184.0984218402602 -3528.281481778218 -6228.651256636755 -227.32204115781877 -5588.505365290911 -105.26125158528579 -3178.702389763473 -2159.0097922867794 -6539.65095169003 -4348.878758096979 -34917.776376798494 5717.964229627472 33978.13427864889 -1085.1045312675308 38440.847430031106 19763.663652571882 -41340.40364508345 25228.641971607074 0.0 -12097.548806037541; 0.0 0.0 0.0 0.0 0.0 0.0 0.0 0.0 0.0 0.0 0.0 0.0 0.0 0.0 0.0 0.0 0.0 0.0 0.0 0.0 0.0 0.0 0.0 0.0 0.0 0.0 0.0 0.0 0.0 0.0 0.0 0.0 155.11390926152419 0.0; -4233.313646480235 1506.3137864339 4341.850086360346 -971.3516181144084 7961.928739161734 2221.9314294319547 -6112.4816921312495 2216.481536488157 -348.39830609280637 -643.686161330282 2102.590688745697 329.1138842686048 -1459.842375651365 791.1444956503734 -90.4964308757006 1707.6476151594375 3010.733575192059 109.63300556887245 2703.3281463175067 50.89988751411679 1534.9992870938922 1044.2543938974122 3161.765310730407 2104.226028930629 17010.318716341804 -2862.466491970058 -16438.640159791285 604.6853477400206 -18811.456159198176 -9574.968178041323 20102.44098870627 -12097.548806037545 0.0 5862.531686499893]
 * x: [-1.0536501964164338, -0.12290970361423292, 0.9847130532542441, 0.1267294174966792, 0.39577088940045185, 0.6575677625786052, -0.9107690875563036, 1.0699228366277214, -0.21557147242344551, -1.1469469080472794, 0.9754138154611508, 0.6038755313410052, -0.6575358140298208, 0.6009405762549738, -0.5068123411195179, 1.1601012553403791, -0.4194121152085849, -0.5846919664740508, -0.10719391242114265, -0.2099501304952839, -0.013443725269157655, -0.4392140554883467, -0.004421422412328421, -0.5506544692649811, -0.20270176661821934, 0.07358124555502443, 0.13881868843593526, -0.04528699882428503, 0.2639539960794095, 0.0878369558849926, -0.21919368821048793, 0.0865921480202834, 0.0, -0.01690945352506616]
bfgs   26   loss 1.424936e-09
n     Energy            log10(ΔE)   log10(Δρ)   Diag   Δtime 
---   ---------------   ---------   ---------   ----   ------
  1   -7.895809472012                   -2.91    1.0    373ms
  2   -7.895810387443       -6.04       -3.60    1.0    473ms
  3   -7.895810467995       -7.09       -4.27    2.3    570ms
  4   -7.895810470459       -8.61       -4.74    2.1    592ms
  5   -7.895810470705       -9.61       -5.54    1.9    527ms
  6   -7.895810470714      -11.08       -5.81    2.3    634ms
  7   -7.895810470715      -12.00       -6.87    1.4    484ms
  8   -7.895810470715      -13.21       -7.58    3.0    709ms
  9   -7.895810470715   +  -15.05       -7.83    1.9    491ms
 10   -7.895810470715      -14.75       -8.60    1.3    454ms
 11   -7.895810470715   +  -15.05       -8.78    2.3    622ms
 12   -7.895810470715      -15.05       -9.42    1.1    461ms
 13   -7.895810470715      -14.75       -9.73    2.0    646ms
 14   -7.895810470715   +  -14.75      -10.89    1.2    447ms
n     Energy            log10(ΔE)   log10(Δρ)   Diag   Δtime 
---   ---------------   ---------   ---------   ----   ------
  1   -7.923537104826                   -2.96    1.0    784ms
  2   -7.923537989586       -6.05       -3.72    1.0    895ms
  3   -7.923538066920       -7.11       -4.18    2.4    1.01s
  4   -7.923538068321       -8.85       -4.89    1.9    969ms
  5   -7.923538068491       -9.77       -5.47    2.0    931ms
  6   -7.923538068497      -11.19       -5.98    2.0    944ms
  7   -7.923538068498      -12.42       -6.79    1.7    917ms
  8   -7.923538068498      -13.59       -7.30    2.3   1000ms
  9   -7.923538068498      -15.05       -8.14    1.7    943ms
 10   -7.923538068498   +    -Inf       -8.88    2.3    974ms
 11   -7.923538068498   +    -Inf      -10.00    2.1    1.01s
n     Energy            log10(ΔE)   log10(Δρ)   Diag   Δtime 
---   ---------------   ---------   ---------   ----   ------
  1   -7.911601945590                   -3.01    1.0    750ms
  2   -7.911602720939       -6.11       -3.77    1.0    881ms
  3   -7.911602793010       -7.14       -4.18    2.4    1.03s
  4   -7.911602794431       -8.85       -4.73    1.9    922ms
  5   -7.911602794591       -9.79       -5.40    1.8    932ms
  6   -7.911602794608      -10.79       -5.85    2.1    1.04s
  7   -7.911602794608      -12.15       -6.62    1.3    805ms
  8   -7.911602794608      -13.35       -7.35    2.1    1.01s
  9   -7.911602794608      -14.45       -7.96    1.9    996ms
 10   -7.911602794608   +  -14.75       -8.54    2.0    954ms
 11   -7.911602794608   +  -14.45       -9.36    1.8    915ms
 12   -7.911602794608   +    -Inf       -9.62    2.5    1.05s
 13   -7.911602794608   +    -Inf      -10.87    1.5    821ms
n     Energy            log10(ΔE)   log10(Δρ)   Diag   Δtime 
---   ---------------   ---------   ---------   ----   ------
  1   -7.895810470715                  -11.69    1.0    472ms
n     Energy            log10(ΔE)   log10(Δρ)   Diag   Δtime 
---   ---------------   ---------   ---------   ----   ------
  1   -7.923538068498                  -10.80    1.0    697ms
n     Energy            log10(ΔE)   log10(Δρ)   Diag   Δtime 
---   ---------------   ---------   ---------   ----   ------
  1   -7.911602794608                  -11.42    1.0    798ms
n     Energy            log10(ΔE)   log10(Δρ)   Diag   Δtime 
---   ---------------   ---------   ---------   ----   ------
  1   -7.895810470715                  -11.95    1.0    451ms
n     Energy            log10(ΔE)   log10(Δρ)   Diag   Δtime 
---   ---------------   ---------   ---------   ----   ------
  1   -7.923538068498                  -11.25    1.0    723ms
n     Energy            log10(ΔE)   log10(Δρ)   Diag   Δtime 
---   ---------------   ---------   ---------   ----   ------
  1   -7.911602794608                  -11.67    1.0    742ms
n     Energy            log10(ΔE)   log10(Δρ)   Diag   Δtime 
---   ---------------   ---------   ---------   ----   ------
  1   -7.895810470715                  -12.36    1.0    348ms
n     Energy            log10(ΔE)   log10(Δρ)   Diag   Δtime 
---   ---------------   ---------   ---------   ----   ------
  1   -7.923538068498                  -11.73    1.0    709ms
n     Energy            log10(ΔE)   log10(Δρ)   Diag   Δtime 
---   ---------------   ---------   ---------   ----   ------
  1   -7.911602794608                  -12.05    1.0    709ms
    27     4.970471e-10     7.494374e-05
 * Current step size: 1.0
 * time: 1556.0327081680298
 * g(x): [8.350809838418861e-7, -3.6256736893746423e-7, -8.288047210765956e-7, 2.3070663105493082e-7, -1.780169290067818e-6, -4.3338955758085954e-7, 1.2316571746140348e-6, -4.0131195020566533e-7, 2.7426237134349843e-7, 7.72692462912472e-8, -3.948677709158112e-7, 1.1220178744754964e-7, 4.5540525017611775e-8, -1.7576137979068012e-7, 2.1292358733292814e-7, -2.4476776505238616e-7, -6.32325052770532e-7, 5.630035939506782e-8, -5.129962962115912e-7, 3.8005409122701983e-8, -1.8167812542464993e-7, -2.092025749078806e-7, -6.837556742817479e-7, -3.495930994278038e-7, 4.83414409851529e-6, 5.369954014539487e-7, -7.5935064685015345e-6, -1.7793438295255237e-6, -2.04224210358218e-6, -4.0084458081426655e-6, 5.759022440616331e-6, -6.874395829887488e-6, 0.0, -7.494374224675804e-5]
 * ~inv(H): [4956.811310721965 -1712.1521065668524 -4902.6278385499 1108.953308531328 -9019.969355071118 -2510.6053027755083 6922.774475479802 -2499.0949042393 399.4843304882244 730.8429036001857 -2400.2025445937943 -367.4519787315752 1639.7912969122922 -904.9351348370008 109.27422857070339 -1944.0861401351076 -3413.591219310792 -121.7573065590739 -3061.0921901274864 -56.099085748708475 -1737.2637165736437 -1183.0671433962573 -3584.6355611458976 -2380.9048726136807 -19995.335914563424 3740.7236807632266 18753.109959712066 -1086.9638303574172 22531.894464570363 10995.417781866243 -23450.383896844436 13636.318368812514 0.0 -6768.600215491948; -1712.1521065668521 764.3131369740988 1750.5869484377695 -394.03746386763163 3214.150755010871 896.1576133904956 -2469.1640608990947 893.0605292189682 -142.25114288444303 -260.4019601954505 857.1782198649062 131.9356001465515 -584.9633727710866 323.0897464605231 -38.89599873054774 694.628160599902 1217.1471392312174 43.70924569231851 1093.0663347315258 20.285370688603887 619.2593174305432 422.3104490916553 1278.4944221268722 850.7770135198626 7135.799241175363 -1335.3974458212394 -6691.761069144277 388.43379024812674 -8041.685343795752 -3923.5647883749907 8368.669249896886 -4865.592505335853 0.0 2415.2340674556663; -4902.6278385499 1750.5869484377695 5156.285937243253 -1134.8489725587194 9213.618294035079 2561.6412407265925 -7067.022683583832 2548.010370974122 -408.037157770281 -746.6271586466837 2447.9593208367396 373.6282004946061 -1674.1355094188991 923.0688939530291 -111.47255239927031 1982.2238829542466 3485.4109731393887 123.84428884817662 3122.471023259619 56.79196146199212 1774.3161273163848 1207.0518916130711 3659.3417419353623 2427.55491774103 20401.980125917966 -3812.8007370009873 -19140.790063355114 1104.8130681543566 -22985.04231754411 -11222.06847645549 23928.972073423905 -13920.37953058591 0.0 6907.840447606609; 1108.9533085313278 -394.03746386763163 -1134.8489725587192 409.75815716107905 -2080.909309258514 -580.8236968772447 1599.5510102121773 -579.2331552843626 92.11785638844347 168.56337040363158 -555.7870521889695 -85.78435250577857 378.8877580588245 -209.4622674705268 25.23080773378021 -450.5059817374092 -788.3295873410103 -28.409195447646944 -708.6324436184033 -13.243095423860165 -400.9633933379003 -273.7254376305128 -828.2233984959843 -551.7948849339164 -4624.0617164615205 866.0244416259771 4335.22528925233 -252.45174182317356 5212.005135097078 2541.9686252688184 -5422.711452026669 3151.753481802006 0.0 -1564.810970033364; -9019.969355071116 3214.1507550108704 9213.618294035077 -2080.909309258513 17095.74442308878 4717.734963151053 -13005.570195431399 4697.756119526656 -749.8925217176293 -1372.625178276 4510.71034944146 691.9113822296788 -3081.15686836497 1700.467761795148 -204.91682193158348 3654.1883242778144 6412.328399431994 229.2819980848837 5752.756073486276 105.88446917173617 3263.292271673173 2223.1158692428603 6734.17243335065 4475.459238596478 37567.3772362761 -7024.918321201097 -35238.295725716605 2039.0786499596975 -42329.50201490504 -20660.37240620255 44060.24529414382 -25624.878445632778 0.0 12717.665340765649; -2510.6053027755074 896.1576133904955 2561.6412407265916 -580.8236968772445 4717.734963151053 1467.1353540655466 -3619.140507251052 1305.2777443220239 -208.92059469158414 -382.29355176833303 1253.9091247373353 191.53748048193816 -857.3541399236094 472.80167389737255 -57.082248570402975 1015.4219718274773 1784.848105066171 63.48428511080004 1599.368507723078 29.146586612210584 908.5594981227301 618.233560311923 1874.0035101130366 1243.5623279731253 10449.16519367908 -1953.0198340026495 -9802.841361405104 566.1129707001953 -11772.444807440253 -5747.34685504084 12255.47200983071 -7129.0938007170835 0.0 3537.8345831374313; 6922.774475479802 -2469.1640608990956 -7067.022683583834 1599.5510102121773 -13005.570195431399 -3619.140507251053 10135.564387334434 -3602.0129638731796 575.9254895279448 1053.8200674557368 -3459.6308345591824 -529.3808225009177 2364.222843462153 -1304.3907741610772 157.44217846844492 -2802.06441093295 -4921.505799068645 -175.43283803491795 -4412.428445247195 -80.7553355159776 -2504.8784825823423 -1705.4114304181683 -5167.891667993997 -3431.6664158310928 -28823.553333214182 5390.232666841801 27036.11178445746 -1564.698759826017 32477.448999928132 15851.582958871524 -33804.938374352685 19660.379345477224 0.0 -9757.783900190887; -2499.0949042392995 893.0605292189682 2548.0103709741215 -579.2331552843625 4697.756119526655 1305.2777443220239 -3602.0129638731787 1452.899232493788 -208.07130204718132 -380.70402468333594 1247.094441167739 189.9838185204509 -853.2896755594567 470.2932511288549 -56.82878301264686 1009.6563412955587 1776.6952784140406 62.98066371985569 1590.815351405906 28.802642384252003 904.5800130898145 615.0375142026705 1865.1570263010976 1236.4557540148921 10396.638263223464 -1942.47570171684 -9754.745316558645 562.4494681406202 -11712.257637203593 -5719.056742959632 12194.13996223875 -7094.566978767099 0.0 3520.4069185626213; 399.4843304882243 -142.25114288444303 -408.037157770281 92.11785638844349 -749.8925217176293 -208.92059469158423 575.9254895279446 -208.0713020471813 187.94846052910947 60.88376656670324 -199.8107519301426 -30.944485683580243 136.86943727021452 -75.27895144887927 8.717627456313496 -161.99514794926898 -283.9178486250665 -10.288228848459596 -254.78311891613637 -4.770576844443638 -144.74415757394675 -98.44203889786445 -298.12504318862995 -198.29336846715066 -1675.9732560684633 315.50132862607927 1569.1828404112362 -92.86507983339239 1890.1692978962396 920.4368940655382 -1964.416589726567 1140.4202894631444 0.0 -566.6567756573949; 730.8429036001853 -260.40196019545044 -746.6271586466835 168.5633704036315 -1372.6251782759998 -382.2935517683331 1053.8200674557363 -380.7040246833358 60.88376656670323 266.29121096144576 -365.55443186566583 -55.996214745232066 249.50157298126115 -137.8223995974841 16.729942402622747 -296.10717325820616 -519.5804654468507 -18.542853504078945 -466.18503884571805 -8.563171632996225 -264.31994743335775 -180.15398141304473 -545.6905233472615 -362.67609213916734 -3041.2007974676426 568.5771626429115 2852.7228709535516 -165.02916861236739 3426.7915372635575 1672.5376062242915 -3566.947939022292 2074.4205580944217 0.0 -1029.5738009463248; -2400.2025445937943 857.1782198649063 2447.95932083674 -555.7870521889696 4510.710349441461 1253.9091247373358 -3459.630834559183 1247.0944411677392 -199.81075193014263 -365.55443186566595 1353.666866652412 182.7785102220394 -819.3852637087097 451.97484170406466 -54.641245181442216 970.4312764010937 1706.3470737638847 60.57713839827403 1528.4895650063572 27.7628190739696 868.6336313044862 590.8855195870597 1791.4645000093665 1188.2536380823772 10000.000757653484 -1874.8935884205719 -9372.71845247155 547.5329603407557 -11272.758548163923 -5496.331243378355 11725.83213788393 -6813.749516144044 0.0 3383.910293917722; -367.4519787315752 131.9356001465515 373.6282004946061 -85.78435250577859 691.9113822296789 191.53748048193825 -529.3808225009176 189.98381852045097 -30.944485683580243 -55.99621474523207 182.77851022203933 182.45224705358248 -125.06956861679309 68.99775771904599 -8.640308233630968 147.74602550134816 261.30943321221577 9.042762859777282 233.2437967618707 4.059069184473804 132.93780315078027 90.24919271185883 274.198655975734 180.97954809528193 1517.7811447313284 -281.9973763649868 -1426.2823790170362 80.63712653201668 -1708.417972328419 -835.9194086093688 1781.0672064125217 -1037.8973124386303 0.0 514.5334201201973; 1639.7912969122922 -584.9633727710866 -1674.1355094188993 378.8877580588246 -3081.1568683649703 -857.35413992361 2364.2228434621534 -853.2896755594569 136.86943727021452 249.5015729812613 -819.3852637087098 -125.06956861679309 714.7157854682947 -308.9820031821297 37.71112542155319 -663.522639604598 -1165.8576815461508 -41.40900807268716 -1045.219678574098 -19.041554366544126 -593.0795021587902 -403.99568859673576 -1224.284459044237 -812.8137001730443 -6808.446998756301 1268.515903986868 6392.991976908307 -365.14923694609865 7667.013220950669 3747.347492105191 -7987.620764029816 4650.690461769003 0.0 -2306.4597193219874; -904.9351348370003 323.08974646052303 923.0688939530291 -209.46226747052677 1700.4677617951475 472.8016738973726 -1304.3907741610767 470.2932511288548 -75.27895144887927 -137.8223995974841 451.9748417040645 68.99775771904598 -308.9820031821296 325.5441106814015 -20.557448747434517 365.982100273433 643.3217274162997 22.870598801298723 576.3669480791193 10.492495809144941 327.5077479664909 222.80250604805155 675.4283019285899 448.1135055515262 3772.4691806916644 -707.7957105481695 -3535.107332305498 207.03304080433463 -4253.107968103735 -2073.145846913631 4423.274414276391 -2569.743085148125 0.0 1276.395486032338; 109.2742285707034 -38.895998730547724 -111.47255239927033 25.23080773378019 -204.9168219315834 -57.082248570402996 157.4421784684449 -56.82878301264687 8.717627456313505 16.729942402622747 -54.64124518144223 -8.640308233630972 37.711125421553184 -20.55744874743452 157.2458135643289 -44.37260804137882 -77.6065993114518 -2.897053917650198 -69.62231890298013 -1.350822336407625 -39.756326793257756 -26.894332969650232 -81.44323126960973 -54.21801296872476 -467.8845469924413 89.99857695416253 435.3869760484581 -27.690167948259482 529.3772974934508 255.76924915275953 -547.3327291691604 315.76334908514195 0.0 -157.55803076469564; -1944.086140135108 694.6281605999021 1982.2238829542466 -450.5059817374092 3654.1883242778154 1015.4219718274775 -2802.06441093295 1009.6563412955592 -161.99514794926904 -296.10717325820633 970.4312764010939 147.74602550134819 -663.522639604598 365.98210027343305 -44.37260804137881 940.7313641128931 1382.123208938859 48.95981501237199 1237.6589499628828 22.3978115343408 703.556101331357 478.4947240814686 1450.9940771141926 961.9959755312412 8093.267894559909 -1515.9722825256792 -7587.679570807645 441.74643571539025 -9121.885269382085 -4449.28391751499 9490.759250678151 -5516.6566701491665 0.0 2739.1989560952593; -3413.591219310791 1217.1471392312174 3485.4109731393883 -788.3295873410102 6412.328399431993 1784.8481050661715 -4921.505799068643 1776.6952784140412 -283.9178486250665 -519.5804654468508 1706.3470737638843 261.30943321221577 -1165.8576815461506 643.3217274162997 -77.60659931145179 1382.1232089388586 2581.8685109189005 86.59391349267683 2176.2056070785984 39.90460474048802 1235.0883651699587 841.0649208102599 2548.349824792048 1692.671748836994 14216.378487013253 -2659.4636392982525 -13333.433487240922 772.6448413426064 -16019.569564173338 -7817.697747063431 16672.88757318394 -9695.511828681714 0.0 4812.40688505286; -121.75730655907385 43.709245692318504 123.84428884817663 -28.409195447646955 229.28199808488375 63.484285110800066 -175.4328380349179 62.9806637198557 -10.288228848459594 -18.542853504078952 60.57713839827401 9.04276285977728 -41.40900807268715 22.870598801298726 -2.897053917650199 48.959815012371976 86.59391349267683 158.10165029263538 77.30954851456491 1.3411941448315938 44.02629295927127 29.913052649041013 90.8745751246917 59.98696326721518 501.6264987360594 -92.9064659395584 -471.7987769818663 26.37942652539203 -564.3663718440899 -276.4541472191779 588.8047974854207 -343.42747730173767 0.0 170.1490673897275; -3061.0921901274864 1093.0663347315256 3122.471023259619 -708.6324436184033 5752.756073486276 1599.3685077230784 -4412.428445247194 1590.8153514059065 -254.7831189161364 -466.18503884571817 1528.489565006357 233.2437967618707 -1045.219678574098 576.3669480791194 -69.62231890298013 1237.6589499628828 2176.2056070785993 77.30954851456492 2104.6588691565307 35.44757710352047 1107.833844840148 753.6398450737652 2284.794269449131 1515.6485920966488 12742.508749419367 -2383.390153464958 -11951.767143412962 692.0413330036347 -14358.044206166518 -7007.606935793801 14944.396138436192 -8691.178540976383 0.0 4313.790695173955; -56.09908574870847 20.285370688603887 56.79196146199212 -13.243095423860165 105.8844691717362 29.146586612210594 -80.75533551597759 28.80264238425201 -4.770576844443639 -8.563171632996228 27.762819073969595 4.059069184473804 -19.041554366544123 10.492495809144943 -1.3508223364076248 22.3978115343408 39.90460474048802 1.341194144831594 35.447577103520466 155.69895033782078 20.30221235461019 13.731884403690419 41.8385973576502 27.437195442979732 230.21514328721452 -42.556246976689906 -216.6508206641976 12.019111162389757 -258.91082076851967 -126.9390408757047 270.2611077441999 -157.7467524548409 0.0 78.13229729986546; -1737.2637165736433 619.2593174305432 1774.3161273163844 -400.96339333790036 3263.292271673173 908.5594981227306 -2504.878482582342 904.5800130898148 -144.74415757394675 -264.3199474333578 868.6336313044861 132.9378031507803 -593.0795021587901 327.50774796649097 -39.75632679325777 703.5561013313569 1235.0883651699587 44.026292959271274 1107.833844840148 20.302212354610194 783.4784713400869 428.1432363684901 1297.077186309156 861.7378510875725 7227.066785950415 -1350.4823806862507 -6780.230342545429 391.4695049633476 -8142.5639291891075 -3975.0908401377183 8476.747736985986 -4930.734193120258 0.0 2446.9176354032434; -1183.067143396257 422.3104490916553 1207.0518916130711 -273.7254376305127 2223.1158692428603 618.2335603119233 -1705.4114304181676 615.0375142026706 -98.44203889786444 -180.15398141304476 590.8855195870594 90.24919271185883 -403.9956885967357 222.80250604805158 -26.894332969650222 478.49472408146846 841.06492081026 29.913052649041017 753.6398450737652 13.73188440369042 428.14323636849 446.4342325484919 883.070740026402 585.9735239058007 4925.720248363604 -921.4334584723161 -4619.8772296084735 267.63493033805014 -5550.355165895485 -2708.7602498022675 5776.826249150285 -3359.4580779278767 0.0 1667.476092872506; -3584.6355611458966 1278.4944221268722 3659.341741935362 -828.2233984959842 6734.172433350651 1874.0035101130372 -5167.891667993996 1865.1570263010976 -298.12504318862995 -545.6905233472618 1791.4645000093665 274.198655975734 -1224.2844590442364 675.42830192859 -81.44323126960973 1450.9940771141921 2548.349824792048 90.8745751246917 2284.7942694491308 41.838597357650194 1297.077186309156 883.070740026402 2831.0384952557065 1776.976359949736 14929.278773367854 -2793.0568953378547 -14001.785530229625 811.5536645813838 -16822.97967752484 -8209.633562469713 17508.800647166452 -10181.496286874904 0.0 5053.696995138771; -2380.9048726136807 850.7770135198626 2427.55491774103 -551.7948849339164 4475.459238596478 1243.5623279731255 -3431.6664158310923 1236.4557540148924 -198.29336846715066 -362.6760921391675 1188.2536380823772 180.9795480952819 -812.8137001730443 448.1135055515263 -54.218012968724736 961.9959755312411 1692.6717488369943 59.986963267215195 1515.6485920966486 27.437195442979736 861.7378510875724 585.9735239058007 1776.976359949736 1333.161504503203 9907.353548339572 -1852.7639885571054 -9293.052877844651 537.7116200193886 -11163.044212650779 -5448.702057134315 11619.478819989692 -6757.9732141273635 0.0 3354.17047760306; -19995.335914563424 7135.799241175362 20401.980125917966 -4624.061716461522 37567.37723627611 10449.165193679082 -28823.553333214175 10396.638263223465 -1675.9732560684633 -3041.200797467644 10000.000757653483 1517.7811447313284 -6808.446998756301 3772.469180691665 -467.88454699244176 8093.267894559907 14216.378487013255 501.6264987360594 12742.508749419367 230.21514328721452 7227.066785950415 4925.720248363604 14929.278773367854 9907.353548339572 83845.00543883431 -16005.056130397626 -77960.77283321823 4900.921907526568 -94708.92593482256 -45776.64608772705 97989.77079661113 -56526.67887951656 0.0 28226.405239380085; 3740.7236807632266 -1335.3974458212392 -3812.8007370009864 866.0244416259771 -7024.918321201098 -1953.0198340026498 5390.2326668418 -1942.47570171684 315.50132862607927 568.5771626429116 -1874.8935884205716 -281.9973763649868 1268.515903986868 -707.7957105481696 89.9985769541625 -1515.972282525679 -2659.4636392982525 -92.90646593955842 -2383.390153464958 -42.556246976689906 -1350.4823806862507 -921.4334584723161 -2793.0568953378547 -1852.7639885571052 -16005.056130397626 3411.671350960424 14615.316618037974 -1132.3413550084458 18331.21255641451 8619.233137485462 -18646.71774265128 10508.384414147564 0.0 -5332.086166232294; 18753.109959712066 -6691.761069144275 -19140.790063355114 4335.225289252331 -35238.295725716605 -9802.841361405108 27036.111784457455 -9754.745316558647 1569.1828404112357 2852.722870953553 -9372.718452471549 -1426.282379017036 6392.991976908306 -3535.107332305499 435.3869760484579 -7587.679570807643 -13333.433487240922 -471.7987769818664 -11951.76714341296 -216.6508206641976 -6780.23034254543 -4619.877229608473 -14001.785530229625 -9293.05287784465 -77960.77283321823 14615.316618037974 73220.62307925898 -4272.46332941577 87897.14806995764 42845.93860050656 -91421.78392978014 53110.309352215096 0.0 -26394.903916224368; -1086.9638303574177 388.43379024812685 1104.8130681543564 -252.45174182317356 2039.0786499596973 566.1129707001952 -1564.6987598260168 562.4494681406201 -92.86507983339236 -165.0291686123673 547.5329603407557 80.63712653201668 -365.14923694609877 207.03304080433463 -27.690167948259365 441.74643571539025 772.6448413426064 26.379426525392052 692.0413330036347 12.019111162389759 391.46950496334756 267.6349303380502 811.5536645813836 537.7116200193889 4900.921907526568 -1132.3413550084456 -4272.463329415773 636.4303782171036 -5763.9633617876325 -2546.0545226281192 5645.414278206802 -3009.5993284857873 0.0 1586.1218831564345; 22531.89446457036 -8041.6853437957525 -22985.042317544106 5212.005135097079 -42329.502014905054 -11772.444807440257 32477.448999928125 -11712.257637203593 1890.1692978962394 3426.7915372635584 -11272.758548163923 -1708.4179723284187 7667.013220950669 -4253.107968103736 529.3772974934509 -9121.885269382083 -16019.569564173338 -564.36637184409 -14358.044206166518 -258.91082076851967 -8142.563929189108 -5550.355165895484 -16822.97967752484 -11163.044212650779 -94708.92593482258 18331.21255641451 87897.14806995765 -5763.963361787632 107577.53638251944 51652.983985200866 -110787.1267053961 63632.55098964416 0.0 -31866.006448833734; 10995.41778186624 -3923.5647883749903 -11222.068476455492 2541.968625268818 -20660.372406202547 -5747.3468550408425 15851.582958871519 -5719.056742959633 920.4368940655385 1672.5376062242917 -5496.331243378354 -835.9194086093686 3747.347492105191 -2073.1458469136314 255.76924915275978 -4449.283917514988 -7817.697747063431 -276.45414721917786 -7007.606935793802 -126.93904087570468 -3975.0908401377174 -2708.7602498022675 -8209.633562469713 -5448.702057134314 -45776.646087727044 8619.233137485464 42845.93860050655 -2546.0545226281197 51652.983985200866 25287.293139954378 -53662.81047578744 31127.223593575185 0.0 -15485.404112359967; -23450.383896844425 8368.669249896884 23928.972073423898 -5422.711452026669 44060.24529414382 12255.472009830713 -33804.93837435268 12194.13996223875 -1964.4165897265664 -3566.9479390222928 11725.832137883928 1781.067206412521 -7987.620764029816 4423.274414276392 -547.3327291691602 9490.75925067815 16672.887573183943 588.8047974854207 14944.396138436192 270.2611077441998 8476.747736985986 5776.826249150284 17508.80064716645 11619.478819989688 97989.77079661113 -18646.717742651275 -91421.78392978013 5645.414278206801 -110787.12670539608 -53662.81047578744 114932.27851057309 -66329.15684767462 0.0 33079.79663208908; 13636.31836881251 -4865.592505335852 -13920.37953058591 3151.753481802005 -25624.878445632785 -7129.093800717087 19660.37934547722 -7094.5669787671 1140.4202894631446 2074.4205580944226 -6813.749516144043 -1037.89731243863 4650.6904617690025 -2569.7430851481254 315.763349085142 -5516.6566701491665 -9695.511828681714 -343.4274773017376 -8691.178540976383 -157.74675245484093 -4930.734193120258 -3359.458077927877 -10181.496286874904 -6757.973214127364 -56526.67887951655 10508.384414147564 53110.30935221508 -3009.5993284857877 63632.55098964416 31127.223593575192 -66329.15684767466 38799.96535965853 0.0 -19169.102704161818; 0.0 0.0 0.0 0.0 0.0 0.0 0.0 0.0 0.0 0.0 0.0 0.0 0.0 0.0 0.0 0.0 0.0 0.0 0.0 0.0 0.0 0.0 0.0 0.0 0.0 0.0 0.0 0.0 0.0 0.0 0.0 0.0 155.11390926152419 0.0; -6768.60021549195 2415.2340674556663 6907.840447606608 -1564.810970033364 12717.665340765652 3537.834583137432 -9757.783900190887 3520.4069185626226 -566.656775657395 -1029.5738009463253 3383.910293917722 514.5334201201974 -2306.459719321987 1276.3954860323383 -157.5580307646958 2739.198956095259 4812.40688505286 170.14906738972752 4313.790695173955 78.13229729986544 2446.9176354032434 1667.4760928725063 5053.696995138773 3354.17047760306 28226.405239380085 -5332.086166232295 -26394.90391622437 1586.1218831564343 -31866.006448833738 -15485.404112359969 33079.796632089085 -19169.10270416182 0.0 9538.568354342193]
 * x: [-1.0524446326123347, -0.12332726553743743, 0.9834666040179788, 0.12699612921058004, 0.3935324584170168, 0.6569319186070827, -0.9090272100329364, 1.0692817422008292, -0.21545640979953432, -1.146769409691588, 0.9747801650799133, 0.6037876282482054, -0.6571519809669173, 0.6006994895287198, -0.5067671672295826, 1.159593099371503, -0.4202694491439363, -0.5847190319883206, -0.10797922041218973, -0.20996351240125707, -0.013863895410274406, -0.4395167746685195, -0.005328309818473485, -0.5512689635605194, -0.20817255337163298, 0.07494998509294702, 0.14342433077395852, -0.04593596328022505, 0.270527980833946, 0.09060107649700984, -0.22545573246108824, 0.08977469164873322, 0.0, -0.018648389177332095]
bfgs   27   loss 4.970471e-10
n     Energy            log10(ΔE)   log10(Δρ)   Diag   Δtime 
---   ---------------   ---------   ---------   ----   ------
  1   -7.900495511560                   -2.77    1.0    382ms
  2   -7.900497232001       -5.76       -3.47    1.0    432ms
  3   -7.900497389759       -6.80       -4.13    2.3    530ms
  4   -7.900497394309       -8.34       -4.65    2.1    606ms
  5   -7.900497394732       -9.37       -5.46    1.9    528ms
  6   -7.900497394743      -10.97       -5.71    2.6    633ms
  7   -7.900497394744      -11.80       -6.77    1.4    463ms
  8   -7.900497394744      -12.95       -7.41    3.0    693ms
  9   -7.900497394744   +  -15.05       -7.74    1.8    471ms
 10   -7.900497394744      -15.05       -8.27    1.6    503ms
 11   -7.900497394744   +    -Inf       -8.77    2.0    633ms
 12   -7.900497394744   +  -15.05       -9.37    1.6    503ms
 13   -7.900497394744   +  -15.05       -9.59    2.0    665ms
 14   -7.900497394744      -14.57      -10.56    1.2    472ms
n     Energy            log10(ΔE)   log10(Δρ)   Diag   Δtime 
---   ---------------   ---------   ---------   ----   ------
  1   -7.928247408247                   -2.82    1.0    758ms
  2   -7.928249085647       -5.78       -3.58    1.0    787ms
  3   -7.928249241419       -6.81       -4.02    2.4    1.06s
  4   -7.928249244761       -8.48       -4.71    1.9    990ms
  5   -7.928249245082       -9.49       -5.30    2.0    945ms
  6   -7.928249245097      -10.83       -5.77    2.1    1.01s
  7   -7.928249245097      -12.03       -6.63    1.5    882ms
  8   -7.928249245098      -13.19       -7.22    2.3    1.05s
  9   -7.928249245098   +  -15.05       -7.93    2.0    934ms
 10   -7.928249245098      -14.57       -9.19    2.0    974ms
 11   -7.928249245098   +  -15.05       -9.69    3.2    1.28s
 12   -7.928249245098      -15.05       -9.94    1.7    948ms
 13   -7.928249245098   +  -15.05      -10.91    1.0    775ms
n     Energy            log10(ΔE)   log10(Δρ)   Diag   Δtime 
---   ---------------   ---------   ---------   ----   ------
  1   -7.916287970430                   -2.88    1.0    795ms
  2   -7.916289449745       -5.83       -3.62    1.0    792ms
  3   -7.916289595916       -6.84       -4.02    2.4    1.09s
  4   -7.916289599174       -8.49       -4.57    2.0    968ms
  5   -7.916289599467       -9.53       -5.23    1.6    863ms
  6   -7.916289599500      -10.48       -5.67    2.1    1.02s
  7   -7.916289599501      -11.84       -6.49    1.2    892ms
  8   -7.916289599501      -13.11       -7.11    2.1    973ms
  9   -7.916289599501      -14.75       -7.63    1.8    949ms
 10   -7.916289599501      -14.75       -8.29    1.9    970ms
 11   -7.916289599501   +  -14.75       -9.11    2.0    928ms
 12   -7.916289599501      -14.27       -9.45    2.4    1.05s
 13   -7.916289599501   +  -14.27      -10.40    1.7    900ms
n     Energy            log10(ΔE)   log10(Δρ)   Diag   Δtime 
---   ---------------   ---------   ---------   ----   ------
  1   -7.900497394744                  -11.41    1.0    480ms
n     Energy            log10(ΔE)   log10(Δρ)   Diag   Δtime 
---   ---------------   ---------   ---------   ----   ------
  1   -7.928249245098                  -11.62    1.0    690ms
n     Energy            log10(ΔE)   log10(Δρ)   Diag   Δtime 
---   ---------------   ---------   ---------   ----   ------
  1   -7.916289599501                  -11.27    1.0    693ms
n     Energy            log10(ΔE)   log10(Δρ)   Diag   Δtime 
---   ---------------   ---------   ---------   ----   ------
  1   -7.900497394744                  -11.83    1.0    438ms
n     Energy            log10(ΔE)   log10(Δρ)   Diag   Δtime 
---   ---------------   ---------   ---------   ----   ------
  1   -7.928249245098                  -12.11    1.0    670ms
n     Energy            log10(ΔE)   log10(Δρ)   Diag   Δtime 
---   ---------------   ---------   ---------   ----   ------
  1   -7.916289599501                  -11.44    1.0    682ms
n     Energy            log10(ΔE)   log10(Δρ)   Diag   Δtime 
---   ---------------   ---------   ---------   ----   ------
  1   -7.900497394744                  -12.15    1.0    360ms
n     Energy            log10(ΔE)   log10(Δρ)   Diag   Δtime 
---   ---------------   ---------   ---------   ----   ------
  1   -7.928249245098                  -12.30    1.0    743ms
n     Energy            log10(ΔE)   log10(Δρ)   Diag   Δtime 
---   ---------------   ---------   ---------   ----   ------
  1   -7.916289599501                  -11.84    1.0    790ms
    28     1.575284e-10     2.024978e-05
 * Current step size: 1.0
 * time: 1607.194542169571
 * g(x): [-2.2244389143519203e-7, 8.630555581190238e-8, 2.0867732614669218e-7, -5.8006716550022214e-8, 4.295922291244842e-7, 1.0890901629656266e-7, -3.1956051631115083e-7, 1.0197476228187161e-7, -1.0746939925557808e-7, -1.3854671081073704e-8, 1.8028017060779067e-7, -4.6639575170625655e-8, 5.5797702895399804e-8, 8.199412158152863e-8, -9.983195601703205e-8, 1.0879513988740007e-7, 1.67825324126138e-7, -2.470105877910108e-8, 1.5447970814610748e-7, -1.4118263391080605e-8, 1.5576347587923542e-8, 6.267151327924167e-8, 1.9191769201422076e-7, 1.0881115374233181e-7, -1.2538669064553683e-6, -3.0202544869066316e-7, 2.2542202296875976e-6, 6.492642728383618e-7, 2.9301016790342964e-7, 1.1692688669067002e-6, -1.5508929616309077e-6, 2.0931058298687244e-6, 0.0, 2.0249784621779548e-5]
 * ~inv(H): [3530.5238540345517 -1198.9817502418853 -3445.00928467114 776.6747048260711 -6323.353959246738 -1763.6544027986301 4864.118827195292 -1757.4116230879852 291.0445110256673 510.96284060896164 -1710.77958219958 -253.44147256141594 1131.0670318555506 -646.9847772200154 89.63951954493129 -1380.6747803420624 -2399.357384505871 -82.59874440825051 -2158.597948080053 -38.342066265880455 -1211.0512844485631 -834.1317698610426 -2523.041238578595 -1680.0809328054336 -14586.880389374113 3060.568170936793 13176.901975544513 -1127.8856166838982 16818.275335298622 7789.035973770148 -16953.930707608517 9426.660252976199 0.0 -4829.303875922384; -1198.9817502418853 579.6947645098771 1226.0516751804234 -274.5163059921893 2243.886866550682 627.3689691839342 -1728.4295880106486 626.144116177314 -103.26691346621685 -181.29035294276105 609.1978534839469 90.88172323391059 -401.8442121961045 230.31640232197145 -31.873195483824485 491.946277826469 852.2280946161057 29.60509791718761 768.33431301554 13.887253574709472 429.9067820543533 296.76088431564887 896.53646326712 598.5998248999293 5192.799011817295 -1092.847158097886 -4685.769722295939 404.93625008715236 -5991.068115793277 -2770.417638757888 6033.948798941405 -3350.4646205635445 0.0 1717.9516104074103; -3445.00928467114 1226.0516751804232 3667.133670464324 -795.1086809595319 6457.9592426272475 1798.4920447672496 -4963.363617905464 1790.365855540104 -297.04758552134325 -521.9168775532376 1743.0219128220729 257.28989891185466 -1154.6733934753076 659.2636783690936 -91.18702515028117 1406.2758584515834 2448.91500617261 83.90517202747135 2200.2549316642167 38.69356184541307 1236.671996269319 850.4754318779545 2574.4389813062376 1711.4656959265064 14859.266682534599 -3106.2913311516654 -13440.522423763277 1137.2594217953724 -17118.978851149077 -7942.663429095804 17275.7556663077 -9620.967978378969 0.0 4923.490042314889; 776.6747048260708 -274.51630599218925 -795.1086809595317 332.4024619819082 -1452.6211295642295 -406.7381639699143 1119.877923144352 -406.3341858924598 66.91102948212698 117.33851078257727 -395.29776141030925 -59.164475779877236 260.22518289798217 -149.43131692159687 20.730036317321915 -319.30310257877943 -552.040245932421 -19.259865798756525 -498.34610306947525 -9.089989885261447 -278.3303091391849 -192.4268276327292 -580.9025927868315 -388.4822976166002 -3369.239514210086 711.390727479791 3036.674911841284 -265.1231754692065 3889.9335482931 1795.852563904749 -3913.9543301646045 2170.129630619399 0.0 -1113.8393520042546; -6323.353959246736 2243.886866550681 6457.959242627246 -1452.6211295642286 11997.455421270397 3305.5928567109327 -9113.452443236823 3295.6213800240935 -544.8039014892953 -956.9081094655598 3207.103677513004 476.427078586067 -2119.508949290932 1212.698258395746 -167.70733817685294 2588.90909487925 4494.770545018952 155.27830764361812 4046.4930648748186 72.33140606122883 2268.4574709418553 1563.409471656947 4727.06994915599 3150.495405029934 27335.734165576905 -5734.453702627589 -24694.9967587296 2112.7298488407764 -31516.346358557163 -14597.188605424799 31772.128699134282 -17666.95209578411 0.0 9050.154774478633; -1763.6544027986295 627.368969183934 1798.4920447672491 -406.7381639699142 3305.592856710933 1076.0457051366375 -2541.111125147073 916.9992098698125 -152.05787876042442 -267.14166227862205 892.6964077276092 131.9061991417531 -591.122734405688 337.6308530359583 -46.704623674197244 720.2925306053244 1253.6984213035232 43.011251285982574 1126.774219225782 19.868226088716234 633.0356408122883 435.50543386660104 1318.0484320764847 876.5948175489835 7610.06331112047 -1591.8876838861738 -6881.887408792301 583.4922081904961 -8768.564906093185 -4067.036376549512 8847.185337972542 -4925.659011612339 0.0 2521.1589140161213; 4864.118827195292 -1728.429588010649 -4963.363617905466 1119.8779231443518 -9113.452443236823 -2541.1111251470734 7164.2682421188 -2531.6413703406192 419.33152178156433 736.4524710681341 -2464.374051365683 -364.9014771972165 1630.1442747299309 -931.9889083750595 129.0031796335437 -1988.7830604367173 -3457.6024318767168 -118.94856518579407 -3109.844896278656 -55.14738668745507 -1745.418522684898 -1201.780561037507 -3635.627077288004 -2420.178982380077 -21010.20666276702 4403.375865819811 18986.89307280886 -1619.5395069249919 24218.4648010031 11222.431922939655 -24421.840699535725 13585.525072933593 0.0 -6957.562630837461; -1757.4116230879845 626.1441161773139 1790.3658555401034 -406.3341858924597 3295.621380024093 916.9992098698123 -2531.641370340619 1067.4426802714156 -151.56718376959776 -266.36417025050054 888.3354801647099 130.81774870482994 -589.0463659632114 336.02800246679885 -46.46882435474206 716.567664206223 1249.2957566063558 42.67215133603443 1121.5799613796999 19.602028400029493 631.0314555864364 433.6040707074431 1313.1255386514495 872.1089470715241 7573.650233297307 -1581.0036710296686 -6853.993888182369 577.335126125029 -8722.74930009824 -4049.9412588947685 8806.333862890006 -4907.359039852162 0.0 2510.2803915103277; 291.0445110256672 -103.2669134662168 -297.04758552134325 66.91102948212698 -544.8039014892952 -152.05787876042444 419.33152178156405 -151.5671837695977 179.76173138585312 44.16645856714729 -147.52205257203133 -22.215338835934222 98.0404629533141 -55.732211203805406 7.300597265390413 -119.21463896189294 -206.8002127948388 -7.283530523841112 -186.1313879423715 -3.4037115260845225 -104.69248959650137 -71.90441723490484 -217.408668549414 -144.96536641009615 -1270.106031626468 267.72990833936996 1145.7682022394642 -99.21290001265557 1465.0652164410774 677.5513919717439 -1475.348022072605 819.4234123112361 0.0 -420.0603614271906; 510.9628406089613 -181.290352942761 -521.9168775532373 117.33851078257717 -956.9081094655596 -267.14166227862205 736.4524710681338 -266.36417025050037 44.16645856714729 232.39394725141887 -259.2713579525489 -38.42001829698002 171.07523664108038 -98.05617674260614 13.703068328330852 -209.25030575998926 -363.2236206405882 -12.506048516549017 -327.0542265682825 -5.825691063676088 -183.1976788298994 -126.3612195066218 -382.0324682649477 -254.635273582361 -2207.4240547880167 463.72590529621357 1993.0810611915854 -171.34042504750957 2545.9732527146753 1178.2344512644029 -2565.442344579357 1425.4483020095588 0.0 -730.607691670397; -1710.77958219958 609.1978534839469 1743.021912822073 -395.29776141030925 3207.1036775130056 892.6964077276093 -2464.3740513656835 888.3354801647101 -147.52205257203136 -259.271357952549 1020.703118578956 127.53479475771803 -573.1506870354016 327.433266094682 -45.317663374791984 698.2178604369651 1216.0847286753135 41.58843833922439 1092.173363489631 19.142537831810525 614.1817482816655 422.20278405323756 1278.3140970938562 849.3983961454038 7397.492724248247 -1554.822352043922 -6678.547411136895 574.4549478677551 -8531.491967165186 -3948.4384633240347 8596.35743188137 -4776.859897144982 0.0 2448.38415393491; -253.44147256141588 90.88172323391056 257.28989891185466 -59.164475779877236 476.42707858606707 131.90619914175312 -364.90147719721637 130.81774870483 -22.215338835934222 -38.42001829698002 127.53479475771795 173.40306459452867 -84.56367314348452 48.30988789689794 -6.990954317541654 102.65134980648925 180.24283668004932 5.941587218471733 161.14030140759345 2.657370005430697 90.9213316837189 62.36569833274134 189.34412955741726 125.00623874061964 1079.8347372328456 -223.47727382473687 -979.977043043126 80.49805483672215 -1241.9010595125822 -578.6749702980009 1256.6588688682361 -702.3869896115009 0.0 358.6228528198741; 1131.0670318555506 -401.8442121961044 -1154.6733934753079 260.2251828979822 -2119.5089492909324 -591.1227344056884 1630.1442747299316 -589.0463659632115 98.0404629533141 171.07523664108052 -573.1506870354018 -84.56367314348454 533.6590894056194 -216.80727484247373 30.510240452113784 -462.4223346499317 -804.1192549912371 -27.513741741212673 -723.4133912768533 -12.7518645410821 -405.506347756884 -279.5599374306625 -845.648273603791 -562.9624764591177 -4865.462741126271 1015.6442194155067 4402.674040757035 -371.30489787248086 5604.845394591836 2601.3730819641373 -5657.828159044822 3151.649890068736 0.0 -1612.5476206399535; -646.984777220015 230.31640232197134 659.2636783690936 -149.43131692159685 1212.6982583957456 337.6308530359583 -931.9889083750592 336.0280024667988 -55.73221120380542 -98.05617674260614 327.4332660946818 48.30988789689794 -216.8072748424736 278.96581476665006 -17.09162317660535 264.14888547511265 459.88631412782263 15.75769057622645 413.10686365796266 7.262163803876913 232.2904088194987 159.6867182690431 483.42984303045296 321.3160969285069 2800.3233137523957 -589.2164003077884 -2527.2340899986275 218.07245911000703 -3230.228867546003 -1494.2624886869633 3253.818081371107 -1807.3523083892505 0.0 926.6176109090927; 89.6395195449313 -31.873195483824468 -91.1870251502812 20.730036317321897 -167.70733817685286 -46.704623674197265 129.0031796335437 -46.46882435474208 7.300597265390424 13.703068328330852 -45.317663374792005 -6.990954317541659 30.51024045211378 -17.091623176605356 157.07473210952836 -36.68895711252273 -63.63646841097192 -2.3219892928075696 -57.15168788281722 -1.0843676036342258 -32.45467280020946 -22.07996195033135 -66.82380781241639 -44.511659644436364 -400.4139239912008 85.79401194905734 359.33179971110627 -32.49071045752887 462.8959701466704 212.7994466429867 -464.2540293139462 256.58262824260555 0.0 -131.97018179887138; -1380.6747803420628 491.94627782646904 1406.2758584515836 -319.30310257877943 2588.9090948792514 720.2925306053246 -1988.7830604367175 716.5676642062235 -119.21463896189303 -209.25030575998943 698.2178604369655 102.6513498064893 -462.4223346499317 264.1488854751127 -36.68895711252272 718.225782961076 981.4753132973211 33.465137099020666 881.1220856055292 15.36737485346773 495.6498339044305 340.6505466665306 1031.6398266732392 685.1140682030424 5961.921698552296 -1251.0641651030833 -5385.486059863939 461.00511057396346 -6873.783149582118 -3183.5550120595703 6929.172499589018 -3852.8620675212865 0.0 1973.9488850527207; -2399.35738450587 852.2280946161056 2448.9150061726095 -552.0402459324208 4494.770545018951 1253.6984213035232 -3457.602431876715 1249.2957566063565 -206.80021279483884 -363.22362064058825 1216.084728675313 180.24283668004932 -804.1192549912369 459.8863141278226 -63.6364684109719 981.4753132973206 1860.6468703177636 58.75109546729577 1534.4451316299524 27.279325261775984 860.9029783109864 592.9376341482694 1793.449900664625 1194.3200928958072 10369.868105809155 -2175.395053951331 -9368.132501860762 801.4079042281498 -11955.645048828474 -5537.544871348546 12052.751476884607 -6702.119117025613 0.0 3433.284072382658; -82.59874440825048 29.605097917187603 83.90517202747138 -19.259865798756536 155.2783076436182 43.011251285982596 -118.94856518579402 42.67215133603444 -7.283530523841112 -12.506048516549026 41.588438339224375 5.941587218471733 -27.51374174121267 15.757690576226455 -2.3219892928075705 33.46513709902065 58.751095467295784 157.03961579478388 52.54858402724293 0.8616610834125406 29.600106303081887 20.33699664849768 61.73050558743005 40.767179721198346 350.60420164934027 -72.3612916605053 -318.44752714484486 25.96565847739498 -403.08279388756705 -187.99873102829804 408.14034643977675 -228.29777317936288 0.0 116.50351961599027; -2158.597948080053 768.3343130155397 2200.2549316642167 -498.3461030694752 4046.4930648748186 1126.7742192257822 -3109.844896278655 1121.5799613797 -186.13138794237156 -327.0542265682826 1092.1733634896307 161.14030140759348 -723.4133912768532 413.10686365796283 -57.151687882817214 881.122085605529 1534.4451316299535 52.54858402724294 1533.6206751554503 24.22202813197416 774.8960138585684 532.853416225465 1613.0648226842925 1072.2244444049265 9316.985805635137 -1950.5926323210974 -8423.046147993029 715.943934134309 -10736.98787154483 -4978.194580724816 10830.730589996136 -6028.062946201285 0.0 3086.165037390081; -38.34206626588045 13.887253574709469 38.69356184541307 -9.089989885261447 72.33140606122886 19.86822608871624 -55.14738668745505 19.6020284000295 -3.4037115260845234 -5.825691063676091 19.14253783181052 2.6573700054306975 -12.751864541082094 7.2621638038769145 -1.0843676036342254 15.367374853467727 27.279325261775977 0.8616610834125407 24.22202813197415 155.48275966122335 13.763750703646828 9.39010234325601 28.62309257437224 18.725061641692463 161.33183677383795 -32.94423891573253 -147.07087564742363 11.588765518519118 -185.07707666880623 -86.76061260952343 187.97224438120315 -105.60992980787579 0.0 53.74241189570605; -1211.0512844485627 429.90678205435324 1236.6719962693187 -278.330309139185 2268.4574709418557 633.0356408122886 -1745.418522684898 631.0314555864367 -104.69248959650142 -183.19767882989947 614.1817482816655 90.92133168371896 -405.506347756884 232.2904088194988 -32.45467280020948 495.64983390443047 860.9029783109866 29.600106303081898 774.8960138585686 13.763750703646835 589.3719185941904 299.41381149970636 905.4171285492911 603.2109296685529 5227.620830756874 -1096.5491717242467 -4722.5404706303525 404.1049587553622 -6027.515369958652 -2791.4529697401263 6076.263793913021 -3378.343329972107 0.0 1730.7919687916808; -834.1317698610425 296.7608843156488 850.4754318779547 -192.42682763272919 1563.409471656947 435.50543386660127 -1201.7805610375065 433.60407070744327 -71.90441723490484 -126.36121950662184 422.2027840532374 62.36569833274136 -279.55993743066244 159.68671826904315 -22.079961950331338 340.6505466665305 592.9376341482695 20.336996648497685 532.8534162254651 9.390102343256013 299.4138114997063 361.06980524419214 623.3566114108773 414.52621314033763 3601.8021739773053 -754.4736243082641 -3255.6035507896413 277.18418818055454 -4151.214041349406 -1924.2044780428732 4186.802755868677 -2329.716553733167 0.0 1192.9142483248058; -2523.041238578594 896.5364632671198 2574.438981306237 -580.9025927868313 4727.06994915599 1318.0484320764851 -3635.627077288003 1313.1255386514495 -217.40866854941402 -382.0324682649479 1278.3140970938562 189.34412955741732 -845.6482736037904 483.429843030453 -66.82380781241639 1031.6398266732388 1793.4499006646251 61.730505587430045 1613.064822684292 28.623092574372233 905.4171285492911 623.3566114108772 2040.8877349961017 1255.3519574196107 10903.367398479904 -2286.543131140608 -9851.343349470159 841.7902803012629 -12569.661612791257 -5823.043086665267 12673.11905933162 -7048.286784662227 0.0 3610.2090444980895; -1680.0809328054336 598.5998248999293 1711.465695926507 -388.4822976166002 3150.4954050299343 876.5948175489837 -2420.178982380077 872.1089470715244 -144.9653664100962 -254.63527358236124 849.398396145404 125.00623874061965 -562.9624764591179 321.3160969285071 -44.51165964443635 685.1140682030423 1194.3200928958076 40.76717972119836 1072.2244444049265 18.725061641692466 603.2109296685528 414.52621314033763 1255.3519574196107 988.8376218713685 7245.717556561893 -1515.514488158558 -6552.695781725994 555.3165605165984 -8348.396952795923 -3872.5156587716338 8423.61404659256 -4690.231770130981 0.0 2400.618262499868; -14586.880389374111 5192.799011817292 14859.266682534599 -3369.2395142100872 27335.734165576912 7610.06331112047 -21010.206662767014 7573.650233297308 -1270.106031626468 -2207.4240547880177 7397.492724248245 1079.8347372328458 -4865.462741126271 2800.323313752396 -400.4139239912012 5961.921698552294 10369.868105809157 350.60420164934027 9316.985805635137 161.33183677383792 5227.620830756873 3601.802173977305 10903.367398479904 7245.717556561891 63827.83557703494 -13789.038342893817 -56865.77477440625 5354.35388301729 -73899.92547840776 -33700.47852658662 73802.56226282241 -40477.20426056058 0.0 20950.69911273889; 3060.568170936793 -1092.8471580978855 -3106.291331151664 711.3907274797908 -5734.453702627589 -1591.8876838861734 4403.375865819809 -1581.003671029668 267.72990833936996 463.72590529621357 -1554.8223520439217 -223.47727382473687 1015.6442194155065 -589.2164003077884 85.79401194905729 -1251.0641651030828 -2175.3950539513307 -72.3612916605053 -1950.5926323210974 -32.94423891573253 -1096.5491717242462 -754.4736243082639 -2286.5431311406073 -1515.5144881585572 -13789.038342893817 3355.545818623259 11993.02675943842 -1372.1660513298546 16239.535511415274 7151.047029249203 -15879.089560947288 8437.003820249522 0.0 -4464.9581848627495; 13176.901975544517 -4685.769722295937 -13440.522423763281 3036.6749118412854 -24694.996758729605 -6881.887408792305 18986.89307280886 -6853.993888182373 1145.768202239464 1993.081061191587 -6678.547411136894 -979.9770430431261 4402.674040757035 -2527.234089998629 359.33179971110604 -5385.486059863937 -9368.132501860764 -318.44752714484497 -8423.046147993027 -147.07087564742366 -4722.540470630353 -3255.6035507896404 -9851.34334947016 -6552.695781725992 -56865.774774406265 11993.026759438424 51424.96259532445 -4462.7133594604875 65646.15281539579 30318.638406652357 -66068.65223192814 36643.46648244547 0.0 -18820.959612001203; -1127.8856166838987 404.9362500871525 1137.2594217953722 -265.1231754692065 2112.729848840776 583.4922081904958 -1619.5395069249919 577.3351261250289 -99.21290001265557 -171.34042504750948 574.4549478677551 80.49805483672216 -371.304897872481 218.07245911000703 -32.490710457528756 461.0051105739634 801.40790422815 25.965658477395 715.943934134309 11.588765518519123 404.10495875536213 277.1841881805546 841.7902803012628 555.3165605165987 5354.353883017291 -1372.1660513298546 -4462.713359460489 816.2137799695753 -6447.810951332914 -2688.0260223519367 6103.141073675675 -3077.88043446154 0.0 1689.128513931647; 16818.275335298622 -5991.068115793278 -17118.978851149077 3889.9335482931015 -31516.34635855718 -8768.564906093188 24218.464801003098 -8722.749300098241 1465.0652164410776 2545.9732527146766 -8531.491967165188 -1241.9010595125824 5604.845394591837 -3230.2288675460045 462.8959701466705 -6873.7831495821165 -11955.645048828477 -403.0827938875672 -10736.987871544832 -185.07707666880628 -6027.515369958653 -4151.214041349405 -12569.661612791258 -8348.396952795923 -73899.92547840781 16239.535511415279 65646.1528153958 -6447.810951332914 86182.9315423993 38952.00795569372 -85542.326918908 46618.0850647684 0.0 -24233.395139155582; 7789.035973770146 -2770.4176387578873 -7942.663429095807 1795.8525639047486 -14597.188605424795 -4067.036376549514 11222.43192293965 -4049.9412588947694 677.5513919717442 1178.234451264403 -3948.4384633240343 -578.6749702980007 2601.373081964138 -1494.262488686964 212.79944664298696 -3183.5550120595685 -5537.544871348547 -187.99873102829795 -4978.194580724818 -86.76061260952342 -2791.452969740125 -1924.2044780428732 -5823.043086665267 -3872.5156587716324 -33700.478526586616 7151.0470292492055 30318.638406652346 -2688.026022351937 38952.00795569371 18092.95248013712 -39133.322286931616 21649.15449972285 0.0 -11138.828371778955; -16953.930707608513 6033.948798941403 17275.755666307698 -3913.9543301646054 31772.128699134293 8847.185337972547 -24421.840699535725 8806.33386289001 -1475.348022072605 -2565.442344579358 8596.357431881372 1256.658868868236 -5657.828159044825 3253.8180813711087 -464.25402931394603 6929.172499589018 12052.751476884616 408.1403464397768 10830.73058999614 187.97224438120315 6076.263793913022 4186.802755868677 12673.11905933162 8423.614046592556 73802.56226282244 -15879.089560947292 -66068.65223192814 6103.141073675675 -85542.32691890797 -39133.32228693162 85749.09221057405 -47076.289717744 0.0 24317.71381240224; 9426.660252976195 -3350.464620563543 -9620.96797837897 2170.129630619398 -17666.952095784116 -4925.659011612342 13585.525072933591 -4907.359039852164 819.4234123112365 1425.4483020095595 -4776.859897144982 -702.3869896115009 3151.6498900687357 -1807.352308389251 256.58262824260555 -3852.8620675212865 -6702.119117025613 -228.29777317936282 -6028.062946201285 -105.60992980787583 -3378.343329972107 -2329.716553733167 -7048.286784662227 -4690.231770130982 -40477.204260560575 8437.003820249523 36643.46648244545 -3077.8804344615405 46618.08506476839 21649.154499722856 -47076.28971774403 26390.47667256721 0.0 -13431.567755584014; 0.0 0.0 0.0 0.0 0.0 0.0 0.0 0.0 0.0 0.0 0.0 0.0 0.0 0.0 0.0 0.0 0.0 0.0 0.0 0.0 0.0 0.0 0.0 0.0 0.0 0.0 0.0 0.0 0.0 0.0 0.0 0.0 155.11390926152419 0.0; -4829.303875922384 1717.95161040741 4923.490042314887 -1113.8393520042544 9050.154774478637 2521.1589140161213 -6957.562630837462 2510.2803915103286 -420.0603614271908 -730.6076916703973 2448.3841539349105 358.62285281987425 -1612.547620639953 926.6176109090931 -131.97018179887152 1973.9488850527202 3433.2840723826575 116.50351961599029 3086.165037390081 53.74241189570604 1730.7919687916806 1192.914248324806 3610.2090444980913 2400.618262499867 20950.69911273889 -4464.958184862751 -18820.9596120012 1689.1285139316465 -24233.395139155582 -11138.828371778956 24317.71381240224 -13431.567755584018 0.0 6914.141617875586]
 * x: [-1.0508322025645573, -0.12391305537017401, 0.9818485068851904, 0.1273817325500588, 0.39049571143593287, 0.656100343606725, -0.906713290057441, 1.0684635569048397, -0.2153235452457526, -1.146520825004817, 0.9739780998550973, 0.6036695618113276, -0.6566036519980268, 0.6003963262351573, -0.5067315217027454, 1.158946338832078, -0.4214149812566041, -0.5847584219765792, -0.108993178714493, -0.2099806040137628, -0.014450968411753772, -0.43990978245212525, -0.006527747493211276, -0.5520533084011383, -0.2152334879589619, 0.07641814270823692, 0.14982432993553182, -0.04646403632303764, 0.2786374257782933, 0.09438453815754795, -0.2336612137124135, 0.09436712175726594, 0.0, -0.02099111375476947]
bfgs   28   loss 1.575284e-10
n     Energy            log10(ΔE)   log10(Δρ)   Diag   Δtime 
---   ---------------   ---------   ---------   ----   ------
  1   -7.899610490430                   -3.49    1.0    441ms
  2   -7.899610560562       -7.15       -4.15    1.0    433ms
  3   -7.899610567338       -8.17       -4.83    2.4    580ms
  4   -7.899610567524       -9.73       -5.35    2.1    592ms
  5   -7.899610567539      -10.82       -6.14    2.0    540ms
  6   -7.899610567539      -12.29       -6.39    2.4    627ms
  7   -7.899610567539      -13.23       -7.76    1.2    453ms
  8   -7.899610567539      -14.21       -8.00    3.4    751ms
  9   -7.899610567539   +    -Inf       -8.34    1.1    419ms
 10   -7.899610567539   +    -Inf       -8.75    1.7    455ms
 11   -7.899610567539   +  -14.75       -9.48    1.9    549ms
 12   -7.899610567539      -14.75       -9.79    2.1    547ms
 13   -7.899610567539   +  -14.75      -10.69    1.3    549ms
n     Energy            log10(ΔE)   log10(Δρ)   Diag   Δtime 
---   ---------------   ---------   ---------   ----   ------
  1   -7.927366064947                   -3.53    1.0    796ms
  2   -7.927366134865       -7.16       -4.24    1.0    794ms
  3   -7.927366142105       -8.14       -4.70    2.4    1.02s
  4   -7.927366142262       -9.81       -5.42    1.9    1.02s
  5   -7.927366142273      -10.93       -6.01    1.9    1.02s
  6   -7.927366142274      -12.24       -6.38    2.1    1.07s
  7   -7.927366142274      -13.35       -7.37    1.3    887ms
  8   -7.927366142274      -14.75       -7.77    2.6    1.13s
  9   -7.927366142274      -14.75       -8.27    1.3    882ms
 10   -7.927366142274   +  -15.05       -8.96    1.9    924ms
 11   -7.927366142274   +  -15.05       -9.72    2.0    1.02s
 12   -7.927366142274      -14.75      -10.20    2.3    1.02s
n     Energy            log10(ΔE)   log10(Δρ)   Diag   Δtime 
---   ---------------   ---------   ---------   ----   ------
  1   -7.915421800869                   -3.58    1.0    825ms
  2   -7.915421863760       -7.20       -4.27    1.0    889ms
  3   -7.915421870641       -8.16       -4.70    2.3   1000ms
  4   -7.915421870823       -9.74       -5.29    1.9    1.01s
  5   -7.915421870836      -10.88       -5.89    1.7    1.03s
  6   -7.915421870837      -11.95       -6.27    2.0    983ms
  7   -7.915421870837      -13.11       -7.17    1.2    905ms
  8   -7.915421870837      -14.27       -7.83    2.3    1.11s
  9   -7.915421870837   +  -14.57       -8.24    1.9    919ms
 10   -7.915421870837      -14.21       -8.73    1.7    1.00s
 11   -7.915421870837   +  -14.15       -9.94    1.9    1.00s
 12   -7.915421870837      -14.27      -10.40    3.0    1.10s
n     Energy            log10(ΔE)   log10(Δρ)   Diag   Δtime 
---   ---------------   ---------   ---------   ----   ------
  1   -7.899610567539                  -11.51    1.0    480ms
n     Energy            log10(ΔE)   log10(Δρ)   Diag   Δtime 
---   ---------------   ---------   ---------   ----   ------
  1   -7.927366142274                  -11.02    1.0    728ms
n     Energy            log10(ΔE)   log10(Δρ)   Diag   Δtime 
---   ---------------   ---------   ---------   ----   ------
  1   -7.915421870837                  -11.00    1.0    780ms
n     Energy            log10(ΔE)   log10(Δρ)   Diag   Δtime 
---   ---------------   ---------   ---------   ----   ------
  1   -7.899610567539                  -12.03    1.0    402ms
n     Energy            log10(ΔE)   log10(Δρ)   Diag   Δtime 
---   ---------------   ---------   ---------   ----   ------
  1   -7.927366142274                  -11.51    1.0    661ms
n     Energy            log10(ΔE)   log10(Δρ)   Diag   Δtime 
---   ---------------   ---------   ---------   ----   ------
  1   -7.915421870837                  -11.50    1.0    762ms
n     Energy            log10(ΔE)   log10(Δρ)   Diag   Δtime 
---   ---------------   ---------   ---------   ----   ------
  1   -7.899610567539                  -12.21    1.0    459ms
n     Energy            log10(ΔE)   log10(Δρ)   Diag   Δtime 
---   ---------------   ---------   ---------   ----   ------
  1   -7.927366142274                  -11.94    1.0    733ms
n     Energy            log10(ΔE)   log10(Δρ)   Diag   Δtime 
---   ---------------   ---------   ---------   ----   ------
  1   -7.915421870837                  -12.04    1.0    778ms
    29     2.304534e-12     5.217214e-06
 * Current step size: 1.0
 * time: 1656.8600981235504
 * g(x): [5.8831217032909816e-8, -2.4473491377510648e-8, -5.739196963087328e-8, 1.5842612929673443e-8, -1.2104582468167272e-7, -2.997393527113264e-8, 8.602319513051286e-8, -2.7923286724364067e-8, 2.2767678360445397e-8, 4.761073810945213e-9, -3.528346678866351e-8, 9.544225392401947e-9, -3.5077642542493803e-9, -1.5875892537130824e-8, 1.93000580104204e-8, -2.1595220787136458e-8, -4.44935643623257e-8, 4.923992381354076e-9, -3.799415661407827e-8, 3.066543157081565e-9, -9.487209515665601e-9, -1.5455868333499176e-8, -4.916841722762788e-8, -2.6275046445271125e-8, 3.3182139908457725e-7, 5.315755206408527e-8, -5.496862314522747e-7, -1.4098033649585617e-7, -1.1632267875015801e-7, -2.8818636519616567e-7, 4.0094935423409395e-7, -5.029776431688386e-7, 0.0, -5.217213944960775e-6]
 * ~inv(H): [3397.422902970311 -1151.1706252340812 -3308.550905503531 745.8091508386141 -6071.522810208883 -1693.7616246444898 4671.81126938716 -1687.9031712366855 281.1124643087333 490.43522933293355 -1646.8229524172766 -242.62169644919638 1083.1413514101246 -623.106388228379 88.04499072118824 -1328.2647437580622 -2304.695358774705 -78.86159415081674 -2074.2988765383534 -36.63579621286014 -1161.7963465330508 -801.5538071986275 -2423.9736284603996 -1614.5743430096788 -14097.350064705175 3008.4779863756476 12657.82768689622 -1141.0919489325795 16311.766364410372 7492.238663302481 -16361.433720752766 9030.874120348784 0.0 -4650.684208920142; -1151.1706252340812 562.5226691303188 1177.02348078753 -263.43281470081195 2153.4223909103184 602.2580443498359 -1659.345903469038 601.1684796132353 -99.70289207104287 -173.91667735442226 586.2322438794181 86.99122752589061 -384.6191485079911 221.7432465520586 -31.305253335013834 473.1236447910992 818.2241931148676 28.26091304455219 738.0508851935176 13.273260220640614 412.21117813686976 285.05800227875454 860.9501342551137 575.0662467486331 5017.3010814383515 -1074.390795773836 -4499.34939136914 409.8893258595224 -5809.72759313539 -2663.863695323813 5821.433290729563 -3208.234650894977 0.0 1653.844905108943; -3308.550905503531 1177.0234807875297 3527.290910432576 -763.4451741124284 6199.798395121857 1726.8611979992927 -4766.231210171512 1719.1434798379319 -286.84585997251435 -500.8712694389407 1677.4090509096677 246.2177303201205 -1105.589512583445 634.7610797225159 -89.5270479684964 1352.5252478007033 2351.867269276384 80.08297635308965 2113.841990567197 36.94992101521047 1186.1890547890905 817.0786719992428 2472.87400691045 1644.3223441196596 14355.58007926823 -3051.5550953484744 -12908.166119828564 1149.7055376151407 -16596.546057251453 -7638.073986074882 16666.66695944389 -9215.510926634424 0.0 4740.076443234473; 745.8091508386137 -263.4328147008119 -763.4451741124282 325.2513736818154 -1394.2149333266334 -390.5219452700133 1075.2738625303741 -390.20224067448476 64.61425573467403 112.57830885940388 -380.4809014143154 -56.64852316131642 249.09439762425268 -143.9013640152652 20.368739071529557 -307.1556598156164 -530.0878105954297 -18.390140618528978 -478.7932895033923 -8.692410103501052 -266.90344953860875 -184.8711370190786 -557.9286966248022 -373.2863504373171 -3256.32634006187 699.7583441740156 2916.3670361549275 -268.55264524135197 3773.5326164412545 1727.129054481616 -3777.1092901526454 2078.243539150694 0.0 -1072.5149681504345; -6071.522810208881 2153.4223909103175 6199.798395121854 -1394.2149333266325 11520.991929524063 3173.3633351129224 -8749.610770487983 3164.124687073257 -526.0046451383041 -918.0691526024946 3086.0788845907473 455.96378339591354 -2028.8519696073386 1167.51101273083 -164.68053912005573 2489.7403921648024 4315.667868264961 148.21112259318235 3887.0015177119008 69.10531496984659 2175.2712585868658 1501.7721167690497 4539.631563861013 3026.561025401283 26408.817928694385 -5635.374642065665 -23712.81802702521 2137.2875367158485 -30556.780372187677 -14035.518934434747 30650.459852172076 -16918.23510230521 0.0 8712.08764290269; -1693.761624644489 602.2580443498358 1726.8611979992922 -390.5219452700132 3173.363335112923 1039.355021110389 -2440.139561282348 880.5165851984362 -146.83417648516624 -256.3623030005194 859.0935140725093 126.23348956546009 -565.9783471742134 325.0825887955834 -45.85641598282889 692.7634256585744 1203.9912579004035 41.052818600415755 1082.5132693386274 18.974695127948877 607.1775686832938 418.39967035728665 1266.0276213622162 842.2033354809191 7352.224106313135 -1563.9588250992347 -6609.23428721977 589.9544588222232 -8501.231199752789 -3911.0527898077753 8535.347157798227 -4717.962475682347 0.0 2427.239149169584; 4671.811269387161 -1659.3459034690384 -4766.231210171514 1075.273862530374 -8749.610770487983 -2440.1395612823485 6886.4292585678095 -2431.2316092315027 404.97281723070535 706.7935810231642 -2371.9485516082386 -349.2780585677492 1560.9229372045907 -897.4789468192494 126.68798485209234 -1913.0513716323435 -3320.833338222849 -113.5531982601337 -2988.0531653470957 -52.68468282220074 -1674.2602780507602 -1154.7124523162227 -3492.4924497249167 -2325.540481912034 -20302.105486230364 4327.51376114396 18236.83660737038 -1638.1271322889422 23485.228307349367 10793.473981831396 -23565.043749061068 13013.82448563133 0.0 -6699.358444882963; -1687.9031712366848 601.1684796132351 1719.1434798379314 -390.20224067448464 3164.1246870732566 880.516585198436 -2431.2316092315023 1031.170621774213 -146.3673682446324 -255.64403534704883 854.9065113791613 125.18141989330142 -564.0530544690739 323.5432092803531 -45.61890714640885 689.1852500642906 1199.8624553630664 40.726817887507906 1077.5655635810592 18.71484315687381 605.3192191266223 416.59311904448043 1261.391180067585 837.9105233591894 7316.772029302814 -1552.8918305042369 -6582.792397174086 583.4856064269528 -8456.09043442637 -3894.7382047481533 8495.79450713763 -4700.883578955095 0.0 2416.8042304408646; 281.11246430873325 -99.70289207104283 -286.8458599725143 64.61425573467403 -526.004645138304 -146.83417648516627 404.97281723070506 -146.36736824463233 179.0269470960713 42.6347444339384 -142.7638246347679 -21.40115389916048 94.44741369745148 -53.95765346038946 7.1899783408270235 -115.30993154220192 -199.73579531739205 -7.001604440403068 -179.83679647087652 -3.274508965960576 -101.01227907093903 -69.47245120518055 -210.01567824371094 -140.07205837567423 -1234.1766418231166 264.2846517057176 1107.0971892748155 -100.56092372641565 1428.3129849020536 655.5055690108379 -1431.6815444492274 789.7860114105027 0.0 -406.82729563774865; 490.4352293329332 -173.9166773544222 -500.87126943894043 112.57830885940378 -918.0691526024942 -256.3623030005194 706.7935810231639 -255.64403534704866 42.634744433938394 229.22805899826022 -249.4077351593933 -36.75125962546119 163.68368555530793 -94.37358493069358 13.457235715099884 -201.1673842531264 -348.6242793403462 -11.929652155105712 -314.05308582102424 -5.562520961849096 -175.6012440567707 -121.33684454275198 -366.7536736011709 -244.5324095104336 -2131.931901640901 455.6967390019581 1913.0270075955216 -173.38086707434323 2467.8670653230874 1132.461654328986 -2474.0695220147245 1364.4067840632456 0.0 -703.0608877884713; -1646.8229524172766 586.2322438794181 1677.409050909668 -380.4809014143154 3086.0788845907487 859.0935140725093 -2371.948551608239 854.9065113791614 -142.76382463476793 -249.4077351593934 990.0031236641285 122.320487372556 -550.0840939762625 315.9756879358616 -44.570237472470694 673.0479954961305 1170.596903482292 39.785831702470496 1051.6572988918037 18.31843722391304 590.5034119463689 406.54646566040685 1230.7097244222814 817.9100621075459 7163.612314749579 -1530.7832406840312 -6429.266126091156 581.6140172896785 -8290.449302070898 -3806.050991322255 8312.879889388176 -4586.44726969037 0.0 2362.76968059973; -242.62169644919632 86.99122752589058 246.21773032012052 -56.64852316131642 455.9637833959136 126.2334895654601 -349.2780585677491 125.18141989330148 -21.40115389916048 -36.751259625461195 122.32048737255593 172.53082701454713 -80.68582814466228 46.36103080005427 -6.852363746710923 98.38434187690598 172.54851025854552 5.641074206706288 154.29209205791238 2.5206834733283725 86.92253173146821 59.71849245707681 181.29148695285718 119.68676315416239 1039.3978342357925 -218.7691364271156 -937.7144468425971 81.1827773042026 -1199.6076860827782 -554.4396676835072 1207.909367274954 -670.3247243136582 0.0 344.00033024829713; 1083.1413514101243 -384.6191485079911 -1105.5895125834452 249.09439762425274 -2028.851969607339 -565.9783471742138 1560.9229372045913 -564.053054469074 94.44741369745148 163.68368555530807 -550.0840939762627 -80.68582814466228 516.447018746369 -208.1901584283652 29.91394205272311 -443.5347542775631 -770.0361354867325 -26.176205774650064 -693.0708310498339 -12.142466845641005 -387.78379344061716 -267.8321948711517 -809.9783746966924 -539.3892273182213 -4687.6095266736 995.71815370911 4215.6052936274655 -375.09984879918557 5419.702434102591 2494.236899386949 -5443.041879136652 3009.413713855194 0.0 -1547.9787940978547; -623.1063882283787 221.74324655205848 634.7610797225159 -143.90136401526513 1167.5110127308296 325.0825887955834 -897.4789468192491 323.54320928035304 -53.95765346038947 -94.3735849306936 315.9756879358614 46.36103080005427 -208.19015842836507 274.6903131707577 -16.81512591589784 254.75352458811764 442.9030921056342 15.083747686581901 397.9788046812221 6.953909015767805 223.4485719774448 153.8410863366176 465.656455074899 309.5582553134607 2713.1866138409964 -580.3763150674247 -2434.183320615851 220.8561096642131 -3140.553830911761 -1441.132681460929 3148.147749612012 -1736.2295317693047 0.0 894.6824199045266; 88.04499072118826 -31.305253335013816 -89.52704796849643 20.36873907152954 -164.68053912005564 -45.85641598282891 126.68798485209234 -45.618907146408866 7.189978340827034 13.457235715099884 -44.570237472470716 -6.852363746710928 29.913942052723108 -16.81512591589785 157.06665217281497 -36.06919705964344 -62.50151111803007 -2.273189054575626 -56.136315909016 -1.0614496774951883 -31.858298716388045 -21.688384767554222 -65.6363011096297 -43.72007588649594 -395.33940337296633 85.752005201265 353.1957459571293 -33.12662927484948 458.2032064619057 209.37734898015458 -457.87526362764913 251.70456367912473 0.0 -129.9563154517381; -1328.2647437580627 473.12364479109925 1352.5252478007035 -307.1556598156164 2489.740392164804 692.7634256585746 -1913.0513716323437 689.1852500642912 -115.30993154220201 -201.16738425312656 673.047995496131 98.38434187690603 -443.53475427756314 254.7535245881177 -36.069197059643436 697.5946843039769 944.2003704164462 31.990628163770044 847.9243219546169 14.693690055276116 476.2504956889706 327.8216431298972 992.6303022944501 659.3150739655497 5769.744307666642 -1230.980985599483 -5181.155130892172 466.55649022058407 -6675.350456334272 -3066.785790281489 6696.398799472944 -3696.916266668888 0.0 1903.7079471357558; -2304.6953587747043 818.2241931148675 2351.867269276383 -530.0878105954295 4315.667868264959 1203.9912579004038 -3320.833338222847 1199.862455363067 -199.73579531739207 -348.62427934034633 1170.5969034822915 172.54851025854552 -770.0361354867323 442.90309210563413 -62.50151111803005 944.2003704164456 1793.3228669648756 56.09355319940633 1474.4916913659272 26.06602487924706 825.8731605384315 569.7681415260887 1722.9926057490666 1147.7320666899786 10021.64582576584 -2138.299643148681 -8998.957531370641 810.7604000356012 -11595.298588331409 -5326.45006855591 11631.304728165273 -6420.645561010514 0.0 3306.238396535294; -78.86159415081671 28.260913044552183 80.08297635308969 -18.390140618528992 148.2111225931824 41.052818600415776 -113.55319826013366 40.72681788750792 -7.001604440403068 -11.929652155105721 39.78583170247048 5.641074206706289 -26.17620577465006 15.083747686581907 -2.273189054575627 31.99062816377003 56.093553199406344 156.93615900871416 50.18367585801263 0.8146588009420727 28.219453754773713 19.42276150188985 58.94918159575889 38.93040956397074 336.5705668884714 -70.68593700319286 -303.84306965700796 26.161809122025492 -388.3585054937527 -179.61658256603002 391.24151424738835 -217.2350073432654 0.0 111.44226011613544; -2074.2988765383534 738.0508851935173 2113.841990567197 -478.7932895033922 3887.0015177119008 1082.5132693386274 -2988.053165347095 1077.5655635810595 -179.83679647087655 -314.05308582102435 1051.6572988918035 154.29209205791238 -693.0708310498338 397.97880468122224 -56.13631590901599 847.9243219546166 1474.4916913659283 50.183675858012634 1480.2328481825418 23.142599341839873 743.703689972909 512.2209110439987 1550.3210055091533 1030.739444908262 9006.550394593349 -1917.3119957882325 -8094.251097712322 724.0705262717505 -10415.508048895412 -4790.152538578017 10455.116739174917 -5777.46097992876 0.0 2972.9741760437228; -36.63579621286013 13.27326022064061 36.94992101521047 -8.692410103501052 69.10531496984662 18.97469512794888 -52.68468282220072 18.714843156873815 -3.274508965960577 -5.562520961849099 18.318437223913037 2.520683473328373 -12.142466845641 6.953909015767807 -1.0614496774951878 14.693690055276113 26.066024879247053 0.8146588009420728 23.142599341839862 155.46144303958346 13.133751051947467 8.972765210749948 27.353263963641435 17.88684236264793 154.87883311064266 -32.14567498329574 -140.3981587455636 11.650705100002185 -178.27491273608194 -82.92585941856353 180.21516643996193 -100.56690215599316 0.0 51.42431106753913; -1161.7963465330504 412.21117813686976 1186.1890547890903 -266.9034495386088 2175.271258586866 607.177568683294 -1674.2602780507602 605.3192191266226 -101.01227907093909 -175.60124405677078 590.5034119463688 86.92253173146828 -387.78379344061716 223.44857197744489 -31.85829871638807 476.25049568897055 825.8731605384315 28.219453754773724 743.7036899729093 13.133751051947474 571.1483938200387 287.35885146440745 868.75686252188 578.9736635260467 5046.014642563163 -1076.939768080178 -4530.406259452282 408.71868347641356 -5839.291255669629 -2681.544659865707 5856.594542192661 -3231.9580776675125 0.0 1664.6204250178437; -801.5538071986273 285.0580022787545 817.078671999243 -184.87113701907856 1501.7721167690497 418.3996703572869 -1154.7124523162222 416.5931190444806 -69.47245120518055 -121.33684454275203 406.5464656604067 59.718492457076835 -267.83219487115167 153.84108633661765 -21.68838476755421 327.8216431298971 569.7681415260889 19.422761501889852 512.2209110439989 8.972765210749952 287.3588514644074 353.0961334513247 599.1087752490562 398.4935384999955 3481.8910471588406 -741.6554105680509 -3128.544547386489 280.3603218119516 -4027.07827778762 -1851.5442580962758 4041.6977038837326 -2232.859512807324 0.0 1149.180228331471; -2423.9736284603987 860.9501342551134 2472.874006910449 -557.928696624802 4539.631563861013 1266.0276213622162 -3492.492449724916 1261.3911800675849 -210.01567824371097 -366.7536736011711 1230.7097244222814 181.29148695285724 -809.9783746966917 465.65645507489904 -65.6363011096297 992.6303022944495 1722.9926057490668 58.94918159575887 1550.3210055091529 27.35326396364143 868.75686252188 599.108775249056 1967.1513303142724 1206.5955495122043 10538.958273726852 -2247.7356397847916 -9464.988952716203 851.5898167549835 -12192.578468924536 -5602.127191275628 12232.075845474266 -6753.710041599243 0.0 3477.2537492828847; -1614.574343009679 575.0662467486331 1644.32234411966 -373.2863504373171 3026.5610254012836 842.2033354809191 -2325.5404819120345 837.9105233591897 -140.0720583756743 -244.53240951043384 817.9100621075461 119.6867631541624 -539.3892273182214 309.55825531346085 -43.72007588649593 659.3150739655496 1147.7320666899793 38.930409563970755 1030.7394449082622 17.886842362647933 578.9736635260466 398.4935384999955 1206.5955495122041 956.6023088082849 7004.302538710095 -1489.5175420506323 -6297.178632652168 561.5203568348329 -8098.263444950291 -3726.362073789804 8131.567035519832 -4495.527366953286 0.0 2312.6313096832664; -14097.350064705173 5017.301081438349 14355.580079268228 -3256.326340061871 26408.817928694392 7352.224106313135 -20302.105486230357 7316.772029302815 -1234.1766418231166 -2131.9319016409017 7163.612314749577 1039.3978342357927 -4687.6095266736 2713.1866138409964 -395.33940337296673 5769.74430766664 10021.645825765841 336.5705668884714 9006.550394593349 154.87883311064266 5046.014642563162 3481.89104715884 10538.958273726852 7004.302538710093 62084.016537949035 -13639.170848450749 -54962.58190332309 5437.163158056415 -72135.5997694303 -32618.458640434077 71674.9748256871 -39011.75657027755 0.0 20302.784440077718; 3008.4779863756476 -1074.3907957738356 -3051.555095348473 699.7583441740154 -5635.374642065665 -1563.9588250992342 4327.513761143959 -1552.8918305042364 264.2846517057176 455.6967390019581 -1530.783240684031 -218.7691364271156 995.71815370911 -580.3763150674247 85.75200520126496 -1230.9809855994824 -2138.2996431486804 -70.68593700319286 -1917.3119957882325 -32.14567498329574 -1076.9397680801776 -741.6554105680507 -2247.735639784791 -1489.5175420506316 -13639.170848450749 3365.893457404055 11794.232464047069 -1402.5596479248075 16113.92228375694 7041.941668644825 -15685.190837189813 8274.896054619254 0.0 -4401.705630611871; 12657.827686896224 -4499.349391369138 -12908.166119828567 2916.367036154929 -23712.818027025212 -6609.234287219773 18236.83660737038 -6582.792397174089 1107.0971892748153 1913.0270075955232 -6429.2661260911555 -937.7144468425972 4215.6052936274655 -2434.183320615852 353.1957459571291 -5181.15513089217 -8998.957531370643 -303.843069657008 -8094.25109771232 -140.39815874556362 -4530.406259452284 -3128.544547386488 -9464.988952716205 -6297.178632652165 -54962.5819033231 11794.232464047072 49401.26425165648 -4517.786332151141 63681.118939262466 29162.169838124755 -63763.37586655689 35098.9373616872 0.0 -18125.310419021895; -1141.09194893258 409.8893258595225 1149.7055376151404 -268.55264524135197 2137.287536715848 589.9544588222229 -1638.1271322889422 583.4856064269527 -100.56092372641564 -173.38086707434314 581.6140172896785 81.18277730420262 -375.0998487991857 220.8561096642131 -33.126629274849364 466.55649022058395 810.7604000356012 26.161809122025506 724.0705262717505 11.650705100002188 408.71868347641345 280.3603218119517 851.5898167549833 561.5203568348331 5437.163158056416 -1402.5596479248075 -4517.786332151143 835.6075114277725 -6557.665821390636 -2723.2598018656354 6193.101699538723 -3111.2298698838104 0.0 1712.3107998420985; 16311.766364410372 -5809.727593135391 -16596.546057251453 3773.532616441256 -30556.780372187695 -8501.231199752792 23485.228307349364 -8456.090434426373 1428.3129849020538 2467.867065323089 -8290.4493020709 -1199.6076860827784 5419.702434102593 -3140.5538309117624 458.20320646190584 -6675.35045633427 -11595.298588331412 -388.3585054937529 -10415.508048895414 -178.274912736082 -5839.29125566963 -4027.0782777876193 -12192.578468924537 -8098.263444950291 -72135.59976943034 16113.922283756945 63681.11893926248 -6557.665821390636 84426.99865489994 37839.21468270036 -83377.34370605223 45094.89769773636 0.0 -23569.382923964353; 7492.238663302479 -2663.863695323812 -7638.073986074886 1727.1290544816156 -14035.518934434744 -3911.052789807777 10793.47398183139 -3894.7382047481547 655.5055690108383 1132.4616543289862 -3806.050991322255 -554.4396676835071 2494.2368993869495 -1441.1326814609297 209.37734898015484 -3066.785790281487 -5326.450068555911 -179.61658256602993 -4790.15253857802 -82.92585941856353 -2681.544659865706 -1851.5442580962758 -5602.127191275629 -3726.3620737898027 -32618.45864043407 7041.941668644828 29162.169838124744 -2723.259801865636 37839.21468270035 17432.750838633223 -37820.84404380074 20764.949957658515 0.0 -10742.056005767134; -16361.433720752762 5821.433290729561 16666.666959443886 -3777.1092901526463 30650.459852172087 8535.347157798233 -23565.043749061068 8495.794507137636 -1431.6815444492277 -2474.069522014726 8312.879889388178 1207.9093672749536 -5443.041879136656 3148.147749612014 -457.87526362764896 6696.398799472944 11631.304728165282 391.2415142473884 10455.11673917492 180.2151664399619 5856.594542192662 4041.6977038837326 12232.075845474268 8131.567035519828 71674.97482568712 -15685.190837189817 -63763.37586655689 6193.101699538723 -83377.3437060522 -37820.84404380074 83158.53529751157 -45305.53906401173 0.0 23530.811040649158; 9030.874120348783 -3208.234650894976 -9215.510926634426 2078.243539150693 -16918.235102305218 -4717.96247568235 13013.824485631329 -4700.883578955097 789.7860114105031 1364.4067840632465 -4586.447269690371 -670.3247243136581 3009.4137138551937 -1736.2295317693051 251.70456367912473 -3696.916266668888 -6420.645561010514 -217.23500734326535 -5777.46097992876 -100.5669021559932 -3231.9580776675125 -2232.859512807324 -6753.710041599243 -4495.527366953287 -39011.75657027754 8274.896054619256 35098.93736168719 -3111.2298698838104 45094.897697736356 20764.949957658526 -45305.53906401176 25215.268610323383 0.0 -12898.866902734693; 0.0 0.0 0.0 0.0 0.0 0.0 0.0 0.0 0.0 0.0 0.0 0.0 0.0 0.0 0.0 0.0 0.0 0.0 0.0 0.0 0.0 0.0 0.0 0.0 0.0 0.0 0.0 0.0 0.0 0.0 0.0 0.0 155.11390926152419 0.0; -4650.684208920141 1653.8449051089428 4740.076443234471 -1072.5149681504342 8712.087642902694 2427.2391491695844 -6699.358444882964 2416.8042304408655 -406.8272956377488 -703.0608877884716 2362.7696805997302 344.00033024829725 -1547.9787940978542 894.6824199045269 -129.95631545173828 1903.7079471357554 3306.2383965352938 111.44226011613544 2972.9741760437228 51.42431106753912 1664.6204250178432 1149.1802283314712 3477.2537492828865 2312.6313096832655 20302.784440077718 -4401.705630611873 -18125.310419021887 1712.3107998420976 -23569.382923964353 -10742.056005767136 23530.811040649158 -12898.866902734693 0.0 6675.8761156263345]
 * x: [-1.0511862750959626, -0.12378728042554074, 0.9822188852331419, 0.12730209982092058, 0.39116852195939134, 0.6562894582236609, -0.9072281894868035, 1.0686534947935287, -0.21534752084713646, -1.1465754073055943, 0.974142750648789, 0.6037009669102985, -0.6567376197500495, 0.6004570517996688, -0.506732541350254, 1.1590833899527058, -0.42116289400934886, -0.5847473024842923, -0.10876732542028227, -0.2099753409166833, -0.014318097542850385, -0.43982273969309904, -0.006264007484022517, -0.5518770539597475, -0.2141621791224318, 0.07644971411345663, 0.14846757929782697, -0.04663881387381143, 0.2776920071894041, 0.09363402575550007, -0.23229532164899475, 0.09327432536868732, 0.0, -0.020552777322555765]
bfgs   29   loss 2.304534e-12
n     Energy            log10(ΔE)   log10(Δρ)   Diag   Δtime 
---   ---------------   ---------   ---------   ----   ------
  1   -7.899833556639                   -4.09    1.0    401ms
  2   -7.899833560641       -8.40       -4.78    1.0    504ms
  3   -7.899833561011       -9.43       -5.45    2.4    572ms
  4   -7.899833561022      -10.97       -5.96    2.1    594ms
  5   -7.899833561023      -12.00       -6.77    1.9    552ms
  6   -7.899833561023      -13.57       -7.02    2.4    659ms
  7   -7.899833561023      -14.27       -8.09    1.4    451ms
  8   -7.899833561023   +    -Inf       -8.78    3.0    638ms
  9   -7.899833561023   +    -Inf       -9.01    1.8    588ms
 10   -7.899833561023      -14.75       -9.73    1.3    467ms
 11   -7.899833561023   +    -Inf      -10.03    2.2    634ms
n     Energy            log10(ΔE)   log10(Δρ)   Diag   Δtime 
---   ---------------   ---------   ---------   ----   ------
  1   -7.927589848644                   -4.14    1.0    766ms
  2   -7.927589852562       -8.41       -4.89    1.0    791ms
  3   -7.927589852932       -9.43       -5.34    2.4    1.09s
  4   -7.927589852940      -11.11       -6.04    1.9    905ms
  5   -7.927589852941      -12.16       -6.64    2.0    1.05s
  6   -7.927589852941      -13.47       -7.05    2.2    1.04s
  7   -7.927589852941      -14.75       -7.98    1.4    856ms
  8   -7.927589852941      -15.05       -8.50    2.3    1.07s
  9   -7.927589852941   +  -14.45       -9.09    1.8    897ms
 10   -7.927589852941      -14.57       -9.94    2.0    1.00s
 11   -7.927589852941   +    -Inf      -10.62    2.2    1.08s
n     Energy            log10(ΔE)   log10(Δρ)   Diag   Δtime 
---   ---------------   ---------   ---------   ----   ------
  1   -7.915643863455                   -4.20    1.0    762ms
  2   -7.915643866922       -8.46       -4.93    1.0    888ms
  3   -7.915643867269       -9.46       -5.33    2.4    977ms
  4   -7.915643867277      -11.11       -5.89    2.0    1.01s
  5   -7.915643867277      -12.16       -6.54    1.6    937ms
  6   -7.915643867277      -13.13       -6.97    2.1    966ms
  7   -7.915643867277      -14.75       -7.77    1.2    951ms
  8   -7.915643867277   +    -Inf       -8.44    2.1    1.10s
  9   -7.915643867277   +    -Inf       -8.84    1.8    927ms
 10   -7.915643867277      -15.05       -9.49    1.7    984ms
 11   -7.915643867277      -14.57      -10.35    2.0    1.04s
n     Energy            log10(ΔE)   log10(Δρ)   Diag   Δtime 
---   ---------------   ---------   ---------   ----   ------
  1   -7.899833561023                  -10.96    1.0    472ms
n     Energy            log10(ΔE)   log10(Δρ)   Diag   Δtime 
---   ---------------   ---------   ---------   ----   ------
  1   -7.927589852941                  -11.55    1.0    672ms
n     Energy            log10(ΔE)   log10(Δρ)   Diag   Δtime 
---   ---------------   ---------   ---------   ----   ------
  1   -7.915643867277                  -11.41    1.0    748ms
n     Energy            log10(ΔE)   log10(Δρ)   Diag   Δtime 
---   ---------------   ---------   ---------   ----   ------
  1   -7.899833561023                  -11.32    1.0    387ms
n     Energy            log10(ΔE)   log10(Δρ)   Diag   Δtime 
---   ---------------   ---------   ---------   ----   ------
  1   -7.927589852941                  -11.90    1.0    710ms
n     Energy            log10(ΔE)   log10(Δρ)   Diag   Δtime 
---   ---------------   ---------   ---------   ----   ------
  1   -7.915643867277                  -11.67    1.0    701ms
n     Energy            log10(ΔE)   log10(Δρ)   Diag   Δtime 
---   ---------------   ---------   ---------   ----   ------
  1   -7.899833561023                  -11.76    1.0    419ms
n     Energy            log10(ΔE)   log10(Δρ)   Diag   Δtime 
---   ---------------   ---------   ---------   ----   ------
  1   -7.927589852941                  -12.37    1.0    692ms
n     Energy            log10(ΔE)   log10(Δρ)   Diag   Δtime 
---   ---------------   ---------   ---------   ----   ------
  1   -7.915643867277                  -12.16    1.0    758ms
    30     4.121184e-14     1.669574e-07
 * Current step size: 1.0
 * time: 1703.2496390342712
 * g(x): [1.9160385623931656e-9, -8.201800590644727e-10, -1.905668764933993e-9, 5.206866907393128e-10, -4.052283843310514e-9, -9.951825180201032e-10, 2.826966119058804e-9, -9.266409784658665e-10, 7.187650507823777e-10, 1.6368937414860922e-10, -1.054383510603183e-9, 2.9030842181845106e-10, -1.7448356081532575e-11, -4.730598207429164e-10, 5.931456777546922e-10, -6.501477823742816e-10, -1.4596080519852646e-9, 1.4842679040866025e-10, -1.2257684453041086e-9, 9.502655135680387e-11, -3.5258477776716736e-10, -4.989231401411032e-10, -1.601724210884034e-9, -8.436375883023052e-10, 1.0833228031476459e-8, 1.5397593334105746e-9, -1.7604678175529792e-8, -4.3731607403848555e-9, -4.136069042995687e-9, -9.261243809137877e-9, 1.3048380874505376e-8, -1.604012493175194e-8, 0.0, -1.6695741643368844e-7]
 * ~inv(H): [3860.0829090936313 -1317.0985791848889 -3777.8910959935774 853.9333465538289 -6940.73542795361 -1934.3978520037685 5337.61060973764 -1926.5015144668027 319.90495605401674 561.0410002338864 -1878.5122880805627 -277.187551052438 1239.9204697305322 -710.62436754201 98.99242437603343 -1515.3940954991442 -2633.5143006452395 -90.28022698670567 -2368.004865948492 -41.79090735771788 -1329.128541447678 -915.183942060469 -2769.0391158037614 -1842.5847357126277 -16077.023322997326 3406.549081762578 14472.545389660896 -1276.2583355202073 18572.987054707344 8561.837441848493 -18669.714932796258 10338.209877435085 0.0 -5311.867099677254; -1317.098579184889 622.0263437923343 1345.3510789642805 -302.2064372467182 2465.1443227514637 688.5607823273647 -1898.12800875315 686.7430405967945 -113.62232907651965 -199.2362467751605 669.3400181304117 99.38527974421885 -440.8325995450951 253.1373986188405 -35.23987686829086 540.2448249940414 936.1515124985796 32.35426391579867 843.391720902407 15.121565643036675 472.2157382959086 325.8124369799189 984.7068542914496 656.8459439230745 5727.550969128252 -1217.385626170022 -5150.146927424564 458.564163586737 -6621.197310975327 -3047.479356200671 6649.497529045164 -3676.98714363391 0.0 1890.9999531403635; -3777.8910959935774 1345.35107896428 4003.4044640215184 -873.1338695701075 7081.571143987493 1970.970883744407 -5441.643411518344 1961.183582660071 -326.1925952876687 -572.4985387086164 1912.431036025452 281.2848808264973 -1264.643873528747 723.536958322686 -100.62540056230289 1542.3486381997118 2685.4339115582507 91.66801634105038 2411.7832871282644 42.17990403624671 1355.9434795699872 932.3475861133567 2822.919441735282 1875.6195992163118 16363.6156761591 -3455.178338314488 -14749.112234316877 1286.6552406678245 -18889.986149096756 -8723.102995236522 19008.086727891117 -10541.815237358474 0.0 5410.781353389871; 853.9333465538286 -302.20643724671817 -873.1338695701074 350.5167349676823 -1597.3409056926878 -446.7599398879627 1230.8723503997269 -445.9662945474306 73.6860798784483 129.076878588783 -434.6398327773884 -64.72435332238827 285.72209344723467 -164.36026490331793 22.93444247616664 -350.89600922127215 -606.9331899445804 -21.057123680604075 -547.4382365041735 -9.89671882703839 -306.00289322848397 -211.4285550501308 -638.5732858204501 -426.5780453309928 -3719.2037710793347 792.9869925657325 3340.441914135651 -300.3125062695254 4302.419843456936 1977.109132591238 -4316.750663712818 2383.675418173208 0.0 -1227.059205382489; -6940.735427953608 2465.1443227514624 7081.57114398749 -1597.3409056926869 13153.976796874824 3625.456540464182 -10000.468227078836 3612.396122784095 -598.9029125822063 -1050.7120645054702 3521.39838699054 520.8969730728278 -2323.3625068598067 1331.9508716465891 -185.2693581328031 2841.3293698847992 4933.429441788177 169.65899701635556 4438.8117008296995 78.7890455585768 2489.6244084976033 1715.2579988745656 5187.923020457417 3454.9466734062426 30128.754945620392 -6383.831883770706 -27122.100728138186 2391.7362374744075 -34806.296417819445 -16045.045033072394 34987.66683198168 -19374.08553514524 0.0 9954.345008262504; -1934.3978520037679 688.5607823273644 1970.9708837444066 -446.7599398879625 3625.4565404641826 1164.513130671163 -2786.431407115964 1004.6140646162332 -167.008920463529 -293.0860228126683 979.5946521280024 144.21237306611198 -647.5249996794875 370.60020908714586 -51.54814645580748 790.0897281159926 1375.0147926610175 46.992287390706046 1235.2723872395 21.656078247163705 694.2113807046492 477.49978546909176 1445.5005075737042 960.7932478359445 8381.813235541926 -1770.9415333810239 -7553.103543396904 660.2049078636774 -9677.193505147086 -4467.362655016668 9735.85975397258 -5397.955206372631 0.0 2771.1225021803875; 5337.610609737641 -1898.1280087531504 -5441.6434115183465 1230.8723503997267 -10000.468227078838 -2786.4314071159647 7844.5599275064 -2774.5905363560923 460.7971798969127 808.4003442934655 -2705.3638582210197 -399.0209405839917 1786.5401374882154 -1023.422627786466 142.44125890140947 -2182.342373577148 -3794.0262481100367 -129.9855692643518 -3410.7155104390263 -60.1032907800194 -1915.063450421791 -1318.233756156209 -3989.064977033565 -2653.6623903582035 -23150.964747823986 4900.342536335149 20848.34235608894 -1832.6212353822123 26739.229367181477 12332.698110207411 -26886.795961915534 14895.180644277427 0.0 -7650.8429172053875; -1926.5015144668023 686.7430405967943 1961.1835826600707 -445.9662945474305 3612.396122784095 1004.6140646162332 -2774.590536356092 1154.2148672470457 -166.36716631339354 -292.05817882707504 974.3783498729235 143.0095872486514 -644.917173813444 368.67134918321784 -51.25745218601288 785.6818440938831 1369.4376372698252 46.61705901885788 1229.027232933277 21.373824501362407 691.6202738393526 475.19141584234603 1439.3425326861543 955.4924342953836 8337.48741698454 -1757.9853642401033 -7518.686645432468 653.0237664622811 -9621.794295497964 -4446.327536156903 9686.00786555783 -5375.182058345871 0.0 2757.7581966810067; 319.90495605401674 -113.6223290765196 -326.1925952876687 73.6860798784483 -598.9029125822062 -167.00892046352902 460.79717989691244 -166.36716631339348 182.2690523869064 48.55846951766326 -162.16756325045233 -24.303348694770833 107.61354209544544 -61.285452786985054 8.095075471040788 -130.98602219497278 -227.3061619437427 -7.961774000267659 -204.45336481872857 -3.7075345870272995 -115.05359727985332 -78.99657726498745 -238.9440857828421 -159.18046948027967 -1399.7687262303941 297.31129420408956 1259.3024010664917 -111.59255539924982 1617.1389396277418 745.1639581431363 -1624.882870438994 899.5673161812506 0.0 -462.2212400550038; 561.0410002338862 -199.23624677516045 -572.4985387086161 129.07687858878288 -1050.7120645054702 -293.0860228126684 808.4003442934653 -292.05817882707487 48.558469517663255 240.0018084910471 -284.77335322646127 -42.02491444341003 187.60225628291533 -107.73314678024948 15.13237289156812 -229.7297927579067 -398.8047890101485 -13.671269543973748 -358.8784480110737 -6.348959422068818 -201.13366820856407 -138.67892865047094 -419.41499855752323 -279.332007167353 -2434.1849657501107 516.5678836489802 2189.951578418863 -194.11358763542341 2813.2166938816636 1295.6996690177978 -2826.4511671681607 1563.8593561782268 0.0 -803.9782609263692; -1878.512288080563 669.3400181304117 1912.4310360254524 -434.6398327773884 3521.398386990542 979.5946521280025 -2705.36385822102 974.3783498729235 -162.16756325045236 -284.7733532264613 1105.979008114087 139.6387934264603 -628.6400319018172 359.78049841046686 -50.02488389678476 766.727701322258 1335.2617566800104 45.50994824526777 1198.7175347134591 20.901690387554556 674.3233101443406 463.44250943162353 1403.5014755842733 932.0719032657487 8154.132110594921 -1729.3738967121772 -7338.136039774128 648.6528980750863 -9421.158656349999 -4341.629683673351 9468.080649400648 -5241.486958282591 0.0 2693.779869358988; -277.187551052438 99.3852797442188 281.28488082649733 -64.72435332238825 520.8969730728279 144.212373066112 -399.02094058399155 143.00958724865146 -24.303348694770833 -42.02491444341003 139.63879342646024 175.11178718204613 -92.39116213088988 52.9034772625333 -7.675087079522512 112.37029521952759 197.11494699667062 6.493134579834494 176.23885466942193 2.9055310935302416 99.41993571302125 68.2092030344052 207.0732962554678 136.72525829390483 1187.4510774575083 -248.6415191615989 -1073.2762716927307 91.39490521681745 -1368.836235886768 -634.3596110220668 1380.4919618420931 -767.9348486163701 0.0 393.4146506155099; 1239.920469730532 -440.8325995450951 -1264.6438735287472 285.7220934472347 -2323.362506859807 -647.524999679488 1786.5401374882158 -644.9171738134442 107.61354209544544 187.60225628291545 -628.6400319018175 -92.3911621308899 569.5330728235272 -237.86718814264935 33.64888465736435 -506.97402321006996 -881.4612496104911 -30.04014599775399 -792.6165146552489 -13.887801000184172 -444.4649319377083 -306.3440919915866 -926.9171021459772 -616.6726047385022 -5359.2330285193675 1131.3007540898082 4830.4559132976065 -421.4974177489853 6187.467434219607 2856.7331851849335 -6225.907513101231 3452.0972355962863 0.0 -1772.1170706789533; -710.6243675420096 253.1373986188404 723.536958322686 -164.36026490331784 1331.950871646589 370.60020908714586 -1023.4226277864657 368.6713491832177 -61.28545278698507 -107.7331467802495 359.7804984104667 52.9034772625333 -237.8671881426492 291.2353737261852 -18.87343686194218 290.13762594162324 505.1033447267889 17.246422654672287 453.52751191285245 7.929833325307952 255.11240560844067 175.3323526949667 530.9258587486253 352.680005526109 3087.2784056701153 -655.3337005287603 -2777.506277767144 246.12937780264994 -3567.5389183059237 -1643.4374153931167 3584.4552375944477 -1983.6906257053909 0.0 1019.7104247082495; 98.99242437603344 -35.239876868290835 -100.62540056230291 22.93444247616662 -185.269358132803 -51.548146455807505 142.44125890140944 -51.2574521860129 8.095075471040799 15.13237289156812 -50.02488389678478 -7.675087079522517 33.64888465736434 -18.87343686194219 157.31008771623405 -40.47989154287126 -70.2820051870239 -2.5467324625254903 -63.07416015070973 -1.1843880329944523 -35.83119259769624 -24.372976976476135 -73.79613137820638 -49.10367657933346 -441.6988686581766 94.74445894942207 396.1929964032264 -35.95753006095115 510.77035557600595 234.65703695278185 -512.0791328704311 282.8403579417577 0.0 -145.54755773114522; -1515.394095499145 540.2448249940414 1542.348638199712 -350.89600922127215 2841.3293698848006 790.0897281159929 -2182.342373577148 785.6818440938837 -130.98602219497286 -229.72979275790684 766.7277013222584 112.37029521952765 -506.9740232100701 290.1376259416233 -40.47989154287125 773.2629348485865 1077.1958195355978 36.612744170097095 966.7048629252301 16.779800782289133 543.945184313147 373.77642499609095 1132.1913022048575 751.5243718795256 6569.919635355096 -1391.5174505861798 -5915.206459616069 520.8226066044936 -7588.902282957816 -3499.3680914641013 7629.559974126079 -4225.90830917911 0.0 2171.073727782825; -2633.514300645239 936.1515124985795 2685.4339115582497 -606.9331899445801 4933.4294417881765 1375.014792661018 -3794.026248110035 1369.4376372698262 -227.30616194374272 -398.8047890101486 1335.26175668001 197.11494699667062 -881.4612496104909 505.10334472678886 -70.28200518702387 1077.1958195355971 2027.0190911940272 64.208935428641 1683.2326486394045 29.72983453780521 944.7984937110095 650.526668704785 1968.2354771544801 1309.7822438936507 11428.62731065934 -2421.2143352396747 -10288.702802953374 906.8250368559125 -13202.379766405309 -6086.6288904003495 13271.832486195188 -7349.78738467683 0.0 3776.1503302277238; -90.28022698670564 32.35426391579866 91.66801634105043 -21.05712368060409 169.6589970163556 46.992287390706075 -129.98556926435177 46.617059018857894 -7.961774000267658 -13.671269543973757 45.50994824526776 6.493134579834495 -30.040145997753985 17.246422654672294 -2.546732462525491 36.61274417009708 64.20893542864101 157.2172533573363 57.434996938038076 0.941682811499798 32.346376909477065 22.22808413373153 67.46662971463249 44.56028519578502 385.5336916089431 -80.60228006845291 -348.61865241922345 29.576806228309977 -444.36805912364184 -206.0209646194993 448.2999912461641 -249.45718398881786 0.0 127.77205345584017; -2368.004865948492 843.3917209024066 2411.7832871282644 -547.4382365041732 4438.8117008297 1235.2723872395002 -3410.7155104390254 1229.0272329332772 -204.45336481872863 -358.8784480110738 1198.717534713459 176.23885466942193 -792.6165146552488 453.5275119128526 -63.07416015070972 966.70486292523 1683.2326486394056 57.43499693803809 1666.6744498445514 26.41589427939235 849.9397837983228 584.3525171336374 1769.3717488806853 1175.4763275352007 10262.921344733622 -2169.692665900838 -9246.314363120691 809.5988081156343 -11850.267189353473 -5469.133592459856 11920.146860663042 -6607.536995396168 0.0 3392.6659413072052; -41.79090735771786 15.121565643036671 42.17990403624671 -9.89671882703839 78.78904555857683 21.656078247163713 -60.10329078001938 21.373824501362414 -3.7075345870273004 -6.3489594220688215 20.901690387554552 2.905531093530242 -13.887801000184167 7.929833325307953 -1.1843880329944518 16.77980078228913 29.729834537805203 0.9416828114997982 26.41589427939234 155.51882412144977 14.997393186689429 10.239122762085417 31.198410606683744 20.428120334059575 176.96670656989556 -36.60732584369226 -160.61481224525258 13.179342849036994 -203.52778685220542 -94.84547083285656 205.9602660303058 -115.12128061158971 0.0 58.79472434130308; -1329.1285414476774 472.2157382959085 1355.943479569987 -306.002893228484 2489.624408497604 694.2113807046494 -1915.0634504217908 691.6202738393528 -115.05359727985338 -201.13366820856413 674.3233101443404 99.4199357130213 -444.4649319377083 255.11240560844075 -35.831192597696266 543.9451843131469 944.7984937110095 32.34637690947708 849.9397837983229 14.997393186689436 631.6564713318263 328.4595011926139 993.5625518645427 661.4491448966041 5762.429400991893 -1221.2807256068809 -5186.693140712161 457.9225310893614 -6657.927224596145 -3068.4161147172376 6691.798752257877 -3704.613329636225 0.0 1903.799595161752; -915.1839420604687 325.8124369799188 932.3475861133569 -211.42855505013074 1715.2579988745656 477.499785469092 -1318.2337561562085 475.19141584234615 -78.99657726498745 -138.67892865047097 463.44250943162336 68.20920303440522 -306.34409199158654 175.33235269496674 -24.37297697647612 373.7764249960908 650.5266687047853 22.228084133731535 584.3525171336374 10.23912276208542 328.45950119261386 381.0028136858752 683.8561405367492 454.490250939202 3967.974802590565 -839.3097924112767 -3574.2576756819735 313.4604758466174 -4582.190710506199 -2114.2319758897715 4608.506350506469 -2553.996766969355 0.0 1311.5537906858065; -2769.0391158037605 984.7068542914494 2822.919441735281 -638.5732858204499 5187.923020457418 1445.5005075737042 -3989.064977033564 1439.342532686154 -238.94408578284214 -419.41499855752346 1403.5014755842733 207.07329625546785 -926.9171021459765 530.9258587486254 -73.79613137820638 1132.191302204857 1968.2354771544803 67.46662971463248 1769.371748880685 31.19841060668374 993.5625518645427 683.8561405367491 2224.5096950962425 1376.6486568007447 12015.299333024865 -2544.489642072977 -10818.4777314437 952.2810639938575 -13878.757743108594 -6399.856038247968 13953.524888650114 -7728.825419039888 0.0 3970.365971405364; -1842.5847357126277 656.8459439230745 1875.6195992163123 -426.5780453309927 3454.946673406243 960.7932478359445 -2653.662390358204 955.4924342953839 -159.1804694802797 -279.3320071673532 932.0719032657489 136.72525829390483 -616.6726047385023 352.68000552610914 -49.103676579333445 751.5243718795253 1309.7822438936512 44.560285195785035 1175.4763275352007 20.428120334059578 661.449144896604 454.4902509392019 1376.6486568007444 1068.9629417648343 7979.576466719115 -1685.3805560879239 -7191.559424851925 627.8613255616798 -9211.954160014246 -4253.465462710165 9268.83824644146 -5139.964581712692 0.0 2638.4389711000317; -16077.023322997326 5727.55096912825 16363.615676159097 -3719.203771079336 30128.7549456204 8381.813235541926 -23150.964747823975 8337.48741698454 -1399.7687262303941 -2434.1849657501116 8154.132110594919 1187.4510774575085 -5359.2330285193675 3087.2784056701157 -441.698868658177 6569.919635355095 11428.627310659342 385.5336916089431 10262.921344733622 176.96670656989556 5762.429400991892 3967.974802590565 12015.299333024866 7979.576466719113 70539.84898503206 -15329.253767660253 -62729.34906312275 6004.141564687861 -81782.06766794364 -37194.25720428569 81539.02098108723 -44611.95777531659 0.0 23130.25440481385; 3406.5490817625787 -1217.3856261700214 -3455.1783383144866 792.9869925657323 -6383.831883770706 -1770.9415333810234 4900.342536335147 -1757.9853642401026 297.31129420408956 516.5678836489801 -1729.3738967121767 -248.6415191615989 1131.300754089808 -655.3337005287603 94.74445894942203 -1391.5174505861792 -2421.2143352396743 -80.60228006845291 -2169.692665900838 -36.60732584369226 -1221.2807256068804 -839.3097924112764 -2544.4896420729765 -1685.3805560879232 -15329.253767660253 3696.723661352457 13357.182114314519 -1508.8087895502633 18033.824209090988 7961.425134165943 -17659.891245192197 9405.239166468757 0.0 -4969.118526285922; 14472.5453896609 -5150.146927424562 -14749.11223431688 3340.441914135652 -27122.10072813819 -7553.103543396906 20848.342356088935 -7518.686645432471 1259.3024010664913 2189.9515784188643 -7338.136039774127 -1073.276271692731 4830.4559132976065 -2777.5062777671455 396.1929964032262 -5915.206459616067 -10288.702802953374 -348.6186524192235 -9246.314363120688 -160.61481224525258 -5186.693140712163 -3574.2576756819726 -10818.477731443701 -7191.559424851922 -62729.349063122754 13357.182114314523 56519.02292473067 -5049.311352430993 72553.89005426632 33357.62531092012 -72818.80675887754 40226.03146456934 0.0 -20718.903412295254; -1276.2583355202078 458.56416358673704 1286.6552406678243 -300.3125062695254 2391.736237474407 660.2049078636771 -1832.6212353822123 653.023766462281 -111.59255539924982 -194.11358763542333 648.6528980750863 91.39490521681748 -421.49741774898536 246.12937780264994 -35.957530060951036 520.8226066044934 906.8250368559125 29.576806228309987 809.5988081156344 13.179342849036997 457.9225310893613 313.4604758466175 952.2810639938573 627.86132556168 6004.141564687862 -1508.8087895502633 -5049.311352430995 866.4448903671426 -7196.201128440102 -3035.058566322457 6857.705625636439 -3497.91826537614 0.0 1904.2129170468434; 18572.987054707344 -6621.197310975327 -18889.986149096756 4302.419843456937 -34806.29641781946 -9677.19350514709 26739.229367181473 -9621.794295497966 1617.138939627742 2813.2166938816645 -9421.15865635 -1368.8362358867682 6187.467434219608 -3567.5389183059247 510.77035557600607 -7588.902282957813 -13202.379766405313 -444.368059123642 -11850.267189353473 -203.52778685220545 -6657.927224596146 -4582.190710506198 -13878.757743108594 -9211.954160014246 -81782.06766794369 18033.824209090995 72553.89005426633 -7196.201128440102 95422.20818508201 43065.06046552076 -94634.00280296567 51496.53847672432 0.0 -26797.648108955473; 8561.837441848491 -3047.4793562006703 -8723.102995236528 1977.1091325912375 -16045.04503307239 -4467.36265501667 12332.698110207404 -4446.327536156904 745.1639581431366 1295.699669017798 -4341.629683673351 -634.3596110220668 2856.733185184934 -1643.4374153931174 234.65703695278208 -3499.368091464099 -6086.62889040035 -206.0209646194992 -5469.133592459859 -94.84547083285656 -3068.4161147172363 -2114.231975889772 -6399.856038247968 -4253.4654627101645 -37194.25720428568 7961.425134165946 33357.62531092011 -3035.058566322458 43065.06046552075 19905.444456818033 -43156.46214805586 23787.68528610297 0.0 -12270.509154405592; -18669.714932796254 6649.497529045162 19008.086727891117 -4316.750663712818 34987.66683198169 9735.859753972587 -26886.795961915534 9686.007865557835 -1624.8828704389941 -2826.4511671681616 9468.08064940065 1380.4919618420927 -6225.907513101235 3584.4552375944504 -512.0791328704308 7629.559974126079 13271.832486195197 448.29999124616415 11920.146860663046 205.96026603030575 6691.798752257878 4608.506350506469 13953.524888650116 9268.838246441459 81539.02098108726 -17659.8912451922 -72818.80675887754 6857.705625636439 -94634.00280296564 -43156.46214805586 94663.88728972602 -51833.39517769285 0.0 26828.12825322651; 10338.209877435083 -3676.9871436339085 -10541.815237358478 2383.6754181732067 -19374.085535145252 -5397.955206372635 14895.180644277425 -5375.182058345873 899.5673161812509 1563.8593561782275 -5241.486958282593 -767.93484861637 3452.097235596286 -1983.6906257053913 282.8403579417577 -4225.90830917911 -7349.78738467683 -249.45718398881783 -6607.536995396167 -115.12128061158975 -3704.6133296362254 -2553.996766969355 -7728.825419039888 -5139.964581712693 -44611.95777531657 9405.239166468758 40226.031464569336 -3497.91826537614 51496.53847672432 23787.68528610298 -51833.39517769288 28906.792483648576 0.0 -14767.860921637528; 0.0 0.0 0.0 0.0 0.0 0.0 0.0 0.0 0.0 0.0 0.0 0.0 0.0 0.0 0.0 0.0 0.0 0.0 0.0 0.0 0.0 0.0 0.0 0.0 0.0 0.0 0.0 0.0 0.0 0.0 0.0 0.0 155.11390926152419 0.0; -5311.867099677253 1890.9999531403632 5410.781353389869 -1227.059205382489 9954.345008262508 2771.122502180388 -7650.8429172053875 2757.7581966810076 -462.22124005500405 -803.9782609263694 2693.7798693589884 393.41465061551 -1772.1170706789526 1019.7104247082499 -145.5475577311454 2171.0737277828243 3776.1503302277233 127.77205345584017 3392.665941307205 58.79472434130307 1903.7995951617513 1311.5537906858067 3970.3659714053656 2638.438971100031 23130.254404813848 -4969.1185262859235 -20718.903412295243 1904.2129170468424 -26797.648108955473 -12270.509154405594 26828.12825322651 -14767.86092163753 0.0 7620.5817857243765]
 * x: [-1.0511073628534569, -0.12381582951237444, 0.9821390435270043, 0.1273207553852489, 0.39101963397584605, 0.6562484791275146, -0.9071146537743189, 1.0686130091158161, -0.21534128052284912, -1.1465632334204796, 0.9741040430918582, 0.6036949294784876, -0.6567101377198002, 0.6004424927018976, -0.5067311323843272, 1.159051976478734, -0.42121897803714914, -0.5847493486515402, -0.10881707365807154, -0.20997624833313855, -0.014347034267760938, -0.4398419997518332, -0.006322713097223287, -0.551915604122458, -0.21448563681586352, 0.07650507775529937, 0.14877879035923264, -0.04665107715840464, 0.2780501435395903, 0.09381560416634269, -0.23267685113466324, 0.09350323123616074, 0.0, -0.02066397490817227]
bfgs   30   loss 4.121184e-14
 * Status: success

 * Candidate solution
    Final objective value:     4.121184e-14

 * Found with
    Algorithm:     BFGS

 * Convergence measures
    |x - x'|               = 3.82e-04 ≰ 0.0e+00
    |x - x'|/|x'|          = 3.29e-04 ≰ 0.0e+00
    |f(x) - f(x')|         = 2.26e-12 ≰ 0.0e+00
    |f(x) - f(x')|/|f(x')| = 5.49e+01 ≰ 0.0e+00
    |g(x)|                 = 1.67e-07 ≤ 1.0e-06

 * Work counters
    Seconds run:   1703  (vs limit Inf)
    Iterations:    30
    f(x) calls:    36
    ∇f(x) calls:   31

