┌ Info: Threading setup: 
│   Threads.nthreads() = 1
│   n_DFTK = 1
│   n_fft = 1
└   n_blas = 1
┌ Info: 2026-10-05T11:45:49.275
│   length(model0.symmetries) = 48
│   length(symmetries_strain) = 8
│   strain_pattern =
│    6-element Vector{Float64}:
│     1.0
└     ⋮
Computing for h=0.01
┌ Warning: Negative ρcore detected: -3.24107121117863e-5
└ @ DFTK ~/supporting-mgga-addfpt/DFTK-mgga/src/terms/xc.jl:39
┌ Warning: Negative τcore detected: -0.00023984250597425908
└ @ DFTK ~/supporting-mgga-addfpt/DFTK-mgga/src/terms/xc.jl:45
┌ Warning: Negative ρcore detected: -3.24107121117863e-5
└ @ DFTK ~/supporting-mgga-addfpt/DFTK-mgga/src/terms/xc.jl:39
┌ Warning: Negative ρcore detected: -3.24107121117863e-5
└ @ DFTK ~/supporting-mgga-addfpt/DFTK-mgga/src/terms/xc.jl:39
┌ Warning: Negative ρcore detected: -3.24107121117863e-5
└ @ DFTK ~/supporting-mgga-addfpt/DFTK-mgga/src/terms/xc.jl:39
┌ Warning: Negative τcore detected: -0.00023984250597425908
└ @ DFTK ~/supporting-mgga-addfpt/DFTK-mgga/src/terms/xc.jl:45
┌ Warning: Negative τcore detected: -0.00023984250597425908
└ @ DFTK ~/supporting-mgga-addfpt/DFTK-mgga/src/terms/xc.jl:45
┌ Warning: Negative τcore detected: -0.00023984250597425908
└ @ DFTK ~/supporting-mgga-addfpt/DFTK-mgga/src/terms/xc.jl:45
┌ Warning: Exchange-correlation term: the kinetic energy density τ is smaller than the von Weizsäcker kinetic energy density τ_W somewhere. This can lead to unphysical results. This can be caused by pseudopotentials without a non-linear core correction for τ, or by an unphysical initial guess for τ. This message is only logged once.
└ @ DFTK ~/supporting-mgga-addfpt/DFTK-mgga/src/terms/xc.jl:405
┌ Warning: Exchange-correlation term: the kinetic energy density τ is smaller than the von Weizsäcker kinetic energy density τ_W somewhere. This can lead to unphysical results. This can be caused by pseudopotentials without a non-linear core correction for τ, or by an unphysical initial guess for τ. This message is only logged once.
└ @ DFTK ~/supporting-mgga-addfpt/DFTK-mgga/src/terms/xc.jl:405
┌ Warning: Exchange-correlation term: the kinetic energy density τ is smaller than the von Weizsäcker kinetic energy density τ_W somewhere. This can lead to unphysical results. This can be caused by pseudopotentials without a non-linear core correction for τ, or by an unphysical initial guess for τ. This message is only logged once.
└ @ DFTK ~/supporting-mgga-addfpt/DFTK-mgga/src/terms/xc.jl:405
┌ Warning: Exchange-correlation term: the kinetic energy density τ is smaller than the von Weizsäcker kinetic energy density τ_W somewhere. This can lead to unphysical results. This can be caused by pseudopotentials without a non-linear core correction for τ, or by an unphysical initial guess for τ. This message is only logged once.
└ @ DFTK ~/supporting-mgga-addfpt/DFTK-mgga/src/terms/xc.jl:405
n     Energy            log10(ΔE)   log10(Δρ)   Diag   Δtime 
---   ---------------   ---------   ---------   ----   ------
  1   -11.73631812264                   -0.74    9.7    10.2s
  2   -11.74222041682       -2.23       -1.57    2.9    4.19s
  3   -11.74236719205       -3.83       -2.25    3.3    1.64s
  4   -11.74236978494       -5.59       -3.90    3.1    1.78s
  5   -11.74236982952       -7.35       -4.52    5.2    2.45s
  6   -11.74236982961      -10.02       -5.31    3.5    1.94s
  7   -11.74236982962      -11.53       -6.85    3.9    2.16s
  8   -11.74236982962      -13.67       -7.60    4.7    2.48s
  9   -11.74236982962   +    -Inf       -8.55    3.2    1.83s
 10   -11.74236982962   +    -Inf       -9.22    4.1    1.88s
 11   -11.74236982962   +  -14.45      -10.36    3.6    2.44s
 12   -11.74236982962      -14.45      -11.01    3.9    1.78s
 13   -11.74236982962   +  -14.75      -12.19    3.1    1.78s
┌ Warning: Negative ρcore detected: Dual{ForwardDiff.Tag{DFTK.var"#1369#1370"{StaticArraysCore.SMatrix{3, 3, Float64, 9}, DFTK.var"#HF_energy#1368"{Vector{Vector{Float64}}, Float64, Vector{Matrix{ComplexF64}}, Vector{Vector{Float64}}}}, Float64}}(-3.241071211176097e-5,-0.00023177846556451262)
└ @ DFTK ~/supporting-mgga-addfpt/DFTK-mgga/src/terms/xc.jl:39
┌ Warning: Negative ρcore detected: Dual{ForwardDiff.Tag{DFTK.var"#1369#1370"{StaticArraysCore.SMatrix{3, 3, Float64, 9}, DFTK.var"#HF_energy#1368"{Vector{Vector{Float64}}, Float64, Vector{Matrix{ComplexF64}}, Vector{Vector{Float64}}}}, Float64}}(-3.241071211176097e-5,-0.00023177846556451262)
└ @ DFTK ~/supporting-mgga-addfpt/DFTK-mgga/src/terms/xc.jl:39
┌ Warning: Negative ρcore detected: Dual{ForwardDiff.Tag{DFTK.var"#1369#1370"{StaticArraysCore.SMatrix{3, 3, Float64, 9}, DFTK.var"#HF_energy#1368"{Vector{Vector{Float64}}, Float64, Vector{Matrix{ComplexF64}}, Vector{Vector{Float64}}}}, Float64}}(-3.241071211176097e-5,-0.00023177846556451262)
└ @ DFTK ~/supporting-mgga-addfpt/DFTK-mgga/src/terms/xc.jl:39
┌ Warning: Negative ρcore detected: Dual{ForwardDiff.Tag{DFTK.var"#1369#1370"{StaticArraysCore.SMatrix{3, 3, Float64, 9}, DFTK.var"#HF_energy#1368"{Vector{Vector{Float64}}, Float64, Vector{Matrix{ComplexF64}}, Vector{Vector{Float64}}}}, Float64}}(-3.241071211176097e-5,-0.00023177846556451262)
└ @ DFTK ~/supporting-mgga-addfpt/DFTK-mgga/src/terms/xc.jl:39
┌ Warning: Negative τcore detected: Dual{ForwardDiff.Tag{DFTK.var"#1369#1370"{StaticArraysCore.SMatrix{3, 3, Float64, 9}, DFTK.var"#HF_energy#1368"{Vector{Vector{Float64}}, Float64, Vector{Matrix{ComplexF64}}, Vector{Vector{Float64}}}}, Float64}}(-0.00023984250597425274,-8.940752609797192e-5)
└ @ DFTK ~/supporting-mgga-addfpt/DFTK-mgga/src/terms/xc.jl:45
┌ Warning: Negative τcore detected: Dual{ForwardDiff.Tag{DFTK.var"#1369#1370"{StaticArraysCore.SMatrix{3, 3, Float64, 9}, DFTK.var"#HF_energy#1368"{Vector{Vector{Float64}}, Float64, Vector{Matrix{ComplexF64}}, Vector{Vector{Float64}}}}, Float64}}(-0.00023984250597425274,-8.940752609797192e-5)
└ @ DFTK ~/supporting-mgga-addfpt/DFTK-mgga/src/terms/xc.jl:45
┌ Warning: Negative τcore detected: Dual{ForwardDiff.Tag{DFTK.var"#1369#1370"{StaticArraysCore.SMatrix{3, 3, Float64, 9}, DFTK.var"#HF_energy#1368"{Vector{Vector{Float64}}, Float64, Vector{Matrix{ComplexF64}}, Vector{Vector{Float64}}}}, Float64}}(-0.00023984250597425274,-8.940752609797192e-5)
└ @ DFTK ~/supporting-mgga-addfpt/DFTK-mgga/src/terms/xc.jl:45
┌ Warning: Negative τcore detected: Dual{ForwardDiff.Tag{DFTK.var"#1369#1370"{StaticArraysCore.SMatrix{3, 3, Float64, 9}, DFTK.var"#HF_energy#1368"{Vector{Vector{Float64}}, Float64, Vector{Matrix{ComplexF64}}, Vector{Vector{Float64}}}}, Float64}}(-0.00023984250597425274,-8.940752609797192e-5)
└ @ DFTK ~/supporting-mgga-addfpt/DFTK-mgga/src/terms/xc.jl:45
┌ Warning: Negative ρcore detected: Dual{ForwardDiff.Tag{DFTK.var"#1369#1370"{StaticArraysCore.SMatrix{3, 3, Float64, 9}, DFTK.var"#HF_energy#1368"{Vector{Vector{Float64}}, Float64, Vector{Matrix{ComplexF64}}, Vector{Vector{Float64}}}}, Float64}}(-3.241071211176097e-5,-0.00017593482987604737)
└ @ DFTK ~/supporting-mgga-addfpt/DFTK-mgga/src/terms/xc.jl:39
┌ Warning: Negative ρcore detected: Dual{ForwardDiff.Tag{DFTK.var"#1369#1370"{StaticArraysCore.SMatrix{3, 3, Float64, 9}, DFTK.var"#HF_energy#1368"{Vector{Vector{Float64}}, Float64, Vector{Matrix{ComplexF64}}, Vector{Vector{Float64}}}}, Float64}}(-3.241071211176097e-5,-0.00017593482987604737)
└ @ DFTK ~/supporting-mgga-addfpt/DFTK-mgga/src/terms/xc.jl:39
┌ Warning: Negative ρcore detected: Dual{ForwardDiff.Tag{DFTK.var"#1369#1370"{StaticArraysCore.SMatrix{3, 3, Float64, 9}, DFTK.var"#HF_energy#1368"{Vector{Vector{Float64}}, Float64, Vector{Matrix{ComplexF64}}, Vector{Vector{Float64}}}}, Float64}}(-3.241071211176097e-5,-0.00017593482987604737)
└ @ DFTK ~/supporting-mgga-addfpt/DFTK-mgga/src/terms/xc.jl:39
┌ Warning: Negative ρcore detected: Dual{ForwardDiff.Tag{DFTK.var"#1369#1370"{StaticArraysCore.SMatrix{3, 3, Float64, 9}, DFTK.var"#HF_energy#1368"{Vector{Vector{Float64}}, Float64, Vector{Matrix{ComplexF64}}, Vector{Vector{Float64}}}}, Float64}}(-3.241071211176097e-5,-0.00017593482987604737)
└ @ DFTK ~/supporting-mgga-addfpt/DFTK-mgga/src/terms/xc.jl:39
┌ Warning: Negative τcore detected: Dual{ForwardDiff.Tag{DFTK.var"#1369#1370"{StaticArraysCore.SMatrix{3, 3, Float64, 9}, DFTK.var"#HF_energy#1368"{Vector{Vector{Float64}}, Float64, Vector{Matrix{ComplexF64}}, Vector{Vector{Float64}}}}, Float64}}(-0.00023984250597425274,0.00023165598277796528)
└ @ DFTK ~/supporting-mgga-addfpt/DFTK-mgga/src/terms/xc.jl:45
┌ Warning: Negative τcore detected: Dual{ForwardDiff.Tag{DFTK.var"#1369#1370"{StaticArraysCore.SMatrix{3, 3, Float64, 9}, DFTK.var"#HF_energy#1368"{Vector{Vector{Float64}}, Float64, Vector{Matrix{ComplexF64}}, Vector{Vector{Float64}}}}, Float64}}(-0.00023984250597425274,0.00023165598277796528)
└ @ DFTK ~/supporting-mgga-addfpt/DFTK-mgga/src/terms/xc.jl:45
┌ Warning: Negative τcore detected: Dual{ForwardDiff.Tag{DFTK.var"#1369#1370"{StaticArraysCore.SMatrix{3, 3, Float64, 9}, DFTK.var"#HF_energy#1368"{Vector{Vector{Float64}}, Float64, Vector{Matrix{ComplexF64}}, Vector{Vector{Float64}}}}, Float64}}(-0.00023984250597425274,0.00023165598277796528)
└ @ DFTK ~/supporting-mgga-addfpt/DFTK-mgga/src/terms/xc.jl:45
┌ Warning: Negative τcore detected: Dual{ForwardDiff.Tag{DFTK.var"#1369#1370"{StaticArraysCore.SMatrix{3, 3, Float64, 9}, DFTK.var"#HF_energy#1368"{Vector{Vector{Float64}}, Float64, Vector{Matrix{ComplexF64}}, Vector{Vector{Float64}}}}, Float64}}(-0.00023984250597425274,0.00023165598277796528)
└ @ DFTK ~/supporting-mgga-addfpt/DFTK-mgga/src/terms/xc.jl:45
┌ Warning: Negative ρcore detected: Dual{ForwardDiff.Tag{DFTK.var"#1369#1370"{StaticArraysCore.SMatrix{3, 3, Float64, 9}, DFTK.var"#HF_energy#1368"{Vector{Vector{Float64}}, Float64, Vector{Matrix{ComplexF64}}, Vector{Vector{Float64}}}}, Float64}}(-3.241071211176097e-5,-3.077423509921365e-5)
└ @ DFTK ~/supporting-mgga-addfpt/DFTK-mgga/src/terms/xc.jl:39
┌ Warning: Negative ρcore detected: Dual{ForwardDiff.Tag{DFTK.var"#1369#1370"{StaticArraysCore.SMatrix{3, 3, Float64, 9}, DFTK.var"#HF_energy#1368"{Vector{Vector{Float64}}, Float64, Vector{Matrix{ComplexF64}}, Vector{Vector{Float64}}}}, Float64}}(-3.241071211176097e-5,-3.077423509921365e-5)
└ @ DFTK ~/supporting-mgga-addfpt/DFTK-mgga/src/terms/xc.jl:39
┌ Warning: Negative ρcore detected: Dual{ForwardDiff.Tag{DFTK.var"#1369#1370"{StaticArraysCore.SMatrix{3, 3, Float64, 9}, DFTK.var"#HF_energy#1368"{Vector{Vector{Float64}}, Float64, Vector{Matrix{ComplexF64}}, Vector{Vector{Float64}}}}, Float64}}(-3.241071211176097e-5,-3.077423509921365e-5)
└ @ DFTK ~/supporting-mgga-addfpt/DFTK-mgga/src/terms/xc.jl:39
┌ Warning: Negative ρcore detected: Dual{ForwardDiff.Tag{DFTK.var"#1369#1370"{StaticArraysCore.SMatrix{3, 3, Float64, 9}, DFTK.var"#HF_energy#1368"{Vector{Vector{Float64}}, Float64, Vector{Matrix{ComplexF64}}, Vector{Vector{Float64}}}}, Float64}}(-3.241071211176097e-5,-3.077423509921365e-5)
└ @ DFTK ~/supporting-mgga-addfpt/DFTK-mgga/src/terms/xc.jl:39
┌ Warning: Negative τcore detected: Dual{ForwardDiff.Tag{DFTK.var"#1369#1370"{StaticArraysCore.SMatrix{3, 3, Float64, 9}, DFTK.var"#HF_energy#1368"{Vector{Vector{Float64}}, Float64, Vector{Matrix{ComplexF64}}, Vector{Vector{Float64}}}}, Float64}}(-0.00023984250597425274,0.0002316559827778259)
└ @ DFTK ~/supporting-mgga-addfpt/DFTK-mgga/src/terms/xc.jl:45
┌ Warning: Negative τcore detected: Dual{ForwardDiff.Tag{DFTK.var"#1369#1370"{StaticArraysCore.SMatrix{3, 3, Float64, 9}, DFTK.var"#HF_energy#1368"{Vector{Vector{Float64}}, Float64, Vector{Matrix{ComplexF64}}, Vector{Vector{Float64}}}}, Float64}}(-0.00023984250597425274,0.0002316559827778259)
└ @ DFTK ~/supporting-mgga-addfpt/DFTK-mgga/src/terms/xc.jl:45
┌ Warning: Negative τcore detected: Dual{ForwardDiff.Tag{DFTK.var"#1369#1370"{StaticArraysCore.SMatrix{3, 3, Float64, 9}, DFTK.var"#HF_energy#1368"{Vector{Vector{Float64}}, Float64, Vector{Matrix{ComplexF64}}, Vector{Vector{Float64}}}}, Float64}}(-0.00023984250597425274,0.0002316559827778259)
└ @ DFTK ~/supporting-mgga-addfpt/DFTK-mgga/src/terms/xc.jl:45
┌ Warning: Negative τcore detected: Dual{ForwardDiff.Tag{DFTK.var"#1369#1370"{StaticArraysCore.SMatrix{3, 3, Float64, 9}, DFTK.var"#HF_energy#1368"{Vector{Vector{Float64}}, Float64, Vector{Matrix{ComplexF64}}, Vector{Vector{Float64}}}}, Float64}}(-0.00023984250597425274,0.0002316559827778259)
└ @ DFTK ~/supporting-mgga-addfpt/DFTK-mgga/src/terms/xc.jl:45
┌ Warning: Negative ρcore detected: Dual{ForwardDiff.Tag{DFTK.var"#1369#1370"{StaticArraysCore.SMatrix{3, 3, Float64, 9}, DFTK.var"#HF_energy#1368"{Vector{Vector{Float64}}, Float64, Vector{Matrix{ComplexF64}}, Vector{Vector{Float64}}}}, Float64}}(-3.241071211176097e-5,-4.922163301299167e-6)
└ @ DFTK ~/supporting-mgga-addfpt/DFTK-mgga/src/terms/xc.jl:39
┌ Warning: Negative ρcore detected: Dual{ForwardDiff.Tag{DFTK.var"#1369#1370"{StaticArraysCore.SMatrix{3, 3, Float64, 9}, DFTK.var"#HF_energy#1368"{Vector{Vector{Float64}}, Float64, Vector{Matrix{ComplexF64}}, Vector{Vector{Float64}}}}, Float64}}(-3.241071211176097e-5,-4.922163301299167e-6)
└ @ DFTK ~/supporting-mgga-addfpt/DFTK-mgga/src/terms/xc.jl:39
┌ Warning: Negative ρcore detected: Dual{ForwardDiff.Tag{DFTK.var"#1369#1370"{StaticArraysCore.SMatrix{3, 3, Float64, 9}, DFTK.var"#HF_energy#1368"{Vector{Vector{Float64}}, Float64, Vector{Matrix{ComplexF64}}, Vector{Vector{Float64}}}}, Float64}}(-3.241071211176097e-5,-4.922163301299167e-6)
└ @ DFTK ~/supporting-mgga-addfpt/DFTK-mgga/src/terms/xc.jl:39
┌ Warning: Negative ρcore detected: Dual{ForwardDiff.Tag{DFTK.var"#1369#1370"{StaticArraysCore.SMatrix{3, 3, Float64, 9}, DFTK.var"#HF_energy#1368"{Vector{Vector{Float64}}, Float64, Vector{Matrix{ComplexF64}}, Vector{Vector{Float64}}}}, Float64}}(-3.241071211176097e-5,-4.922163301299167e-6)
└ @ DFTK ~/supporting-mgga-addfpt/DFTK-mgga/src/terms/xc.jl:39
┌ Warning: Negative τcore detected: Dual{ForwardDiff.Tag{DFTK.var"#1369#1370"{StaticArraysCore.SMatrix{3, 3, Float64, 9}, DFTK.var"#HF_energy#1368"{Vector{Vector{Float64}}, Float64, Vector{Matrix{ComplexF64}}, Vector{Vector{Float64}}}}, Float64}}(-0.00023984250597425274,0.0002062703073374563)
└ @ DFTK ~/supporting-mgga-addfpt/DFTK-mgga/src/terms/xc.jl:45
┌ Warning: Negative τcore detected: Dual{ForwardDiff.Tag{DFTK.var"#1369#1370"{StaticArraysCore.SMatrix{3, 3, Float64, 9}, DFTK.var"#HF_energy#1368"{Vector{Vector{Float64}}, Float64, Vector{Matrix{ComplexF64}}, Vector{Vector{Float64}}}}, Float64}}(-0.00023984250597425274,0.0002062703073374563)
└ @ DFTK ~/supporting-mgga-addfpt/DFTK-mgga/src/terms/xc.jl:45
┌ Warning: Negative τcore detected: Dual{ForwardDiff.Tag{DFTK.var"#1369#1370"{StaticArraysCore.SMatrix{3, 3, Float64, 9}, DFTK.var"#HF_energy#1368"{Vector{Vector{Float64}}, Float64, Vector{Matrix{ComplexF64}}, Vector{Vector{Float64}}}}, Float64}}(-0.00023984250597425274,0.0002062703073374563)
└ @ DFTK ~/supporting-mgga-addfpt/DFTK-mgga/src/terms/xc.jl:45
┌ Warning: Negative τcore detected: Dual{ForwardDiff.Tag{DFTK.var"#1369#1370"{StaticArraysCore.SMatrix{3, 3, Float64, 9}, DFTK.var"#HF_energy#1368"{Vector{Vector{Float64}}, Float64, Vector{Matrix{ComplexF64}}, Vector{Vector{Float64}}}}, Float64}}(-0.00023984250597425274,0.0002062703073374563)
└ @ DFTK ~/supporting-mgga-addfpt/DFTK-mgga/src/terms/xc.jl:45
┌ Warning: Negative ρcore detected: Dual{ForwardDiff.Tag{DFTK.var"#1369#1370"{StaticArraysCore.SMatrix{3, 3, Float64, 9}, DFTK.var"#HF_energy#1368"{Vector{Vector{Float64}}, Float64, Vector{Matrix{ComplexF64}}, Vector{Vector{Float64}}}}, Float64}}(-3.241071211176097e-5,-9.079842004625334e-6)
└ @ DFTK ~/supporting-mgga-addfpt/DFTK-mgga/src/terms/xc.jl:39
┌ Warning: Negative ρcore detected: Dual{ForwardDiff.Tag{DFTK.var"#1369#1370"{StaticArraysCore.SMatrix{3, 3, Float64, 9}, DFTK.var"#HF_energy#1368"{Vector{Vector{Float64}}, Float64, Vector{Matrix{ComplexF64}}, Vector{Vector{Float64}}}}, Float64}}(-3.241071211176097e-5,-9.079842004625334e-6)
└ @ DFTK ~/supporting-mgga-addfpt/DFTK-mgga/src/terms/xc.jl:39
┌ Warning: Negative ρcore detected: Dual{ForwardDiff.Tag{DFTK.var"#1369#1370"{StaticArraysCore.SMatrix{3, 3, Float64, 9}, DFTK.var"#HF_energy#1368"{Vector{Vector{Float64}}, Float64, Vector{Matrix{ComplexF64}}, Vector{Vector{Float64}}}}, Float64}}(-3.241071211176097e-5,-9.079842004625334e-6)
└ @ DFTK ~/supporting-mgga-addfpt/DFTK-mgga/src/terms/xc.jl:39
┌ Warning: Negative ρcore detected: Dual{ForwardDiff.Tag{DFTK.var"#1369#1370"{StaticArraysCore.SMatrix{3, 3, Float64, 9}, DFTK.var"#HF_energy#1368"{Vector{Vector{Float64}}, Float64, Vector{Matrix{ComplexF64}}, Vector{Vector{Float64}}}}, Float64}}(-3.241071211176097e-5,-9.079842004625334e-6)
└ @ DFTK ~/supporting-mgga-addfpt/DFTK-mgga/src/terms/xc.jl:39
┌ Warning: Negative τcore detected: Dual{ForwardDiff.Tag{DFTK.var"#1369#1370"{StaticArraysCore.SMatrix{3, 3, Float64, 9}, DFTK.var"#HF_energy#1368"{Vector{Vector{Float64}}, Float64, Vector{Matrix{ComplexF64}}, Vector{Vector{Float64}}}}, Float64}}(-0.00023984250597425274,-0.00012752265798353065)
└ @ DFTK ~/supporting-mgga-addfpt/DFTK-mgga/src/terms/xc.jl:45
┌ Warning: Negative τcore detected: Dual{ForwardDiff.Tag{DFTK.var"#1369#1370"{StaticArraysCore.SMatrix{3, 3, Float64, 9}, DFTK.var"#HF_energy#1368"{Vector{Vector{Float64}}, Float64, Vector{Matrix{ComplexF64}}, Vector{Vector{Float64}}}}, Float64}}(-0.00023984250597425274,-0.00012752265798353065)
└ @ DFTK ~/supporting-mgga-addfpt/DFTK-mgga/src/terms/xc.jl:45
┌ Warning: Negative τcore detected: Dual{ForwardDiff.Tag{DFTK.var"#1369#1370"{StaticArraysCore.SMatrix{3, 3, Float64, 9}, DFTK.var"#HF_energy#1368"{Vector{Vector{Float64}}, Float64, Vector{Matrix{ComplexF64}}, Vector{Vector{Float64}}}}, Float64}}(-0.00023984250597425274,-0.00012752265798353065)
└ @ DFTK ~/supporting-mgga-addfpt/DFTK-mgga/src/terms/xc.jl:45
┌ Warning: Negative τcore detected: Dual{ForwardDiff.Tag{DFTK.var"#1369#1370"{StaticArraysCore.SMatrix{3, 3, Float64, 9}, DFTK.var"#HF_energy#1368"{Vector{Vector{Float64}}, Float64, Vector{Matrix{ComplexF64}}, Vector{Vector{Float64}}}}, Float64}}(-0.00023984250597425274,-0.00012752265798353065)
└ @ DFTK ~/supporting-mgga-addfpt/DFTK-mgga/src/terms/xc.jl:45
┌ Warning: Negative ρcore detected: Dual{ForwardDiff.Tag{DFTK.var"#1369#1370"{StaticArraysCore.SMatrix{3, 3, Float64, 9}, DFTK.var"#HF_energy#1368"{Vector{Vector{Float64}}, Float64, Vector{Matrix{ComplexF64}}, Vector{Vector{Float64}}}}, Float64}}(-3.241071211176097e-5,-0.00019893001928336578)
└ @ DFTK ~/supporting-mgga-addfpt/DFTK-mgga/src/terms/xc.jl:39
┌ Warning: Negative ρcore detected: Dual{ForwardDiff.Tag{DFTK.var"#1369#1370"{StaticArraysCore.SMatrix{3, 3, Float64, 9}, DFTK.var"#HF_energy#1368"{Vector{Vector{Float64}}, Float64, Vector{Matrix{ComplexF64}}, Vector{Vector{Float64}}}}, Float64}}(-3.241071211176097e-5,-0.00019893001928336578)
└ @ DFTK ~/supporting-mgga-addfpt/DFTK-mgga/src/terms/xc.jl:39
┌ Warning: Negative ρcore detected: Dual{ForwardDiff.Tag{DFTK.var"#1369#1370"{StaticArraysCore.SMatrix{3, 3, Float64, 9}, DFTK.var"#HF_energy#1368"{Vector{Vector{Float64}}, Float64, Vector{Matrix{ComplexF64}}, Vector{Vector{Float64}}}}, Float64}}(-3.241071211176097e-5,-0.00019893001928336578)
└ @ DFTK ~/supporting-mgga-addfpt/DFTK-mgga/src/terms/xc.jl:39
┌ Warning: Negative ρcore detected: Dual{ForwardDiff.Tag{DFTK.var"#1369#1370"{StaticArraysCore.SMatrix{3, 3, Float64, 9}, DFTK.var"#HF_energy#1368"{Vector{Vector{Float64}}, Float64, Vector{Matrix{ComplexF64}}, Vector{Vector{Float64}}}}, Float64}}(-3.241071211176097e-5,-0.00019893001928336578)
└ @ DFTK ~/supporting-mgga-addfpt/DFTK-mgga/src/terms/xc.jl:39
┌ Warning: Negative τcore detected: Dual{ForwardDiff.Tag{DFTK.var"#1369#1370"{StaticArraysCore.SMatrix{3, 3, Float64, 9}, DFTK.var"#HF_energy#1368"{Vector{Vector{Float64}}, Float64, Vector{Matrix{ComplexF64}}, Vector{Vector{Float64}}}}, Float64}}(-0.00023984250597425274,-0.00012752265798365734)
└ @ DFTK ~/supporting-mgga-addfpt/DFTK-mgga/src/terms/xc.jl:45
┌ Warning: Negative τcore detected: Dual{ForwardDiff.Tag{DFTK.var"#1369#1370"{StaticArraysCore.SMatrix{3, 3, Float64, 9}, DFTK.var"#HF_energy#1368"{Vector{Vector{Float64}}, Float64, Vector{Matrix{ComplexF64}}, Vector{Vector{Float64}}}}, Float64}}(-0.00023984250597425274,-0.00012752265798365734)
└ @ DFTK ~/supporting-mgga-addfpt/DFTK-mgga/src/terms/xc.jl:45
┌ Warning: Negative τcore detected: Dual{ForwardDiff.Tag{DFTK.var"#1369#1370"{StaticArraysCore.SMatrix{3, 3, Float64, 9}, DFTK.var"#HF_energy#1368"{Vector{Vector{Float64}}, Float64, Vector{Matrix{ComplexF64}}, Vector{Vector{Float64}}}}, Float64}}(-0.00023984250597425274,-0.00012752265798365734)
└ @ DFTK ~/supporting-mgga-addfpt/DFTK-mgga/src/terms/xc.jl:45
┌ Warning: Negative τcore detected: Dual{ForwardDiff.Tag{DFTK.var"#1369#1370"{StaticArraysCore.SMatrix{3, 3, Float64, 9}, DFTK.var"#HF_energy#1368"{Vector{Vector{Float64}}, Float64, Vector{Matrix{ComplexF64}}, Vector{Vector{Float64}}}}, Float64}}(-0.00023984250597425274,-0.00012752265798365734)
└ @ DFTK ~/supporting-mgga-addfpt/DFTK-mgga/src/terms/xc.jl:45
┌ Warning: Negative ρcore detected: -2.8183041102692624e-5
└ @ DFTK ~/supporting-mgga-addfpt/DFTK-mgga/src/terms/xc.jl:39
┌ Warning: Negative ρcore detected: -2.8183041102692624e-5
└ @ DFTK ~/supporting-mgga-addfpt/DFTK-mgga/src/terms/xc.jl:39
┌ Warning: Negative ρcore detected: -2.8183041102692624e-5
└ @ DFTK ~/supporting-mgga-addfpt/DFTK-mgga/src/terms/xc.jl:39
┌ Warning: Negative ρcore detected: -2.8183041102692624e-5
└ @ DFTK ~/supporting-mgga-addfpt/DFTK-mgga/src/terms/xc.jl:39
┌ Warning: Negative τcore detected: -0.00023478549781751377
└ @ DFTK ~/supporting-mgga-addfpt/DFTK-mgga/src/terms/xc.jl:45
┌ Warning: Negative τcore detected: -0.00023478549781751377
└ @ DFTK ~/supporting-mgga-addfpt/DFTK-mgga/src/terms/xc.jl:45
┌ Warning: Negative τcore detected: -0.00023478549781751377
└ @ DFTK ~/supporting-mgga-addfpt/DFTK-mgga/src/terms/xc.jl:45
┌ Warning: Negative τcore detected: -0.00023478549781751377
└ @ DFTK ~/supporting-mgga-addfpt/DFTK-mgga/src/terms/xc.jl:45
n     Energy            log10(ΔE)   log10(Δρ)   Diag   Δtime 
---   ---------------   ---------   ---------   ----   ------
  1   -11.73603734150                   -0.72    9.7    3.56s
  2   -11.74222360109       -2.21       -1.57    2.9    1.69s
  3   -11.74236465309       -3.85       -2.25    3.1    1.49s
  4   -11.74236663958       -5.70       -3.89    3.3    1.90s
  5   -11.74236667996       -7.39       -4.52    5.2    2.51s
  6   -11.74236668005      -10.01       -5.33    3.7    1.68s
  7   -11.74236668006      -11.54       -6.75    3.9    2.02s
  8   -11.74236668006      -13.75       -7.46    4.7    2.61s
  9   -11.74236668006   +    -Inf       -8.45    3.5    2.13s
 10   -11.74236668006   +    -Inf       -9.18    4.5    2.20s
 11   -11.74236668006      -14.75      -10.56    4.1    1.75s
 12   -11.74236668006   +  -14.75      -11.34    4.3    2.27s
 13   -11.74236668006   +    -Inf      -12.37    3.5    1.90s
┌ Warning: Negative ρcore detected: Dual{ForwardDiff.Tag{DFTK.var"#1369#1370"{StaticArraysCore.SMatrix{3, 3, Float64, 9}, DFTK.var"#HF_energy#1368"{Vector{Vector{Float64}}, Float64, Vector{Matrix{ComplexF64}}, Vector{Vector{Float64}}}}, Float64}}(-2.8183041102694423e-5,1.2966385140826486e-5)
└ @ DFTK ~/supporting-mgga-addfpt/DFTK-mgga/src/terms/xc.jl:39
┌ Warning: Negative ρcore detected: Dual{ForwardDiff.Tag{DFTK.var"#1369#1370"{StaticArraysCore.SMatrix{3, 3, Float64, 9}, DFTK.var"#HF_energy#1368"{Vector{Vector{Float64}}, Float64, Vector{Matrix{ComplexF64}}, Vector{Vector{Float64}}}}, Float64}}(-2.8183041102694423e-5,1.2966385140826486e-5)
└ @ DFTK ~/supporting-mgga-addfpt/DFTK-mgga/src/terms/xc.jl:39
┌ Warning: Negative ρcore detected: Dual{ForwardDiff.Tag{DFTK.var"#1369#1370"{StaticArraysCore.SMatrix{3, 3, Float64, 9}, DFTK.var"#HF_energy#1368"{Vector{Vector{Float64}}, Float64, Vector{Matrix{ComplexF64}}, Vector{Vector{Float64}}}}, Float64}}(-2.8183041102694423e-5,1.2966385140826486e-5)
└ @ DFTK ~/supporting-mgga-addfpt/DFTK-mgga/src/terms/xc.jl:39
┌ Warning: Negative ρcore detected: Dual{ForwardDiff.Tag{DFTK.var"#1369#1370"{StaticArraysCore.SMatrix{3, 3, Float64, 9}, DFTK.var"#HF_energy#1368"{Vector{Vector{Float64}}, Float64, Vector{Matrix{ComplexF64}}, Vector{Vector{Float64}}}}, Float64}}(-2.8183041102694423e-5,1.2966385140826486e-5)
└ @ DFTK ~/supporting-mgga-addfpt/DFTK-mgga/src/terms/xc.jl:39
┌ Warning: Negative τcore detected: Dual{ForwardDiff.Tag{DFTK.var"#1369#1370"{StaticArraysCore.SMatrix{3, 3, Float64, 9}, DFTK.var"#HF_energy#1368"{Vector{Vector{Float64}}, Float64, Vector{Matrix{ComplexF64}}, Vector{Vector{Float64}}}}, Float64}}(-0.00023478549781751377,-0.00040971395153390714)
└ @ DFTK ~/supporting-mgga-addfpt/DFTK-mgga/src/terms/xc.jl:45
┌ Warning: Negative τcore detected: Dual{ForwardDiff.Tag{DFTK.var"#1369#1370"{StaticArraysCore.SMatrix{3, 3, Float64, 9}, DFTK.var"#HF_energy#1368"{Vector{Vector{Float64}}, Float64, Vector{Matrix{ComplexF64}}, Vector{Vector{Float64}}}}, Float64}}(-0.00023478549781751377,-0.00040971395153390714)
└ @ DFTK ~/supporting-mgga-addfpt/DFTK-mgga/src/terms/xc.jl:45
┌ Warning: Negative τcore detected: Dual{ForwardDiff.Tag{DFTK.var"#1369#1370"{StaticArraysCore.SMatrix{3, 3, Float64, 9}, DFTK.var"#HF_energy#1368"{Vector{Vector{Float64}}, Float64, Vector{Matrix{ComplexF64}}, Vector{Vector{Float64}}}}, Float64}}(-0.00023478549781751377,-0.00040971395153390714)
└ @ DFTK ~/supporting-mgga-addfpt/DFTK-mgga/src/terms/xc.jl:45
┌ Warning: Negative τcore detected: Dual{ForwardDiff.Tag{DFTK.var"#1369#1370"{StaticArraysCore.SMatrix{3, 3, Float64, 9}, DFTK.var"#HF_energy#1368"{Vector{Vector{Float64}}, Float64, Vector{Matrix{ComplexF64}}, Vector{Vector{Float64}}}}, Float64}}(-0.00023478549781751377,-0.00040971395153390714)
└ @ DFTK ~/supporting-mgga-addfpt/DFTK-mgga/src/terms/xc.jl:45
┌ Warning: Negative ρcore detected: Dual{ForwardDiff.Tag{DFTK.var"#1369#1370"{StaticArraysCore.SMatrix{3, 3, Float64, 9}, DFTK.var"#HF_energy#1368"{Vector{Vector{Float64}}, Float64, Vector{Matrix{ComplexF64}}, Vector{Vector{Float64}}}}, Float64}}(-2.8183041102694423e-5,-6.70463488982254e-5)
└ @ DFTK ~/supporting-mgga-addfpt/DFTK-mgga/src/terms/xc.jl:39
┌ Warning: Negative ρcore detected: Dual{ForwardDiff.Tag{DFTK.var"#1369#1370"{StaticArraysCore.SMatrix{3, 3, Float64, 9}, DFTK.var"#HF_energy#1368"{Vector{Vector{Float64}}, Float64, Vector{Matrix{ComplexF64}}, Vector{Vector{Float64}}}}, Float64}}(-2.8183041102694423e-5,-6.70463488982254e-5)
└ @ DFTK ~/supporting-mgga-addfpt/DFTK-mgga/src/terms/xc.jl:39
┌ Warning: Negative ρcore detected: Dual{ForwardDiff.Tag{DFTK.var"#1369#1370"{StaticArraysCore.SMatrix{3, 3, Float64, 9}, DFTK.var"#HF_energy#1368"{Vector{Vector{Float64}}, Float64, Vector{Matrix{ComplexF64}}, Vector{Vector{Float64}}}}, Float64}}(-2.8183041102694423e-5,-6.70463488982254e-5)
└ @ DFTK ~/supporting-mgga-addfpt/DFTK-mgga/src/terms/xc.jl:39
┌ Warning: Negative ρcore detected: Dual{ForwardDiff.Tag{DFTK.var"#1369#1370"{StaticArraysCore.SMatrix{3, 3, Float64, 9}, DFTK.var"#HF_energy#1368"{Vector{Vector{Float64}}, Float64, Vector{Matrix{ComplexF64}}, Vector{Vector{Float64}}}}, Float64}}(-2.8183041102694423e-5,-6.70463488982254e-5)
└ @ DFTK ~/supporting-mgga-addfpt/DFTK-mgga/src/terms/xc.jl:39
┌ Warning: Negative τcore detected: Dual{ForwardDiff.Tag{DFTK.var"#1369#1370"{StaticArraysCore.SMatrix{3, 3, Float64, 9}, DFTK.var"#HF_energy#1368"{Vector{Vector{Float64}}, Float64, Vector{Matrix{ComplexF64}}, Vector{Vector{Float64}}}}, Float64}}(-0.00023478549781751377,-0.00040769648414569015)
└ @ DFTK ~/supporting-mgga-addfpt/DFTK-mgga/src/terms/xc.jl:45
┌ Warning: Negative τcore detected: Dual{ForwardDiff.Tag{DFTK.var"#1369#1370"{StaticArraysCore.SMatrix{3, 3, Float64, 9}, DFTK.var"#HF_energy#1368"{Vector{Vector{Float64}}, Float64, Vector{Matrix{ComplexF64}}, Vector{Vector{Float64}}}}, Float64}}(-0.00023478549781751377,-0.00040769648414569015)
└ @ DFTK ~/supporting-mgga-addfpt/DFTK-mgga/src/terms/xc.jl:45
┌ Warning: Negative τcore detected: Dual{ForwardDiff.Tag{DFTK.var"#1369#1370"{StaticArraysCore.SMatrix{3, 3, Float64, 9}, DFTK.var"#HF_energy#1368"{Vector{Vector{Float64}}, Float64, Vector{Matrix{ComplexF64}}, Vector{Vector{Float64}}}}, Float64}}(-0.00023478549781751377,-0.00040769648414569015)
└ @ DFTK ~/supporting-mgga-addfpt/DFTK-mgga/src/terms/xc.jl:45
┌ Warning: Negative τcore detected: Dual{ForwardDiff.Tag{DFTK.var"#1369#1370"{StaticArraysCore.SMatrix{3, 3, Float64, 9}, DFTK.var"#HF_energy#1368"{Vector{Vector{Float64}}, Float64, Vector{Matrix{ComplexF64}}, Vector{Vector{Float64}}}}, Float64}}(-0.00023478549781751377,-0.00040769648414569015)
└ @ DFTK ~/supporting-mgga-addfpt/DFTK-mgga/src/terms/xc.jl:45
┌ Warning: Negative ρcore detected: Dual{ForwardDiff.Tag{DFTK.var"#1369#1370"{StaticArraysCore.SMatrix{3, 3, Float64, 9}, DFTK.var"#HF_energy#1368"{Vector{Vector{Float64}}, Float64, Vector{Matrix{ComplexF64}}, Vector{Vector{Float64}}}}, Float64}}(-2.8183041102694423e-5,-7.940579658296957e-5)
└ @ DFTK ~/supporting-mgga-addfpt/DFTK-mgga/src/terms/xc.jl:39
┌ Warning: Negative ρcore detected: Dual{ForwardDiff.Tag{DFTK.var"#1369#1370"{StaticArraysCore.SMatrix{3, 3, Float64, 9}, DFTK.var"#HF_energy#1368"{Vector{Vector{Float64}}, Float64, Vector{Matrix{ComplexF64}}, Vector{Vector{Float64}}}}, Float64}}(-2.8183041102694423e-5,-7.940579658296957e-5)
└ @ DFTK ~/supporting-mgga-addfpt/DFTK-mgga/src/terms/xc.jl:39
┌ Warning: Negative ρcore detected: Dual{ForwardDiff.Tag{DFTK.var"#1369#1370"{StaticArraysCore.SMatrix{3, 3, Float64, 9}, DFTK.var"#HF_energy#1368"{Vector{Vector{Float64}}, Float64, Vector{Matrix{ComplexF64}}, Vector{Vector{Float64}}}}, Float64}}(-2.8183041102694423e-5,-7.940579658296957e-5)
└ @ DFTK ~/supporting-mgga-addfpt/DFTK-mgga/src/terms/xc.jl:39
┌ Warning: Negative ρcore detected: Dual{ForwardDiff.Tag{DFTK.var"#1369#1370"{StaticArraysCore.SMatrix{3, 3, Float64, 9}, DFTK.var"#HF_energy#1368"{Vector{Vector{Float64}}, Float64, Vector{Matrix{ComplexF64}}, Vector{Vector{Float64}}}}, Float64}}(-2.8183041102694423e-5,-7.940579658296957e-5)
└ @ DFTK ~/supporting-mgga-addfpt/DFTK-mgga/src/terms/xc.jl:39
┌ Warning: Negative τcore detected: Dual{ForwardDiff.Tag{DFTK.var"#1369#1370"{StaticArraysCore.SMatrix{3, 3, Float64, 9}, DFTK.var"#HF_energy#1368"{Vector{Vector{Float64}}, Float64, Vector{Matrix{ComplexF64}}, Vector{Vector{Float64}}}}, Float64}}(-0.00023478549781751377,-0.00020789800659377805)
└ @ DFTK ~/supporting-mgga-addfpt/DFTK-mgga/src/terms/xc.jl:45
┌ Warning: Negative τcore detected: Dual{ForwardDiff.Tag{DFTK.var"#1369#1370"{StaticArraysCore.SMatrix{3, 3, Float64, 9}, DFTK.var"#HF_energy#1368"{Vector{Vector{Float64}}, Float64, Vector{Matrix{ComplexF64}}, Vector{Vector{Float64}}}}, Float64}}(-0.00023478549781751377,-0.00020789800659377805)
└ @ DFTK ~/supporting-mgga-addfpt/DFTK-mgga/src/terms/xc.jl:45
┌ Warning: Negative τcore detected: Dual{ForwardDiff.Tag{DFTK.var"#1369#1370"{StaticArraysCore.SMatrix{3, 3, Float64, 9}, DFTK.var"#HF_energy#1368"{Vector{Vector{Float64}}, Float64, Vector{Matrix{ComplexF64}}, Vector{Vector{Float64}}}}, Float64}}(-0.00023478549781751377,-0.00020789800659377805)
└ @ DFTK ~/supporting-mgga-addfpt/DFTK-mgga/src/terms/xc.jl:45
┌ Warning: Negative τcore detected: Dual{ForwardDiff.Tag{DFTK.var"#1369#1370"{StaticArraysCore.SMatrix{3, 3, Float64, 9}, DFTK.var"#HF_energy#1368"{Vector{Vector{Float64}}, Float64, Vector{Matrix{ComplexF64}}, Vector{Vector{Float64}}}}, Float64}}(-0.00023478549781751377,-0.00020789800659377805)
└ @ DFTK ~/supporting-mgga-addfpt/DFTK-mgga/src/terms/xc.jl:45
┌ Warning: Negative ρcore detected: Dual{ForwardDiff.Tag{DFTK.var"#1369#1370"{StaticArraysCore.SMatrix{3, 3, Float64, 9}, DFTK.var"#HF_energy#1368"{Vector{Vector{Float64}}, Float64, Vector{Matrix{ComplexF64}}, Vector{Vector{Float64}}}}, Float64}}(-2.8183041102694423e-5,-7.305847851940438e-5)
└ @ DFTK ~/supporting-mgga-addfpt/DFTK-mgga/src/terms/xc.jl:39
┌ Warning: Negative ρcore detected: Dual{ForwardDiff.Tag{DFTK.var"#1369#1370"{StaticArraysCore.SMatrix{3, 3, Float64, 9}, DFTK.var"#HF_energy#1368"{Vector{Vector{Float64}}, Float64, Vector{Matrix{ComplexF64}}, Vector{Vector{Float64}}}}, Float64}}(-2.8183041102694423e-5,-7.305847851940438e-5)
└ @ DFTK ~/supporting-mgga-addfpt/DFTK-mgga/src/terms/xc.jl:39
┌ Warning: Negative ρcore detected: Dual{ForwardDiff.Tag{DFTK.var"#1369#1370"{StaticArraysCore.SMatrix{3, 3, Float64, 9}, DFTK.var"#HF_energy#1368"{Vector{Vector{Float64}}, Float64, Vector{Matrix{ComplexF64}}, Vector{Vector{Float64}}}}, Float64}}(-2.8183041102694423e-5,-7.305847851940438e-5)
└ @ DFTK ~/supporting-mgga-addfpt/DFTK-mgga/src/terms/xc.jl:39
┌ Warning: Negative ρcore detected: Dual{ForwardDiff.Tag{DFTK.var"#1369#1370"{StaticArraysCore.SMatrix{3, 3, Float64, 9}, DFTK.var"#HF_energy#1368"{Vector{Vector{Float64}}, Float64, Vector{Matrix{ComplexF64}}, Vector{Vector{Float64}}}}, Float64}}(-2.8183041102694423e-5,-7.305847851940438e-5)
└ @ DFTK ~/supporting-mgga-addfpt/DFTK-mgga/src/terms/xc.jl:39
┌ Warning: Negative τcore detected: Dual{ForwardDiff.Tag{DFTK.var"#1369#1370"{StaticArraysCore.SMatrix{3, 3, Float64, 9}, DFTK.var"#HF_energy#1368"{Vector{Vector{Float64}}, Float64, Vector{Matrix{ComplexF64}}, Vector{Vector{Float64}}}}, Float64}}(-0.00023478549781751377,-0.0001799399657864439)
└ @ DFTK ~/supporting-mgga-addfpt/DFTK-mgga/src/terms/xc.jl:45
┌ Warning: Negative τcore detected: Dual{ForwardDiff.Tag{DFTK.var"#1369#1370"{StaticArraysCore.SMatrix{3, 3, Float64, 9}, DFTK.var"#HF_energy#1368"{Vector{Vector{Float64}}, Float64, Vector{Matrix{ComplexF64}}, Vector{Vector{Float64}}}}, Float64}}(-0.00023478549781751377,-0.0001799399657864439)
└ @ DFTK ~/supporting-mgga-addfpt/DFTK-mgga/src/terms/xc.jl:45
┌ Warning: Negative τcore detected: Dual{ForwardDiff.Tag{DFTK.var"#1369#1370"{StaticArraysCore.SMatrix{3, 3, Float64, 9}, DFTK.var"#HF_energy#1368"{Vector{Vector{Float64}}, Float64, Vector{Matrix{ComplexF64}}, Vector{Vector{Float64}}}}, Float64}}(-0.00023478549781751377,-0.0001799399657864439)
└ @ DFTK ~/supporting-mgga-addfpt/DFTK-mgga/src/terms/xc.jl:45
┌ Warning: Negative τcore detected: Dual{ForwardDiff.Tag{DFTK.var"#1369#1370"{StaticArraysCore.SMatrix{3, 3, Float64, 9}, DFTK.var"#HF_energy#1368"{Vector{Vector{Float64}}, Float64, Vector{Matrix{ComplexF64}}, Vector{Vector{Float64}}}}, Float64}}(-0.00023478549781751377,-0.0001799399657864439)
└ @ DFTK ~/supporting-mgga-addfpt/DFTK-mgga/src/terms/xc.jl:45
┌ Warning: Negative ρcore detected: Dual{ForwardDiff.Tag{DFTK.var"#1369#1370"{StaticArraysCore.SMatrix{3, 3, Float64, 9}, DFTK.var"#HF_energy#1368"{Vector{Vector{Float64}}, Float64, Vector{Matrix{ComplexF64}}, Vector{Vector{Float64}}}}, Float64}}(-2.8183041102694423e-5,-1.696570898440264e-5)
└ @ DFTK ~/supporting-mgga-addfpt/DFTK-mgga/src/terms/xc.jl:39
┌ Warning: Negative ρcore detected: Dual{ForwardDiff.Tag{DFTK.var"#1369#1370"{StaticArraysCore.SMatrix{3, 3, Float64, 9}, DFTK.var"#HF_energy#1368"{Vector{Vector{Float64}}, Float64, Vector{Matrix{ComplexF64}}, Vector{Vector{Float64}}}}, Float64}}(-2.8183041102694423e-5,-1.696570898440264e-5)
└ @ DFTK ~/supporting-mgga-addfpt/DFTK-mgga/src/terms/xc.jl:39
┌ Warning: Negative ρcore detected: Dual{ForwardDiff.Tag{DFTK.var"#1369#1370"{StaticArraysCore.SMatrix{3, 3, Float64, 9}, DFTK.var"#HF_energy#1368"{Vector{Vector{Float64}}, Float64, Vector{Matrix{ComplexF64}}, Vector{Vector{Float64}}}}, Float64}}(-2.8183041102694423e-5,-1.696570898440264e-5)
└ @ DFTK ~/supporting-mgga-addfpt/DFTK-mgga/src/terms/xc.jl:39
┌ Warning: Negative ρcore detected: Dual{ForwardDiff.Tag{DFTK.var"#1369#1370"{StaticArraysCore.SMatrix{3, 3, Float64, 9}, DFTK.var"#HF_energy#1368"{Vector{Vector{Float64}}, Float64, Vector{Matrix{ComplexF64}}, Vector{Vector{Float64}}}}, Float64}}(-2.8183041102694423e-5,-1.696570898440264e-5)
└ @ DFTK ~/supporting-mgga-addfpt/DFTK-mgga/src/terms/xc.jl:39
┌ Warning: Negative τcore detected: Dual{ForwardDiff.Tag{DFTK.var"#1369#1370"{StaticArraysCore.SMatrix{3, 3, Float64, 9}, DFTK.var"#HF_energy#1368"{Vector{Vector{Float64}}, Float64, Vector{Matrix{ComplexF64}}, Vector{Vector{Float64}}}}, Float64}}(-0.00023478549781751377,-0.00018178823835709017)
└ @ DFTK ~/supporting-mgga-addfpt/DFTK-mgga/src/terms/xc.jl:45
┌ Warning: Negative τcore detected: Dual{ForwardDiff.Tag{DFTK.var"#1369#1370"{StaticArraysCore.SMatrix{3, 3, Float64, 9}, DFTK.var"#HF_energy#1368"{Vector{Vector{Float64}}, Float64, Vector{Matrix{ComplexF64}}, Vector{Vector{Float64}}}}, Float64}}(-0.00023478549781751377,-0.00018178823835709017)
└ @ DFTK ~/supporting-mgga-addfpt/DFTK-mgga/src/terms/xc.jl:45
┌ Warning: Negative τcore detected: Dual{ForwardDiff.Tag{DFTK.var"#1369#1370"{StaticArraysCore.SMatrix{3, 3, Float64, 9}, DFTK.var"#HF_energy#1368"{Vector{Vector{Float64}}, Float64, Vector{Matrix{ComplexF64}}, Vector{Vector{Float64}}}}, Float64}}(-0.00023478549781751377,-0.00018178823835709017)
└ @ DFTK ~/supporting-mgga-addfpt/DFTK-mgga/src/terms/xc.jl:45
┌ Warning: Negative τcore detected: Dual{ForwardDiff.Tag{DFTK.var"#1369#1370"{StaticArraysCore.SMatrix{3, 3, Float64, 9}, DFTK.var"#HF_energy#1368"{Vector{Vector{Float64}}, Float64, Vector{Matrix{ComplexF64}}, Vector{Vector{Float64}}}}, Float64}}(-0.00023478549781751377,-0.00018178823835709017)
└ @ DFTK ~/supporting-mgga-addfpt/DFTK-mgga/src/terms/xc.jl:45
┌ Warning: Negative ρcore detected: Dual{ForwardDiff.Tag{DFTK.var"#1369#1370"{StaticArraysCore.SMatrix{3, 3, Float64, 9}, DFTK.var"#HF_energy#1368"{Vector{Vector{Float64}}, Float64, Vector{Matrix{ComplexF64}}, Vector{Vector{Float64}}}}, Float64}}(-2.8183041102694423e-5,1.5006868205069572e-6)
└ @ DFTK ~/supporting-mgga-addfpt/DFTK-mgga/src/terms/xc.jl:39
┌ Warning: Negative ρcore detected: Dual{ForwardDiff.Tag{DFTK.var"#1369#1370"{StaticArraysCore.SMatrix{3, 3, Float64, 9}, DFTK.var"#HF_energy#1368"{Vector{Vector{Float64}}, Float64, Vector{Matrix{ComplexF64}}, Vector{Vector{Float64}}}}, Float64}}(-2.8183041102694423e-5,1.5006868205069572e-6)
└ @ DFTK ~/supporting-mgga-addfpt/DFTK-mgga/src/terms/xc.jl:39
┌ Warning: Negative ρcore detected: Dual{ForwardDiff.Tag{DFTK.var"#1369#1370"{StaticArraysCore.SMatrix{3, 3, Float64, 9}, DFTK.var"#HF_energy#1368"{Vector{Vector{Float64}}, Float64, Vector{Matrix{ComplexF64}}, Vector{Vector{Float64}}}}, Float64}}(-2.8183041102694423e-5,1.5006868205069572e-6)
└ @ DFTK ~/supporting-mgga-addfpt/DFTK-mgga/src/terms/xc.jl:39
┌ Warning: Negative ρcore detected: Dual{ForwardDiff.Tag{DFTK.var"#1369#1370"{StaticArraysCore.SMatrix{3, 3, Float64, 9}, DFTK.var"#HF_energy#1368"{Vector{Vector{Float64}}, Float64, Vector{Matrix{ComplexF64}}, Vector{Vector{Float64}}}}, Float64}}(-2.8183041102694423e-5,1.5006868205069572e-6)
└ @ DFTK ~/supporting-mgga-addfpt/DFTK-mgga/src/terms/xc.jl:39
┌ Warning: Negative τcore detected: Dual{ForwardDiff.Tag{DFTK.var"#1369#1370"{StaticArraysCore.SMatrix{3, 3, Float64, 9}, DFTK.var"#HF_energy#1368"{Vector{Vector{Float64}}, Float64, Vector{Matrix{ComplexF64}}, Vector{Vector{Float64}}}}, Float64}}(-0.00023478549781751377,-0.00042096475069254227)
└ @ DFTK ~/supporting-mgga-addfpt/DFTK-mgga/src/terms/xc.jl:45
┌ Warning: Negative τcore detected: Dual{ForwardDiff.Tag{DFTK.var"#1369#1370"{StaticArraysCore.SMatrix{3, 3, Float64, 9}, DFTK.var"#HF_energy#1368"{Vector{Vector{Float64}}, Float64, Vector{Matrix{ComplexF64}}, Vector{Vector{Float64}}}}, Float64}}(-0.00023478549781751377,-0.00042096475069254227)
└ @ DFTK ~/supporting-mgga-addfpt/DFTK-mgga/src/terms/xc.jl:45
┌ Warning: Negative τcore detected: Dual{ForwardDiff.Tag{DFTK.var"#1369#1370"{StaticArraysCore.SMatrix{3, 3, Float64, 9}, DFTK.var"#HF_energy#1368"{Vector{Vector{Float64}}, Float64, Vector{Matrix{ComplexF64}}, Vector{Vector{Float64}}}}, Float64}}(-0.00023478549781751377,-0.00042096475069254227)
└ @ DFTK ~/supporting-mgga-addfpt/DFTK-mgga/src/terms/xc.jl:45
┌ Warning: Negative τcore detected: Dual{ForwardDiff.Tag{DFTK.var"#1369#1370"{StaticArraysCore.SMatrix{3, 3, Float64, 9}, DFTK.var"#HF_energy#1368"{Vector{Vector{Float64}}, Float64, Vector{Matrix{ComplexF64}}, Vector{Vector{Float64}}}}, Float64}}(-0.00023478549781751377,-0.00042096475069254227)
└ @ DFTK ~/supporting-mgga-addfpt/DFTK-mgga/src/terms/xc.jl:45
h: 0.01
scf_tol: 1.0e-12
Ecut: 55
C11: 1110.7143287408971
C12: 114.74507734887484
C44: 584.6570634049363
all three: [1110.7143287408971, 114.74507734887484, 584.6570634049363]
stress_mh: [-0.0003828908976912307, -4.462036950860933e-5, -4.462036950860934e-5, -0.0002012314761275771, 0.0, 1.4399560103323106e-20]
stress_ph: [0.00037215735774209557, 3.338174879488166e-5, 3.338174879488166e-5, 0.00019621031815546673, 0.0, 5.929230630780102e-21]
dstress: [0.03775241277166631, 0.0039001059151745495, 0.00390010591517455, 0.01987208971415219, 0.0, -4.2351647362715017e-19]
Computing for h=0.001
┌ Warning: Negative ρcore detected: -3.0215453370569437e-5
└ @ DFTK ~/supporting-mgga-addfpt/DFTK-mgga/src/terms/xc.jl:39
┌ Warning: Negative ρcore detected: -3.0215453370569437e-5
└ @ DFTK ~/supporting-mgga-addfpt/DFTK-mgga/src/terms/xc.jl:39
┌ Warning: Negative ρcore detected: -3.0215453370569437e-5
└ @ DFTK ~/supporting-mgga-addfpt/DFTK-mgga/src/terms/xc.jl:39
┌ Warning: Negative ρcore detected: -3.0215453370569437e-5
└ @ DFTK ~/supporting-mgga-addfpt/DFTK-mgga/src/terms/xc.jl:39
┌ Warning: Negative τcore detected: -0.0002392655068136832
└ @ DFTK ~/supporting-mgga-addfpt/DFTK-mgga/src/terms/xc.jl:45
┌ Warning: Negative τcore detected: -0.0002392655068136832
└ @ DFTK ~/supporting-mgga-addfpt/DFTK-mgga/src/terms/xc.jl:45
┌ Warning: Negative τcore detected: -0.0002392655068136832
└ @ DFTK ~/supporting-mgga-addfpt/DFTK-mgga/src/terms/xc.jl:45
┌ Warning: Negative τcore detected: -0.0002392655068136832
└ @ DFTK ~/supporting-mgga-addfpt/DFTK-mgga/src/terms/xc.jl:45
n     Energy            log10(ΔE)   log10(Δρ)   Diag   Δtime 
---   ---------------   ---------   ---------   ----   ------
  1   -11.73641925550                   -0.73    9.2    3.86s
  2   -11.74242979448       -2.22       -1.57    2.8    1.93s
  3   -11.74258254774       -3.82       -2.25    2.9    1.77s
  4   -11.74258510647       -5.59       -3.93    2.9    1.44s
  5   -11.74258514634       -7.40       -4.55    5.2    2.37s
  6   -11.74258514643      -10.08       -5.37    3.4    1.85s
  7   -11.74258514643      -11.59       -6.78    3.8    1.72s
  8   -11.74258514643      -13.64       -7.50    4.4    2.45s
  9   -11.74258514643   +  -14.75       -8.65    3.3    2.20s
 10   -11.74258514643      -14.75       -9.42    4.0    2.05s
 11   -11.74258514643   +  -14.45      -10.08    3.7    2.31s
 12   -11.74258514643   +  -14.75      -11.22    2.8    1.40s
 13   -11.74258514643      -14.75      -11.99    4.2    2.20s
 14   -11.74258514643   +    -Inf      -12.75    3.4    1.96s
┌ Warning: Negative ρcore detected: Dual{ForwardDiff.Tag{DFTK.var"#1369#1370"{StaticArraysCore.SMatrix{3, 3, Float64, 9}, DFTK.var"#HF_energy#1368"{Vector{Vector{Float64}}, Float64, Vector{Matrix{ComplexF64}}, Vector{Vector{Float64}}}}, Float64}}(-3.0215453370569495e-5,-0.00024827075319750375)
└ @ DFTK ~/supporting-mgga-addfpt/DFTK-mgga/src/terms/xc.jl:39
┌ Warning: Negative ρcore detected: Dual{ForwardDiff.Tag{DFTK.var"#1369#1370"{StaticArraysCore.SMatrix{3, 3, Float64, 9}, DFTK.var"#HF_energy#1368"{Vector{Vector{Float64}}, Float64, Vector{Matrix{ComplexF64}}, Vector{Vector{Float64}}}}, Float64}}(-3.0215453370569495e-5,-0.00024827075319750375)
└ @ DFTK ~/supporting-mgga-addfpt/DFTK-mgga/src/terms/xc.jl:39
┌ Warning: Negative ρcore detected: Dual{ForwardDiff.Tag{DFTK.var"#1369#1370"{StaticArraysCore.SMatrix{3, 3, Float64, 9}, DFTK.var"#HF_energy#1368"{Vector{Vector{Float64}}, Float64, Vector{Matrix{ComplexF64}}, Vector{Vector{Float64}}}}, Float64}}(-3.0215453370569495e-5,-0.00024827075319750375)
└ @ DFTK ~/supporting-mgga-addfpt/DFTK-mgga/src/terms/xc.jl:39
┌ Warning: Negative ρcore detected: Dual{ForwardDiff.Tag{DFTK.var"#1369#1370"{StaticArraysCore.SMatrix{3, 3, Float64, 9}, DFTK.var"#HF_energy#1368"{Vector{Vector{Float64}}, Float64, Vector{Matrix{ComplexF64}}, Vector{Vector{Float64}}}}, Float64}}(-3.0215453370569495e-5,-0.00024827075319750375)
└ @ DFTK ~/supporting-mgga-addfpt/DFTK-mgga/src/terms/xc.jl:39
┌ Warning: Negative τcore detected: Dual{ForwardDiff.Tag{DFTK.var"#1369#1370"{StaticArraysCore.SMatrix{3, 3, Float64, 9}, DFTK.var"#HF_energy#1368"{Vector{Vector{Float64}}, Float64, Vector{Matrix{ComplexF64}}, Vector{Vector{Float64}}}}, Float64}}(-0.0002392655068136832,-0.00017120778941028526)
└ @ DFTK ~/supporting-mgga-addfpt/DFTK-mgga/src/terms/xc.jl:45
┌ Warning: Negative τcore detected: Dual{ForwardDiff.Tag{DFTK.var"#1369#1370"{StaticArraysCore.SMatrix{3, 3, Float64, 9}, DFTK.var"#HF_energy#1368"{Vector{Vector{Float64}}, Float64, Vector{Matrix{ComplexF64}}, Vector{Vector{Float64}}}}, Float64}}(-0.0002392655068136832,-0.00017120778941028526)
└ @ DFTK ~/supporting-mgga-addfpt/DFTK-mgga/src/terms/xc.jl:45
┌ Warning: Negative τcore detected: Dual{ForwardDiff.Tag{DFTK.var"#1369#1370"{StaticArraysCore.SMatrix{3, 3, Float64, 9}, DFTK.var"#HF_energy#1368"{Vector{Vector{Float64}}, Float64, Vector{Matrix{ComplexF64}}, Vector{Vector{Float64}}}}, Float64}}(-0.0002392655068136832,-0.00017120778941028526)
└ @ DFTK ~/supporting-mgga-addfpt/DFTK-mgga/src/terms/xc.jl:45
┌ Warning: Negative τcore detected: Dual{ForwardDiff.Tag{DFTK.var"#1369#1370"{StaticArraysCore.SMatrix{3, 3, Float64, 9}, DFTK.var"#HF_energy#1368"{Vector{Vector{Float64}}, Float64, Vector{Matrix{ComplexF64}}, Vector{Vector{Float64}}}}, Float64}}(-0.0002392655068136832,-0.00017120778941028526)
└ @ DFTK ~/supporting-mgga-addfpt/DFTK-mgga/src/terms/xc.jl:45
┌ Warning: Negative ρcore detected: Dual{ForwardDiff.Tag{DFTK.var"#1369#1370"{StaticArraysCore.SMatrix{3, 3, Float64, 9}, DFTK.var"#HF_energy#1368"{Vector{Vector{Float64}}, Float64, Vector{Matrix{ComplexF64}}, Vector{Vector{Float64}}}}, Float64}}(-3.0215453370569495e-5,-3.1448760892086264e-5)
└ @ DFTK ~/supporting-mgga-addfpt/DFTK-mgga/src/terms/xc.jl:39
┌ Warning: Negative ρcore detected: Dual{ForwardDiff.Tag{DFTK.var"#1369#1370"{StaticArraysCore.SMatrix{3, 3, Float64, 9}, DFTK.var"#HF_energy#1368"{Vector{Vector{Float64}}, Float64, Vector{Matrix{ComplexF64}}, Vector{Vector{Float64}}}}, Float64}}(-3.0215453370569495e-5,-3.1448760892086264e-5)
└ @ DFTK ~/supporting-mgga-addfpt/DFTK-mgga/src/terms/xc.jl:39
┌ Warning: Negative ρcore detected: Dual{ForwardDiff.Tag{DFTK.var"#1369#1370"{StaticArraysCore.SMatrix{3, 3, Float64, 9}, DFTK.var"#HF_energy#1368"{Vector{Vector{Float64}}, Float64, Vector{Matrix{ComplexF64}}, Vector{Vector{Float64}}}}, Float64}}(-3.0215453370569495e-5,-3.1448760892086264e-5)
└ @ DFTK ~/supporting-mgga-addfpt/DFTK-mgga/src/terms/xc.jl:39
┌ Warning: Negative ρcore detected: Dual{ForwardDiff.Tag{DFTK.var"#1369#1370"{StaticArraysCore.SMatrix{3, 3, Float64, 9}, DFTK.var"#HF_energy#1368"{Vector{Vector{Float64}}, Float64, Vector{Matrix{ComplexF64}}, Vector{Vector{Float64}}}}, Float64}}(-3.0215453370569495e-5,-3.1448760892086264e-5)
└ @ DFTK ~/supporting-mgga-addfpt/DFTK-mgga/src/terms/xc.jl:39
┌ Warning: Negative τcore detected: Dual{ForwardDiff.Tag{DFTK.var"#1369#1370"{StaticArraysCore.SMatrix{3, 3, Float64, 9}, DFTK.var"#HF_energy#1368"{Vector{Vector{Float64}}, Float64, Vector{Matrix{ComplexF64}}, Vector{Vector{Float64}}}}, Float64}}(-0.0002392655068136832,-5.660442218377408e-5)
└ @ DFTK ~/supporting-mgga-addfpt/DFTK-mgga/src/terms/xc.jl:45
┌ Warning: Negative τcore detected: Dual{ForwardDiff.Tag{DFTK.var"#1369#1370"{StaticArraysCore.SMatrix{3, 3, Float64, 9}, DFTK.var"#HF_energy#1368"{Vector{Vector{Float64}}, Float64, Vector{Matrix{ComplexF64}}, Vector{Vector{Float64}}}}, Float64}}(-0.0002392655068136832,-5.660442218377408e-5)
└ @ DFTK ~/supporting-mgga-addfpt/DFTK-mgga/src/terms/xc.jl:45
┌ Warning: Negative τcore detected: Dual{ForwardDiff.Tag{DFTK.var"#1369#1370"{StaticArraysCore.SMatrix{3, 3, Float64, 9}, DFTK.var"#HF_energy#1368"{Vector{Vector{Float64}}, Float64, Vector{Matrix{ComplexF64}}, Vector{Vector{Float64}}}}, Float64}}(-0.0002392655068136832,-5.660442218377408e-5)
└ @ DFTK ~/supporting-mgga-addfpt/DFTK-mgga/src/terms/xc.jl:45
┌ Warning: Negative τcore detected: Dual{ForwardDiff.Tag{DFTK.var"#1369#1370"{StaticArraysCore.SMatrix{3, 3, Float64, 9}, DFTK.var"#HF_energy#1368"{Vector{Vector{Float64}}, Float64, Vector{Matrix{ComplexF64}}, Vector{Vector{Float64}}}}, Float64}}(-0.0002392655068136832,-5.660442218377408e-5)
└ @ DFTK ~/supporting-mgga-addfpt/DFTK-mgga/src/terms/xc.jl:45
┌ Warning: Negative ρcore detected: Dual{ForwardDiff.Tag{DFTK.var"#1369#1370"{StaticArraysCore.SMatrix{3, 3, Float64, 9}, DFTK.var"#HF_energy#1368"{Vector{Vector{Float64}}, Float64, Vector{Matrix{ComplexF64}}, Vector{Vector{Float64}}}}, Float64}}(-3.0215453370569495e-5,-0.0001950599422609692)
└ @ DFTK ~/supporting-mgga-addfpt/DFTK-mgga/src/terms/xc.jl:39
┌ Warning: Negative ρcore detected: Dual{ForwardDiff.Tag{DFTK.var"#1369#1370"{StaticArraysCore.SMatrix{3, 3, Float64, 9}, DFTK.var"#HF_energy#1368"{Vector{Vector{Float64}}, Float64, Vector{Matrix{ComplexF64}}, Vector{Vector{Float64}}}}, Float64}}(-3.0215453370569495e-5,-0.0001950599422609692)
└ @ DFTK ~/supporting-mgga-addfpt/DFTK-mgga/src/terms/xc.jl:39
┌ Warning: Negative ρcore detected: Dual{ForwardDiff.Tag{DFTK.var"#1369#1370"{StaticArraysCore.SMatrix{3, 3, Float64, 9}, DFTK.var"#HF_energy#1368"{Vector{Vector{Float64}}, Float64, Vector{Matrix{ComplexF64}}, Vector{Vector{Float64}}}}, Float64}}(-3.0215453370569495e-5,-0.0001950599422609692)
└ @ DFTK ~/supporting-mgga-addfpt/DFTK-mgga/src/terms/xc.jl:39
┌ Warning: Negative ρcore detected: Dual{ForwardDiff.Tag{DFTK.var"#1369#1370"{StaticArraysCore.SMatrix{3, 3, Float64, 9}, DFTK.var"#HF_energy#1368"{Vector{Vector{Float64}}, Float64, Vector{Matrix{ComplexF64}}, Vector{Vector{Float64}}}}, Float64}}(-3.0215453370569495e-5,-0.0001950599422609692)
└ @ DFTK ~/supporting-mgga-addfpt/DFTK-mgga/src/terms/xc.jl:39
┌ Warning: Negative τcore detected: Dual{ForwardDiff.Tag{DFTK.var"#1369#1370"{StaticArraysCore.SMatrix{3, 3, Float64, 9}, DFTK.var"#HF_energy#1368"{Vector{Vector{Float64}}, Float64, Vector{Matrix{ComplexF64}}, Vector{Vector{Float64}}}}, Float64}}(-0.0002392655068136832,-5.6604422183545016e-5)
└ @ DFTK ~/supporting-mgga-addfpt/DFTK-mgga/src/terms/xc.jl:45
┌ Warning: Negative τcore detected: Dual{ForwardDiff.Tag{DFTK.var"#1369#1370"{StaticArraysCore.SMatrix{3, 3, Float64, 9}, DFTK.var"#HF_energy#1368"{Vector{Vector{Float64}}, Float64, Vector{Matrix{ComplexF64}}, Vector{Vector{Float64}}}}, Float64}}(-0.0002392655068136832,-5.6604422183545016e-5)
└ @ DFTK ~/supporting-mgga-addfpt/DFTK-mgga/src/terms/xc.jl:45
┌ Warning: Negative τcore detected: Dual{ForwardDiff.Tag{DFTK.var"#1369#1370"{StaticArraysCore.SMatrix{3, 3, Float64, 9}, DFTK.var"#HF_energy#1368"{Vector{Vector{Float64}}, Float64, Vector{Matrix{ComplexF64}}, Vector{Vector{Float64}}}}, Float64}}(-0.0002392655068136832,-5.6604422183545016e-5)
└ @ DFTK ~/supporting-mgga-addfpt/DFTK-mgga/src/terms/xc.jl:45
┌ Warning: Negative τcore detected: Dual{ForwardDiff.Tag{DFTK.var"#1369#1370"{StaticArraysCore.SMatrix{3, 3, Float64, 9}, DFTK.var"#HF_energy#1368"{Vector{Vector{Float64}}, Float64, Vector{Matrix{ComplexF64}}, Vector{Vector{Float64}}}}, Float64}}(-0.0002392655068136832,-5.6604422183545016e-5)
└ @ DFTK ~/supporting-mgga-addfpt/DFTK-mgga/src/terms/xc.jl:45
┌ Warning: Negative ρcore detected: Dual{ForwardDiff.Tag{DFTK.var"#1369#1370"{StaticArraysCore.SMatrix{3, 3, Float64, 9}, DFTK.var"#HF_energy#1368"{Vector{Vector{Float64}}, Float64, Vector{Matrix{ComplexF64}}, Vector{Vector{Float64}}}}, Float64}}(-3.0215453370569495e-5,-5.456622853144398e-6)
└ @ DFTK ~/supporting-mgga-addfpt/DFTK-mgga/src/terms/xc.jl:39
┌ Warning: Negative ρcore detected: Dual{ForwardDiff.Tag{DFTK.var"#1369#1370"{StaticArraysCore.SMatrix{3, 3, Float64, 9}, DFTK.var"#HF_energy#1368"{Vector{Vector{Float64}}, Float64, Vector{Matrix{ComplexF64}}, Vector{Vector{Float64}}}}, Float64}}(-3.0215453370569495e-5,-5.456622853144398e-6)
└ @ DFTK ~/supporting-mgga-addfpt/DFTK-mgga/src/terms/xc.jl:39
┌ Warning: Negative ρcore detected: Dual{ForwardDiff.Tag{DFTK.var"#1369#1370"{StaticArraysCore.SMatrix{3, 3, Float64, 9}, DFTK.var"#HF_energy#1368"{Vector{Vector{Float64}}, Float64, Vector{Matrix{ComplexF64}}, Vector{Vector{Float64}}}}, Float64}}(-3.0215453370569495e-5,-5.456622853144398e-6)
└ @ DFTK ~/supporting-mgga-addfpt/DFTK-mgga/src/terms/xc.jl:39
┌ Warning: Negative ρcore detected: Dual{ForwardDiff.Tag{DFTK.var"#1369#1370"{StaticArraysCore.SMatrix{3, 3, Float64, 9}, DFTK.var"#HF_energy#1368"{Vector{Vector{Float64}}, Float64, Vector{Matrix{ComplexF64}}, Vector{Vector{Float64}}}}, Float64}}(-3.0215453370569495e-5,-5.456622853144398e-6)
└ @ DFTK ~/supporting-mgga-addfpt/DFTK-mgga/src/terms/xc.jl:39
┌ Warning: Negative τcore detected: Dual{ForwardDiff.Tag{DFTK.var"#1369#1370"{StaticArraysCore.SMatrix{3, 3, Float64, 9}, DFTK.var"#HF_energy#1368"{Vector{Vector{Float64}}, Float64, Vector{Matrix{ComplexF64}}, Vector{Vector{Float64}}}}, Float64}}(-0.0002392655068136832,-7.466884594671414e-5)
└ @ DFTK ~/supporting-mgga-addfpt/DFTK-mgga/src/terms/xc.jl:45
┌ Warning: Negative τcore detected: Dual{ForwardDiff.Tag{DFTK.var"#1369#1370"{StaticArraysCore.SMatrix{3, 3, Float64, 9}, DFTK.var"#HF_energy#1368"{Vector{Vector{Float64}}, Float64, Vector{Matrix{ComplexF64}}, Vector{Vector{Float64}}}}, Float64}}(-0.0002392655068136832,-7.466884594671414e-5)
└ @ DFTK ~/supporting-mgga-addfpt/DFTK-mgga/src/terms/xc.jl:45
┌ Warning: Negative τcore detected: Dual{ForwardDiff.Tag{DFTK.var"#1369#1370"{StaticArraysCore.SMatrix{3, 3, Float64, 9}, DFTK.var"#HF_energy#1368"{Vector{Vector{Float64}}, Float64, Vector{Matrix{ComplexF64}}, Vector{Vector{Float64}}}}, Float64}}(-0.0002392655068136832,-7.466884594671414e-5)
└ @ DFTK ~/supporting-mgga-addfpt/DFTK-mgga/src/terms/xc.jl:45
┌ Warning: Negative τcore detected: Dual{ForwardDiff.Tag{DFTK.var"#1369#1370"{StaticArraysCore.SMatrix{3, 3, Float64, 9}, DFTK.var"#HF_energy#1368"{Vector{Vector{Float64}}, Float64, Vector{Matrix{ComplexF64}}, Vector{Vector{Float64}}}}, Float64}}(-0.0002392655068136832,-7.466884594671414e-5)
└ @ DFTK ~/supporting-mgga-addfpt/DFTK-mgga/src/terms/xc.jl:45
┌ Warning: Negative ρcore detected: Dual{ForwardDiff.Tag{DFTK.var"#1369#1370"{StaticArraysCore.SMatrix{3, 3, Float64, 9}, DFTK.var"#HF_energy#1368"{Vector{Vector{Float64}}, Float64, Vector{Matrix{ComplexF64}}, Vector{Vector{Float64}}}}, Float64}}(-3.0215453370569495e-5,-0.00021457922834531665)
└ @ DFTK ~/supporting-mgga-addfpt/DFTK-mgga/src/terms/xc.jl:39
┌ Warning: Negative ρcore detected: Dual{ForwardDiff.Tag{DFTK.var"#1369#1370"{StaticArraysCore.SMatrix{3, 3, Float64, 9}, DFTK.var"#HF_energy#1368"{Vector{Vector{Float64}}, Float64, Vector{Matrix{ComplexF64}}, Vector{Vector{Float64}}}}, Float64}}(-3.0215453370569495e-5,-0.00021457922834531665)
└ @ DFTK ~/supporting-mgga-addfpt/DFTK-mgga/src/terms/xc.jl:39
┌ Warning: Negative ρcore detected: Dual{ForwardDiff.Tag{DFTK.var"#1369#1370"{StaticArraysCore.SMatrix{3, 3, Float64, 9}, DFTK.var"#HF_energy#1368"{Vector{Vector{Float64}}, Float64, Vector{Matrix{ComplexF64}}, Vector{Vector{Float64}}}}, Float64}}(-3.0215453370569495e-5,-0.00021457922834531665)
└ @ DFTK ~/supporting-mgga-addfpt/DFTK-mgga/src/terms/xc.jl:39
┌ Warning: Negative ρcore detected: Dual{ForwardDiff.Tag{DFTK.var"#1369#1370"{StaticArraysCore.SMatrix{3, 3, Float64, 9}, DFTK.var"#HF_energy#1368"{Vector{Vector{Float64}}, Float64, Vector{Matrix{ComplexF64}}, Vector{Vector{Float64}}}}, Float64}}(-3.0215453370569495e-5,-0.00021457922834531665)
└ @ DFTK ~/supporting-mgga-addfpt/DFTK-mgga/src/terms/xc.jl:39
┌ Warning: Negative τcore detected: Dual{ForwardDiff.Tag{DFTK.var"#1369#1370"{StaticArraysCore.SMatrix{3, 3, Float64, 9}, DFTK.var"#HF_energy#1368"{Vector{Vector{Float64}}, Float64, Vector{Matrix{ComplexF64}}, Vector{Vector{Float64}}}}, Float64}}(-0.0002392655068136832,-0.00015389394983450884)
└ @ DFTK ~/supporting-mgga-addfpt/DFTK-mgga/src/terms/xc.jl:45
┌ Warning: Negative τcore detected: Dual{ForwardDiff.Tag{DFTK.var"#1369#1370"{StaticArraysCore.SMatrix{3, 3, Float64, 9}, DFTK.var"#HF_energy#1368"{Vector{Vector{Float64}}, Float64, Vector{Matrix{ComplexF64}}, Vector{Vector{Float64}}}}, Float64}}(-0.0002392655068136832,-0.00015389394983450884)
└ @ DFTK ~/supporting-mgga-addfpt/DFTK-mgga/src/terms/xc.jl:45
┌ Warning: Negative τcore detected: Dual{ForwardDiff.Tag{DFTK.var"#1369#1370"{StaticArraysCore.SMatrix{3, 3, Float64, 9}, DFTK.var"#HF_energy#1368"{Vector{Vector{Float64}}, Float64, Vector{Matrix{ComplexF64}}, Vector{Vector{Float64}}}}, Float64}}(-0.0002392655068136832,-0.00015389394983450884)
└ @ DFTK ~/supporting-mgga-addfpt/DFTK-mgga/src/terms/xc.jl:45
┌ Warning: Negative τcore detected: Dual{ForwardDiff.Tag{DFTK.var"#1369#1370"{StaticArraysCore.SMatrix{3, 3, Float64, 9}, DFTK.var"#HF_energy#1368"{Vector{Vector{Float64}}, Float64, Vector{Matrix{ComplexF64}}, Vector{Vector{Float64}}}}, Float64}}(-0.0002392655068136832,-0.00015389394983450884)
└ @ DFTK ~/supporting-mgga-addfpt/DFTK-mgga/src/terms/xc.jl:45
┌ Warning: Negative ρcore detected: Dual{ForwardDiff.Tag{DFTK.var"#1369#1370"{StaticArraysCore.SMatrix{3, 3, Float64, 9}, DFTK.var"#HF_energy#1368"{Vector{Vector{Float64}}, Float64, Vector{Matrix{ComplexF64}}, Vector{Vector{Float64}}}}, Float64}}(-3.0215453370569495e-5,-9.716963939699286e-6)
└ @ DFTK ~/supporting-mgga-addfpt/DFTK-mgga/src/terms/xc.jl:39
┌ Warning: Negative ρcore detected: Dual{ForwardDiff.Tag{DFTK.var"#1369#1370"{StaticArraysCore.SMatrix{3, 3, Float64, 9}, DFTK.var"#HF_energy#1368"{Vector{Vector{Float64}}, Float64, Vector{Matrix{ComplexF64}}, Vector{Vector{Float64}}}}, Float64}}(-3.0215453370569495e-5,-9.716963939699286e-6)
└ @ DFTK ~/supporting-mgga-addfpt/DFTK-mgga/src/terms/xc.jl:39
┌ Warning: Negative ρcore detected: Dual{ForwardDiff.Tag{DFTK.var"#1369#1370"{StaticArraysCore.SMatrix{3, 3, Float64, 9}, DFTK.var"#HF_energy#1368"{Vector{Vector{Float64}}, Float64, Vector{Matrix{ComplexF64}}, Vector{Vector{Float64}}}}, Float64}}(-3.0215453370569495e-5,-9.716963939699286e-6)
└ @ DFTK ~/supporting-mgga-addfpt/DFTK-mgga/src/terms/xc.jl:39
┌ Warning: Negative ρcore detected: Dual{ForwardDiff.Tag{DFTK.var"#1369#1370"{StaticArraysCore.SMatrix{3, 3, Float64, 9}, DFTK.var"#HF_energy#1368"{Vector{Vector{Float64}}, Float64, Vector{Matrix{ComplexF64}}, Vector{Vector{Float64}}}}, Float64}}(-3.0215453370569495e-5,-9.716963939699286e-6)
└ @ DFTK ~/supporting-mgga-addfpt/DFTK-mgga/src/terms/xc.jl:39
┌ Warning: Negative τcore detected: Dual{ForwardDiff.Tag{DFTK.var"#1369#1370"{StaticArraysCore.SMatrix{3, 3, Float64, 9}, DFTK.var"#HF_energy#1368"{Vector{Vector{Float64}}, Float64, Vector{Matrix{ComplexF64}}, Vector{Vector{Float64}}}}, Float64}}(-0.0002392655068136832,-0.00015389394983477607)
└ @ DFTK ~/supporting-mgga-addfpt/DFTK-mgga/src/terms/xc.jl:45
┌ Warning: Negative τcore detected: Dual{ForwardDiff.Tag{DFTK.var"#1369#1370"{StaticArraysCore.SMatrix{3, 3, Float64, 9}, DFTK.var"#HF_energy#1368"{Vector{Vector{Float64}}, Float64, Vector{Matrix{ComplexF64}}, Vector{Vector{Float64}}}}, Float64}}(-0.0002392655068136832,-0.00015389394983477607)
└ @ DFTK ~/supporting-mgga-addfpt/DFTK-mgga/src/terms/xc.jl:45
┌ Warning: Negative τcore detected: Dual{ForwardDiff.Tag{DFTK.var"#1369#1370"{StaticArraysCore.SMatrix{3, 3, Float64, 9}, DFTK.var"#HF_energy#1368"{Vector{Vector{Float64}}, Float64, Vector{Matrix{ComplexF64}}, Vector{Vector{Float64}}}}, Float64}}(-0.0002392655068136832,-0.00015389394983477607)
└ @ DFTK ~/supporting-mgga-addfpt/DFTK-mgga/src/terms/xc.jl:45
┌ Warning: Negative τcore detected: Dual{ForwardDiff.Tag{DFTK.var"#1369#1370"{StaticArraysCore.SMatrix{3, 3, Float64, 9}, DFTK.var"#HF_energy#1368"{Vector{Vector{Float64}}, Float64, Vector{Matrix{ComplexF64}}, Vector{Vector{Float64}}}}, Float64}}(-0.0002392655068136832,-0.00015389394983477607)
└ @ DFTK ~/supporting-mgga-addfpt/DFTK-mgga/src/terms/xc.jl:45
┌ Warning: Negative ρcore detected: -2.9752480513332207e-5
└ @ DFTK ~/supporting-mgga-addfpt/DFTK-mgga/src/terms/xc.jl:39
┌ Warning: Negative ρcore detected: -2.9752480513332207e-5
└ @ DFTK ~/supporting-mgga-addfpt/DFTK-mgga/src/terms/xc.jl:39
┌ Warning: Negative ρcore detected: -2.9752480513332207e-5
└ @ DFTK ~/supporting-mgga-addfpt/DFTK-mgga/src/terms/xc.jl:39
┌ Warning: Negative ρcore detected: -2.9752480513332207e-5
└ @ DFTK ~/supporting-mgga-addfpt/DFTK-mgga/src/terms/xc.jl:39
┌ Warning: Negative τcore detected: -0.00023873646561282824
└ @ DFTK ~/supporting-mgga-addfpt/DFTK-mgga/src/terms/xc.jl:45
┌ Warning: Negative τcore detected: -0.00023873646561282824
└ @ DFTK ~/supporting-mgga-addfpt/DFTK-mgga/src/terms/xc.jl:45
┌ Warning: Negative τcore detected: -0.00023873646561282824
└ @ DFTK ~/supporting-mgga-addfpt/DFTK-mgga/src/terms/xc.jl:45
┌ Warning: Negative τcore detected: -0.00023873646561282824
└ @ DFTK ~/supporting-mgga-addfpt/DFTK-mgga/src/terms/xc.jl:45
n     Energy            log10(ΔE)   log10(Δρ)   Diag   Δtime 
---   ---------------   ---------   ---------   ----   ------
  1   -11.73639407237                   -0.73    9.1    3.67s
  2   -11.74241765847       -2.22       -1.57    2.7    1.61s
  3   -11.74258274047       -3.78       -2.25    3.3    1.76s
  4   -11.74258508627       -5.63       -3.91    2.9    1.73s
  5   -11.74258513354       -7.33       -4.50    5.0    2.37s
  6   -11.74258513364       -9.98       -5.23    3.5    2.12s
  7   -11.74258513365      -11.44       -6.83    3.7    1.70s
  8   -11.74258513365      -13.37       -7.49    4.9    2.53s
  9   -11.74258513365   +    -Inf       -8.53    3.0    2.00s
 10   -11.74258513365   +    -Inf       -9.12    4.3    2.09s
 11   -11.74258513365   +    -Inf      -10.12    3.7    2.18s
 12   -11.74258513365   +    -Inf      -11.10    3.6    2.01s
 13   -11.74258513365   +  -14.45      -12.08    3.9    2.20s
┌ Warning: Negative ρcore detected: Dual{ForwardDiff.Tag{DFTK.var"#1369#1370"{StaticArraysCore.SMatrix{3, 3, Float64, 9}, DFTK.var"#HF_energy#1368"{Vector{Vector{Float64}}, Float64, Vector{Matrix{ComplexF64}}, Vector{Vector{Float64}}}}, Float64}}(-2.9752480513332207e-5,-0.0002002102045051803)
└ @ DFTK ~/supporting-mgga-addfpt/DFTK-mgga/src/terms/xc.jl:39
┌ Warning: Negative ρcore detected: Dual{ForwardDiff.Tag{DFTK.var"#1369#1370"{StaticArraysCore.SMatrix{3, 3, Float64, 9}, DFTK.var"#HF_energy#1368"{Vector{Vector{Float64}}, Float64, Vector{Matrix{ComplexF64}}, Vector{Vector{Float64}}}}, Float64}}(-2.9752480513332207e-5,-0.0002002102045051803)
└ @ DFTK ~/supporting-mgga-addfpt/DFTK-mgga/src/terms/xc.jl:39
┌ Warning: Negative ρcore detected: Dual{ForwardDiff.Tag{DFTK.var"#1369#1370"{StaticArraysCore.SMatrix{3, 3, Float64, 9}, DFTK.var"#HF_energy#1368"{Vector{Vector{Float64}}, Float64, Vector{Matrix{ComplexF64}}, Vector{Vector{Float64}}}}, Float64}}(-2.9752480513332207e-5,-0.0002002102045051803)
└ @ DFTK ~/supporting-mgga-addfpt/DFTK-mgga/src/terms/xc.jl:39
┌ Warning: Negative τcore detected: Dual{ForwardDiff.Tag{DFTK.var"#1369#1370"{StaticArraysCore.SMatrix{3, 3, Float64, 9}, DFTK.var"#HF_energy#1368"{Vector{Vector{Float64}}, Float64, Vector{Matrix{ComplexF64}}, Vector{Vector{Float64}}}}, Float64}}(-0.00023873646561282824,-0.00012136301837800993)
└ @ DFTK ~/supporting-mgga-addfpt/DFTK-mgga/src/terms/xc.jl:45
┌ Warning: Negative ρcore detected: Dual{ForwardDiff.Tag{DFTK.var"#1369#1370"{StaticArraysCore.SMatrix{3, 3, Float64, 9}, DFTK.var"#HF_energy#1368"{Vector{Vector{Float64}}, Float64, Vector{Matrix{ComplexF64}}, Vector{Vector{Float64}}}}, Float64}}(-2.9752480513332207e-5,-0.0002002102045051803)
└ @ DFTK ~/supporting-mgga-addfpt/DFTK-mgga/src/terms/xc.jl:39
┌ Warning: Negative τcore detected: Dual{ForwardDiff.Tag{DFTK.var"#1369#1370"{StaticArraysCore.SMatrix{3, 3, Float64, 9}, DFTK.var"#HF_energy#1368"{Vector{Vector{Float64}}, Float64, Vector{Matrix{ComplexF64}}, Vector{Vector{Float64}}}}, Float64}}(-0.00023873646561282824,-0.00012136301837800993)
└ @ DFTK ~/supporting-mgga-addfpt/DFTK-mgga/src/terms/xc.jl:45
┌ Warning: Negative τcore detected: Dual{ForwardDiff.Tag{DFTK.var"#1369#1370"{StaticArraysCore.SMatrix{3, 3, Float64, 9}, DFTK.var"#HF_energy#1368"{Vector{Vector{Float64}}, Float64, Vector{Matrix{ComplexF64}}, Vector{Vector{Float64}}}}, Float64}}(-0.00023873646561282824,-0.00012136301837800993)
└ @ DFTK ~/supporting-mgga-addfpt/DFTK-mgga/src/terms/xc.jl:45
┌ Warning: Negative τcore detected: Dual{ForwardDiff.Tag{DFTK.var"#1369#1370"{StaticArraysCore.SMatrix{3, 3, Float64, 9}, DFTK.var"#HF_energy#1368"{Vector{Vector{Float64}}, Float64, Vector{Matrix{ComplexF64}}, Vector{Vector{Float64}}}}, Float64}}(-0.00023873646561282824,-0.00012136301837800993)
└ @ DFTK ~/supporting-mgga-addfpt/DFTK-mgga/src/terms/xc.jl:45
┌ Warning: Negative ρcore detected: Dual{ForwardDiff.Tag{DFTK.var"#1369#1370"{StaticArraysCore.SMatrix{3, 3, Float64, 9}, DFTK.var"#HF_energy#1368"{Vector{Vector{Float64}}, Float64, Vector{Matrix{ComplexF64}}, Vector{Vector{Float64}}}}, Float64}}(-2.9752480513332207e-5,-0.0002518648006825285)
└ @ DFTK ~/supporting-mgga-addfpt/DFTK-mgga/src/terms/xc.jl:39
┌ Warning: Negative ρcore detected: Dual{ForwardDiff.Tag{DFTK.var"#1369#1370"{StaticArraysCore.SMatrix{3, 3, Float64, 9}, DFTK.var"#HF_energy#1368"{Vector{Vector{Float64}}, Float64, Vector{Matrix{ComplexF64}}, Vector{Vector{Float64}}}}, Float64}}(-2.9752480513332207e-5,-0.0002518648006825285)
└ @ DFTK ~/supporting-mgga-addfpt/DFTK-mgga/src/terms/xc.jl:39
┌ Warning: Negative ρcore detected: Dual{ForwardDiff.Tag{DFTK.var"#1369#1370"{StaticArraysCore.SMatrix{3, 3, Float64, 9}, DFTK.var"#HF_energy#1368"{Vector{Vector{Float64}}, Float64, Vector{Matrix{ComplexF64}}, Vector{Vector{Float64}}}}, Float64}}(-2.9752480513332207e-5,-0.0002518648006825285)
└ @ DFTK ~/supporting-mgga-addfpt/DFTK-mgga/src/terms/xc.jl:39
┌ Warning: Negative ρcore detected: Dual{ForwardDiff.Tag{DFTK.var"#1369#1370"{StaticArraysCore.SMatrix{3, 3, Float64, 9}, DFTK.var"#HF_energy#1368"{Vector{Vector{Float64}}, Float64, Vector{Matrix{ComplexF64}}, Vector{Vector{Float64}}}}, Float64}}(-2.9752480513332207e-5,-0.0002518648006825285)
└ @ DFTK ~/supporting-mgga-addfpt/DFTK-mgga/src/terms/xc.jl:39
┌ Warning: Negative τcore detected: Dual{ForwardDiff.Tag{DFTK.var"#1369#1370"{StaticArraysCore.SMatrix{3, 3, Float64, 9}, DFTK.var"#HF_energy#1368"{Vector{Vector{Float64}}, Float64, Vector{Matrix{ComplexF64}}, Vector{Vector{Float64}}}}, Float64}}(-0.00023873646561282824,-0.00012054616586649176)
└ @ DFTK ~/supporting-mgga-addfpt/DFTK-mgga/src/terms/xc.jl:45
┌ Warning: Negative τcore detected: Dual{ForwardDiff.Tag{DFTK.var"#1369#1370"{StaticArraysCore.SMatrix{3, 3, Float64, 9}, DFTK.var"#HF_energy#1368"{Vector{Vector{Float64}}, Float64, Vector{Matrix{ComplexF64}}, Vector{Vector{Float64}}}}, Float64}}(-0.00023873646561282824,-0.00012054616586649176)
└ @ DFTK ~/supporting-mgga-addfpt/DFTK-mgga/src/terms/xc.jl:45
┌ Warning: Negative τcore detected: Dual{ForwardDiff.Tag{DFTK.var"#1369#1370"{StaticArraysCore.SMatrix{3, 3, Float64, 9}, DFTK.var"#HF_energy#1368"{Vector{Vector{Float64}}, Float64, Vector{Matrix{ComplexF64}}, Vector{Vector{Float64}}}}, Float64}}(-0.00023873646561282824,-0.00012054616586649176)
└ @ DFTK ~/supporting-mgga-addfpt/DFTK-mgga/src/terms/xc.jl:45
┌ Warning: Negative τcore detected: Dual{ForwardDiff.Tag{DFTK.var"#1369#1370"{StaticArraysCore.SMatrix{3, 3, Float64, 9}, DFTK.var"#HF_energy#1368"{Vector{Vector{Float64}}, Float64, Vector{Matrix{ComplexF64}}, Vector{Vector{Float64}}}}, Float64}}(-0.00023873646561282824,-0.00012054616586649176)
└ @ DFTK ~/supporting-mgga-addfpt/DFTK-mgga/src/terms/xc.jl:45
┌ Warning: Negative ρcore detected: Dual{ForwardDiff.Tag{DFTK.var"#1369#1370"{StaticArraysCore.SMatrix{3, 3, Float64, 9}, DFTK.var"#HF_energy#1368"{Vector{Vector{Float64}}, Float64, Vector{Matrix{ComplexF64}}, Vector{Vector{Float64}}}}, Float64}}(-2.9752480513332207e-5,-3.151847251969147e-5)
└ @ DFTK ~/supporting-mgga-addfpt/DFTK-mgga/src/terms/xc.jl:39
┌ Warning: Negative ρcore detected: Dual{ForwardDiff.Tag{DFTK.var"#1369#1370"{StaticArraysCore.SMatrix{3, 3, Float64, 9}, DFTK.var"#HF_energy#1368"{Vector{Vector{Float64}}, Float64, Vector{Matrix{ComplexF64}}, Vector{Vector{Float64}}}}, Float64}}(-2.9752480513332207e-5,-3.151847251969147e-5)
└ @ DFTK ~/supporting-mgga-addfpt/DFTK-mgga/src/terms/xc.jl:39
┌ Warning: Negative ρcore detected: Dual{ForwardDiff.Tag{DFTK.var"#1369#1370"{StaticArraysCore.SMatrix{3, 3, Float64, 9}, DFTK.var"#HF_energy#1368"{Vector{Vector{Float64}}, Float64, Vector{Matrix{ComplexF64}}, Vector{Vector{Float64}}}}, Float64}}(-2.9752480513332207e-5,-3.151847251969147e-5)
└ @ DFTK ~/supporting-mgga-addfpt/DFTK-mgga/src/terms/xc.jl:39
┌ Warning: Negative ρcore detected: Dual{ForwardDiff.Tag{DFTK.var"#1369#1370"{StaticArraysCore.SMatrix{3, 3, Float64, 9}, DFTK.var"#HF_energy#1368"{Vector{Vector{Float64}}, Float64, Vector{Matrix{ComplexF64}}, Vector{Vector{Float64}}}}, Float64}}(-2.9752480513332207e-5,-3.151847251969147e-5)
└ @ DFTK ~/supporting-mgga-addfpt/DFTK-mgga/src/terms/xc.jl:39
┌ Warning: Negative τcore detected: Dual{ForwardDiff.Tag{DFTK.var"#1369#1370"{StaticArraysCore.SMatrix{3, 3, Float64, 9}, DFTK.var"#HF_energy#1368"{Vector{Vector{Float64}}, Float64, Vector{Matrix{ComplexF64}}, Vector{Vector{Float64}}}}, Float64}}(-0.00023873646561282824,-0.0001832459767851395)
└ @ DFTK ~/supporting-mgga-addfpt/DFTK-mgga/src/terms/xc.jl:45
┌ Warning: Negative τcore detected: Dual{ForwardDiff.Tag{DFTK.var"#1369#1370"{StaticArraysCore.SMatrix{3, 3, Float64, 9}, DFTK.var"#HF_energy#1368"{Vector{Vector{Float64}}, Float64, Vector{Matrix{ComplexF64}}, Vector{Vector{Float64}}}}, Float64}}(-0.00023873646561282824,-0.0001832459767851395)
└ @ DFTK ~/supporting-mgga-addfpt/DFTK-mgga/src/terms/xc.jl:45
┌ Warning: Negative τcore detected: Dual{ForwardDiff.Tag{DFTK.var"#1369#1370"{StaticArraysCore.SMatrix{3, 3, Float64, 9}, DFTK.var"#HF_energy#1368"{Vector{Vector{Float64}}, Float64, Vector{Matrix{ComplexF64}}, Vector{Vector{Float64}}}}, Float64}}(-0.00023873646561282824,-0.0001832459767851395)
└ @ DFTK ~/supporting-mgga-addfpt/DFTK-mgga/src/terms/xc.jl:45
┌ Warning: Negative τcore detected: Dual{ForwardDiff.Tag{DFTK.var"#1369#1370"{StaticArraysCore.SMatrix{3, 3, Float64, 9}, DFTK.var"#HF_energy#1368"{Vector{Vector{Float64}}, Float64, Vector{Matrix{ComplexF64}}, Vector{Vector{Float64}}}}, Float64}}(-0.00023873646561282824,-0.0001832459767851395)
└ @ DFTK ~/supporting-mgga-addfpt/DFTK-mgga/src/terms/xc.jl:45
┌ Warning: Negative ρcore detected: Dual{ForwardDiff.Tag{DFTK.var"#1369#1370"{StaticArraysCore.SMatrix{3, 3, Float64, 9}, DFTK.var"#HF_energy#1368"{Vector{Vector{Float64}}, Float64, Vector{Matrix{ComplexF64}}, Vector{Vector{Float64}}}}, Float64}}(-2.9752480513332207e-5,-9.783786476060343e-6)
└ @ DFTK ~/supporting-mgga-addfpt/DFTK-mgga/src/terms/xc.jl:39
┌ Warning: Negative ρcore detected: Dual{ForwardDiff.Tag{DFTK.var"#1369#1370"{StaticArraysCore.SMatrix{3, 3, Float64, 9}, DFTK.var"#HF_energy#1368"{Vector{Vector{Float64}}, Float64, Vector{Matrix{ComplexF64}}, Vector{Vector{Float64}}}}, Float64}}(-2.9752480513332207e-5,-9.783786476060343e-6)
└ @ DFTK ~/supporting-mgga-addfpt/DFTK-mgga/src/terms/xc.jl:39
┌ Warning: Negative ρcore detected: Dual{ForwardDiff.Tag{DFTK.var"#1369#1370"{StaticArraysCore.SMatrix{3, 3, Float64, 9}, DFTK.var"#HF_energy#1368"{Vector{Vector{Float64}}, Float64, Vector{Matrix{ComplexF64}}, Vector{Vector{Float64}}}}, Float64}}(-2.9752480513332207e-5,-9.783786476060343e-6)
└ @ DFTK ~/supporting-mgga-addfpt/DFTK-mgga/src/terms/xc.jl:39
┌ Warning: Negative ρcore detected: Dual{ForwardDiff.Tag{DFTK.var"#1369#1370"{StaticArraysCore.SMatrix{3, 3, Float64, 9}, DFTK.var"#HF_energy#1368"{Vector{Vector{Float64}}, Float64, Vector{Matrix{ComplexF64}}, Vector{Vector{Float64}}}}, Float64}}(-2.9752480513332207e-5,-9.783786476060343e-6)
└ @ DFTK ~/supporting-mgga-addfpt/DFTK-mgga/src/terms/xc.jl:39
┌ Warning: Negative τcore detected: Dual{ForwardDiff.Tag{DFTK.var"#1369#1370"{StaticArraysCore.SMatrix{3, 3, Float64, 9}, DFTK.var"#HF_energy#1368"{Vector{Vector{Float64}}, Float64, Vector{Matrix{ComplexF64}}, Vector{Vector{Float64}}}}, Float64}}(-0.00023873646561282824,-0.0001593164195337681)
└ @ DFTK ~/supporting-mgga-addfpt/DFTK-mgga/src/terms/xc.jl:45
┌ Warning: Negative τcore detected: Dual{ForwardDiff.Tag{DFTK.var"#1369#1370"{StaticArraysCore.SMatrix{3, 3, Float64, 9}, DFTK.var"#HF_energy#1368"{Vector{Vector{Float64}}, Float64, Vector{Matrix{ComplexF64}}, Vector{Vector{Float64}}}}, Float64}}(-0.00023873646561282824,-0.0001593164195337681)
└ @ DFTK ~/supporting-mgga-addfpt/DFTK-mgga/src/terms/xc.jl:45
┌ Warning: Negative τcore detected: Dual{ForwardDiff.Tag{DFTK.var"#1369#1370"{StaticArraysCore.SMatrix{3, 3, Float64, 9}, DFTK.var"#HF_energy#1368"{Vector{Vector{Float64}}, Float64, Vector{Matrix{ComplexF64}}, Vector{Vector{Float64}}}}, Float64}}(-0.00023873646561282824,-0.0001593164195337681)
└ @ DFTK ~/supporting-mgga-addfpt/DFTK-mgga/src/terms/xc.jl:45
┌ Warning: Negative τcore detected: Dual{ForwardDiff.Tag{DFTK.var"#1369#1370"{StaticArraysCore.SMatrix{3, 3, Float64, 9}, DFTK.var"#HF_energy#1368"{Vector{Vector{Float64}}, Float64, Vector{Matrix{ComplexF64}}, Vector{Vector{Float64}}}}, Float64}}(-0.00023873646561282824,-0.0001593164195337681)
└ @ DFTK ~/supporting-mgga-addfpt/DFTK-mgga/src/terms/xc.jl:45
┌ Warning: Negative ρcore detected: Dual{ForwardDiff.Tag{DFTK.var"#1369#1370"{StaticArraysCore.SMatrix{3, 3, Float64, 9}, DFTK.var"#HF_energy#1368"{Vector{Vector{Float64}}, Float64, Vector{Matrix{ComplexF64}}, Vector{Vector{Float64}}}}, Float64}}(-2.9752480513332207e-5,-5.582821834658604e-6)
└ @ DFTK ~/supporting-mgga-addfpt/DFTK-mgga/src/terms/xc.jl:39
┌ Warning: Negative ρcore detected: Dual{ForwardDiff.Tag{DFTK.var"#1369#1370"{StaticArraysCore.SMatrix{3, 3, Float64, 9}, DFTK.var"#HF_energy#1368"{Vector{Vector{Float64}}, Float64, Vector{Matrix{ComplexF64}}, Vector{Vector{Float64}}}}, Float64}}(-2.9752480513332207e-5,-5.582821834658604e-6)
└ @ DFTK ~/supporting-mgga-addfpt/DFTK-mgga/src/terms/xc.jl:39
┌ Warning: Negative ρcore detected: Dual{ForwardDiff.Tag{DFTK.var"#1369#1370"{StaticArraysCore.SMatrix{3, 3, Float64, 9}, DFTK.var"#HF_energy#1368"{Vector{Vector{Float64}}, Float64, Vector{Matrix{ComplexF64}}, Vector{Vector{Float64}}}}, Float64}}(-2.9752480513332207e-5,-5.582821834658604e-6)
└ @ DFTK ~/supporting-mgga-addfpt/DFTK-mgga/src/terms/xc.jl:39
┌ Warning: Negative ρcore detected: Dual{ForwardDiff.Tag{DFTK.var"#1369#1370"{StaticArraysCore.SMatrix{3, 3, Float64, 9}, DFTK.var"#HF_energy#1368"{Vector{Vector{Float64}}, Float64, Vector{Matrix{ComplexF64}}, Vector{Vector{Float64}}}}, Float64}}(-2.9752480513332207e-5,-5.582821834658604e-6)
└ @ DFTK ~/supporting-mgga-addfpt/DFTK-mgga/src/terms/xc.jl:39
┌ Warning: Negative τcore detected: Dual{ForwardDiff.Tag{DFTK.var"#1369#1370"{StaticArraysCore.SMatrix{3, 3, Float64, 9}, DFTK.var"#HF_energy#1368"{Vector{Vector{Float64}}, Float64, Vector{Matrix{ComplexF64}}, Vector{Vector{Float64}}}}, Float64}}(-0.00023873646561282824,-0.00015954756550278664)
└ @ DFTK ~/supporting-mgga-addfpt/DFTK-mgga/src/terms/xc.jl:45
┌ Warning: Negative τcore detected: Dual{ForwardDiff.Tag{DFTK.var"#1369#1370"{StaticArraysCore.SMatrix{3, 3, Float64, 9}, DFTK.var"#HF_energy#1368"{Vector{Vector{Float64}}, Float64, Vector{Matrix{ComplexF64}}, Vector{Vector{Float64}}}}, Float64}}(-0.00023873646561282824,-0.00015954756550278664)
└ @ DFTK ~/supporting-mgga-addfpt/DFTK-mgga/src/terms/xc.jl:45
┌ Warning: Negative τcore detected: Dual{ForwardDiff.Tag{DFTK.var"#1369#1370"{StaticArraysCore.SMatrix{3, 3, Float64, 9}, DFTK.var"#HF_energy#1368"{Vector{Vector{Float64}}, Float64, Vector{Matrix{ComplexF64}}, Vector{Vector{Float64}}}}, Float64}}(-0.00023873646561282824,-0.00015954756550278664)
└ @ DFTK ~/supporting-mgga-addfpt/DFTK-mgga/src/terms/xc.jl:45
┌ Warning: Negative τcore detected: Dual{ForwardDiff.Tag{DFTK.var"#1369#1370"{StaticArraysCore.SMatrix{3, 3, Float64, 9}, DFTK.var"#HF_energy#1368"{Vector{Vector{Float64}}, Float64, Vector{Matrix{ComplexF64}}, Vector{Vector{Float64}}}}, Float64}}(-0.00023873646561282824,-0.00015954756550278664)
└ @ DFTK ~/supporting-mgga-addfpt/DFTK-mgga/src/terms/xc.jl:45
┌ Warning: Negative ρcore detected: Dual{ForwardDiff.Tag{DFTK.var"#1369#1370"{StaticArraysCore.SMatrix{3, 3, Float64, 9}, DFTK.var"#HF_energy#1368"{Vector{Vector{Float64}}, Float64, Vector{Matrix{ComplexF64}}, Vector{Vector{Float64}}}}, Float64}}(-2.9752480513332207e-5,-0.0002184035344112066)
└ @ DFTK ~/supporting-mgga-addfpt/DFTK-mgga/src/terms/xc.jl:39
┌ Warning: Negative ρcore detected: Dual{ForwardDiff.Tag{DFTK.var"#1369#1370"{StaticArraysCore.SMatrix{3, 3, Float64, 9}, DFTK.var"#HF_energy#1368"{Vector{Vector{Float64}}, Float64, Vector{Matrix{ComplexF64}}, Vector{Vector{Float64}}}}, Float64}}(-2.9752480513332207e-5,-0.0002184035344112066)
└ @ DFTK ~/supporting-mgga-addfpt/DFTK-mgga/src/terms/xc.jl:39
┌ Warning: Negative ρcore detected: Dual{ForwardDiff.Tag{DFTK.var"#1369#1370"{StaticArraysCore.SMatrix{3, 3, Float64, 9}, DFTK.var"#HF_energy#1368"{Vector{Vector{Float64}}, Float64, Vector{Matrix{ComplexF64}}, Vector{Vector{Float64}}}}, Float64}}(-2.9752480513332207e-5,-0.0002184035344112066)
└ @ DFTK ~/supporting-mgga-addfpt/DFTK-mgga/src/terms/xc.jl:39
┌ Warning: Negative ρcore detected: Dual{ForwardDiff.Tag{DFTK.var"#1369#1370"{StaticArraysCore.SMatrix{3, 3, Float64, 9}, DFTK.var"#HF_energy#1368"{Vector{Vector{Float64}}, Float64, Vector{Matrix{ComplexF64}}, Vector{Vector{Float64}}}}, Float64}}(-2.9752480513332207e-5,-0.0002184035344112066)
└ @ DFTK ~/supporting-mgga-addfpt/DFTK-mgga/src/terms/xc.jl:39
┌ Warning: Negative τcore detected: Dual{ForwardDiff.Tag{DFTK.var"#1369#1370"{StaticArraysCore.SMatrix{3, 3, Float64, 9}, DFTK.var"#HF_energy#1368"{Vector{Vector{Float64}}, Float64, Vector{Matrix{ComplexF64}}, Vector{Vector{Float64}}}}, Float64}}(-0.00023873646561282824,-0.0001377051017951374)
└ @ DFTK ~/supporting-mgga-addfpt/DFTK-mgga/src/terms/xc.jl:45
┌ Warning: Negative τcore detected: Dual{ForwardDiff.Tag{DFTK.var"#1369#1370"{StaticArraysCore.SMatrix{3, 3, Float64, 9}, DFTK.var"#HF_energy#1368"{Vector{Vector{Float64}}, Float64, Vector{Matrix{ComplexF64}}, Vector{Vector{Float64}}}}, Float64}}(-0.00023873646561282824,-0.0001377051017951374)
└ @ DFTK ~/supporting-mgga-addfpt/DFTK-mgga/src/terms/xc.jl:45
┌ Warning: Negative τcore detected: Dual{ForwardDiff.Tag{DFTK.var"#1369#1370"{StaticArraysCore.SMatrix{3, 3, Float64, 9}, DFTK.var"#HF_energy#1368"{Vector{Vector{Float64}}, Float64, Vector{Matrix{ComplexF64}}, Vector{Vector{Float64}}}}, Float64}}(-0.00023873646561282824,-0.0001377051017951374)
└ @ DFTK ~/supporting-mgga-addfpt/DFTK-mgga/src/terms/xc.jl:45
┌ Warning: Negative τcore detected: Dual{ForwardDiff.Tag{DFTK.var"#1369#1370"{StaticArraysCore.SMatrix{3, 3, Float64, 9}, DFTK.var"#HF_energy#1368"{Vector{Vector{Float64}}, Float64, Vector{Matrix{ComplexF64}}, Vector{Vector{Float64}}}}, Float64}}(-0.00023873646561282824,-0.0001377051017951374)
└ @ DFTK ~/supporting-mgga-addfpt/DFTK-mgga/src/terms/xc.jl:45
h: 0.001
scf_tol: 1.0e-12
Ecut: 55
C11: 1110.610080873793
C12: 114.40783556569893
C44: 584.5552205406635
all three: [1110.610080873793, 114.40783556569893, 584.5552205406635]
stress_mh: [-3.7845877176027555e-5, -3.987924260251885e-6, -3.9879242602518575e-6, -1.9914404459393812e-5, 5.421010862427522e-20, 5.590417451878382e-20]
stress_ph: [3.7651861741324595e-5, 3.789362339598491e-6, 3.789362339598491e-6, 1.982285183169989e-5, 0.0, -1.6940658945086007e-21]
dstress: [0.037748869458676074, 0.0038886432999251878, 0.0038886432999251743, 0.01986862814554685, -2.710505431213761e-17, -2.879912020664621e-17]
Computing for h=0.0001
┌ Warning: Negative ρcore detected: -2.9986570365535123e-5
└ @ DFTK ~/supporting-mgga-addfpt/DFTK-mgga/src/terms/xc.jl:39
┌ Warning: Negative ρcore detected: -2.9986570365535123e-5
└ @ DFTK ~/supporting-mgga-addfpt/DFTK-mgga/src/terms/xc.jl:39
┌ Warning: Negative ρcore detected: -2.9986570365535123e-5
└ @ DFTK ~/supporting-mgga-addfpt/DFTK-mgga/src/terms/xc.jl:39
┌ Warning: Negative ρcore detected: -2.9986570365535123e-5
└ @ DFTK ~/supporting-mgga-addfpt/DFTK-mgga/src/terms/xc.jl:39
┌ Warning: Negative τcore detected: -0.00023902798982275178
└ @ DFTK ~/supporting-mgga-addfpt/DFTK-mgga/src/terms/xc.jl:45
┌ Warning: Negative τcore detected: -0.00023902798982275178
└ @ DFTK ~/supporting-mgga-addfpt/DFTK-mgga/src/terms/xc.jl:45
┌ Warning: Negative τcore detected: -0.00023902798982275178
└ @ DFTK ~/supporting-mgga-addfpt/DFTK-mgga/src/terms/xc.jl:45
┌ Warning: Negative τcore detected: -0.00023902798982275178
└ @ DFTK ~/supporting-mgga-addfpt/DFTK-mgga/src/terms/xc.jl:45
n     Energy            log10(ΔE)   log10(Δρ)   Diag   Δtime 
---   ---------------   ---------   ---------   ----   ------
  1   -11.73641706944                   -0.73    8.3    3.30s
  2   -11.74241881582       -2.22       -1.58    2.7    1.65s
  3   -11.74258480582       -3.78       -2.25    3.2    1.77s
  4   -11.74258725287       -5.61       -3.91    2.7    1.93s
  5   -11.74258730913       -7.25       -4.47    5.1    2.40s
  6   -11.74258730926       -9.91       -5.20    3.4    1.83s
  7   -11.74258730926      -11.33       -6.92    3.5    1.75s
  8   -11.74258730926      -13.11       -7.57    5.1    2.47s
  9   -11.74258730926   +  -14.75       -8.48    2.7    1.62s
 10   -11.74258730926      -14.75       -9.12    4.0    2.06s
 11   -11.74258730926   +    -Inf      -10.01    3.6    2.24s
 12   -11.74258730926   +    -Inf      -10.87    3.5    1.59s
 13   -11.74258730926   +  -14.75      -12.09    3.5    2.26s
┌ Warning: Negative ρcore detected: Dual{ForwardDiff.Tag{DFTK.var"#1369#1370"{StaticArraysCore.SMatrix{3, 3, Float64, 9}, DFTK.var"#HF_energy#1368"{Vector{Vector{Float64}}, Float64, Vector{Matrix{ComplexF64}}, Vector{Vector{Float64}}}}, Float64}}(-2.9986570365535123e-5,-0.0002497426936532652)
└ @ DFTK ~/supporting-mgga-addfpt/DFTK-mgga/src/terms/xc.jl:39
┌ Warning: Negative ρcore detected: Dual{ForwardDiff.Tag{DFTK.var"#1369#1370"{StaticArraysCore.SMatrix{3, 3, Float64, 9}, DFTK.var"#HF_energy#1368"{Vector{Vector{Float64}}, Float64, Vector{Matrix{ComplexF64}}, Vector{Vector{Float64}}}}, Float64}}(-2.9986570365535123e-5,-0.0002497426936532652)
└ @ DFTK ~/supporting-mgga-addfpt/DFTK-mgga/src/terms/xc.jl:39
┌ Warning: Negative ρcore detected: Dual{ForwardDiff.Tag{DFTK.var"#1369#1370"{StaticArraysCore.SMatrix{3, 3, Float64, 9}, DFTK.var"#HF_energy#1368"{Vector{Vector{Float64}}, Float64, Vector{Matrix{ComplexF64}}, Vector{Vector{Float64}}}}, Float64}}(-2.9986570365535123e-5,-0.0002497426936532652)
└ @ DFTK ~/supporting-mgga-addfpt/DFTK-mgga/src/terms/xc.jl:39
┌ Warning: Negative ρcore detected: Dual{ForwardDiff.Tag{DFTK.var"#1369#1370"{StaticArraysCore.SMatrix{3, 3, Float64, 9}, DFTK.var"#HF_energy#1368"{Vector{Vector{Float64}}, Float64, Vector{Matrix{ComplexF64}}, Vector{Vector{Float64}}}}, Float64}}(-2.9986570365535123e-5,-0.0002497426936532652)
└ @ DFTK ~/supporting-mgga-addfpt/DFTK-mgga/src/terms/xc.jl:39
┌ Warning: Negative τcore detected: Dual{ForwardDiff.Tag{DFTK.var"#1369#1370"{StaticArraysCore.SMatrix{3, 3, Float64, 9}, DFTK.var"#HF_energy#1368"{Vector{Vector{Float64}}, Float64, Vector{Matrix{ComplexF64}}, Vector{Vector{Float64}}}}, Float64}}(-0.00023902798982274541,-0.0001794947096180502)
└ @ DFTK ~/supporting-mgga-addfpt/DFTK-mgga/src/terms/xc.jl:45
┌ Warning: Negative τcore detected: Dual{ForwardDiff.Tag{DFTK.var"#1369#1370"{StaticArraysCore.SMatrix{3, 3, Float64, 9}, DFTK.var"#HF_energy#1368"{Vector{Vector{Float64}}, Float64, Vector{Matrix{ComplexF64}}, Vector{Vector{Float64}}}}, Float64}}(-0.00023902798982274541,-0.0001794947096180502)
└ @ DFTK ~/supporting-mgga-addfpt/DFTK-mgga/src/terms/xc.jl:45
┌ Warning: Negative τcore detected: Dual{ForwardDiff.Tag{DFTK.var"#1369#1370"{StaticArraysCore.SMatrix{3, 3, Float64, 9}, DFTK.var"#HF_energy#1368"{Vector{Vector{Float64}}, Float64, Vector{Matrix{ComplexF64}}, Vector{Vector{Float64}}}}, Float64}}(-0.00023902798982274541,-0.0001794947096180502)
└ @ DFTK ~/supporting-mgga-addfpt/DFTK-mgga/src/terms/xc.jl:45
┌ Warning: Negative τcore detected: Dual{ForwardDiff.Tag{DFTK.var"#1369#1370"{StaticArraysCore.SMatrix{3, 3, Float64, 9}, DFTK.var"#HF_energy#1368"{Vector{Vector{Float64}}, Float64, Vector{Matrix{ComplexF64}}, Vector{Vector{Float64}}}}, Float64}}(-0.00023902798982274541,-0.0001794947096180502)
└ @ DFTK ~/supporting-mgga-addfpt/DFTK-mgga/src/terms/xc.jl:45
┌ Warning: Negative ρcore detected: Dual{ForwardDiff.Tag{DFTK.var"#1369#1370"{StaticArraysCore.SMatrix{3, 3, Float64, 9}, DFTK.var"#HF_energy#1368"{Vector{Vector{Float64}}, Float64, Vector{Matrix{ComplexF64}}, Vector{Vector{Float64}}}}, Float64}}(-2.9986570365535123e-5,-0.00019689126768724478)
└ @ DFTK ~/supporting-mgga-addfpt/DFTK-mgga/src/terms/xc.jl:39
┌ Warning: Negative ρcore detected: Dual{ForwardDiff.Tag{DFTK.var"#1369#1370"{StaticArraysCore.SMatrix{3, 3, Float64, 9}, DFTK.var"#HF_energy#1368"{Vector{Vector{Float64}}, Float64, Vector{Matrix{ComplexF64}}, Vector{Vector{Float64}}}}, Float64}}(-2.9986570365535123e-5,-0.00019689126768724478)
└ @ DFTK ~/supporting-mgga-addfpt/DFTK-mgga/src/terms/xc.jl:39
┌ Warning: Negative ρcore detected: Dual{ForwardDiff.Tag{DFTK.var"#1369#1370"{StaticArraysCore.SMatrix{3, 3, Float64, 9}, DFTK.var"#HF_energy#1368"{Vector{Vector{Float64}}, Float64, Vector{Matrix{ComplexF64}}, Vector{Vector{Float64}}}}, Float64}}(-2.9986570365535123e-5,-0.00019689126768724478)
└ @ DFTK ~/supporting-mgga-addfpt/DFTK-mgga/src/terms/xc.jl:39
┌ Warning: Negative ρcore detected: Dual{ForwardDiff.Tag{DFTK.var"#1369#1370"{StaticArraysCore.SMatrix{3, 3, Float64, 9}, DFTK.var"#HF_energy#1368"{Vector{Vector{Float64}}, Float64, Vector{Matrix{ComplexF64}}, Vector{Vector{Float64}}}}, Float64}}(-2.9986570365535123e-5,-0.00019689126768724478)
└ @ DFTK ~/supporting-mgga-addfpt/DFTK-mgga/src/terms/xc.jl:39
┌ Warning: Negative τcore detected: Dual{ForwardDiff.Tag{DFTK.var"#1369#1370"{StaticArraysCore.SMatrix{3, 3, Float64, 9}, DFTK.var"#HF_energy#1368"{Vector{Vector{Float64}}, Float64, Vector{Matrix{ComplexF64}}, Vector{Vector{Float64}}}}, Float64}}(-0.00023902798982274541,-8.542096311283897e-5)
└ @ DFTK ~/supporting-mgga-addfpt/DFTK-mgga/src/terms/xc.jl:45
┌ Warning: Negative τcore detected: Dual{ForwardDiff.Tag{DFTK.var"#1369#1370"{StaticArraysCore.SMatrix{3, 3, Float64, 9}, DFTK.var"#HF_energy#1368"{Vector{Vector{Float64}}, Float64, Vector{Matrix{ComplexF64}}, Vector{Vector{Float64}}}}, Float64}}(-0.00023902798982274541,-8.542096311283897e-5)
└ @ DFTK ~/supporting-mgga-addfpt/DFTK-mgga/src/terms/xc.jl:45
┌ Warning: Negative τcore detected: Dual{ForwardDiff.Tag{DFTK.var"#1369#1370"{StaticArraysCore.SMatrix{3, 3, Float64, 9}, DFTK.var"#HF_energy#1368"{Vector{Vector{Float64}}, Float64, Vector{Matrix{ComplexF64}}, Vector{Vector{Float64}}}}, Float64}}(-0.00023902798982274541,-8.542096311283897e-5)
└ @ DFTK ~/supporting-mgga-addfpt/DFTK-mgga/src/terms/xc.jl:45
┌ Warning: Negative τcore detected: Dual{ForwardDiff.Tag{DFTK.var"#1369#1370"{StaticArraysCore.SMatrix{3, 3, Float64, 9}, DFTK.var"#HF_energy#1368"{Vector{Vector{Float64}}, Float64, Vector{Matrix{ComplexF64}}, Vector{Vector{Float64}}}}, Float64}}(-0.00023902798982274541,-8.542096311283897e-5)
└ @ DFTK ~/supporting-mgga-addfpt/DFTK-mgga/src/terms/xc.jl:45
┌ Warning: Negative ρcore detected: Dual{ForwardDiff.Tag{DFTK.var"#1369#1370"{StaticArraysCore.SMatrix{3, 3, Float64, 9}, DFTK.var"#HF_energy#1368"{Vector{Vector{Float64}}, Float64, Vector{Matrix{ComplexF64}}, Vector{Vector{Float64}}}}, Float64}}(-2.9986570365535123e-5,-3.14979781066217e-5)
└ @ DFTK ~/supporting-mgga-addfpt/DFTK-mgga/src/terms/xc.jl:39
┌ Warning: Negative ρcore detected: Dual{ForwardDiff.Tag{DFTK.var"#1369#1370"{StaticArraysCore.SMatrix{3, 3, Float64, 9}, DFTK.var"#HF_energy#1368"{Vector{Vector{Float64}}, Float64, Vector{Matrix{ComplexF64}}, Vector{Vector{Float64}}}}, Float64}}(-2.9986570365535123e-5,-3.14979781066217e-5)
└ @ DFTK ~/supporting-mgga-addfpt/DFTK-mgga/src/terms/xc.jl:39
┌ Warning: Negative ρcore detected: Dual{ForwardDiff.Tag{DFTK.var"#1369#1370"{StaticArraysCore.SMatrix{3, 3, Float64, 9}, DFTK.var"#HF_energy#1368"{Vector{Vector{Float64}}, Float64, Vector{Matrix{ComplexF64}}, Vector{Vector{Float64}}}}, Float64}}(-2.9986570365535123e-5,-3.14979781066217e-5)
└ @ DFTK ~/supporting-mgga-addfpt/DFTK-mgga/src/terms/xc.jl:39
┌ Warning: Negative ρcore detected: Dual{ForwardDiff.Tag{DFTK.var"#1369#1370"{StaticArraysCore.SMatrix{3, 3, Float64, 9}, DFTK.var"#HF_energy#1368"{Vector{Vector{Float64}}, Float64, Vector{Matrix{ComplexF64}}, Vector{Vector{Float64}}}}, Float64}}(-2.9986570365535123e-5,-3.14979781066217e-5)
└ @ DFTK ~/supporting-mgga-addfpt/DFTK-mgga/src/terms/xc.jl:39
┌ Warning: Negative τcore detected: Dual{ForwardDiff.Tag{DFTK.var"#1369#1370"{StaticArraysCore.SMatrix{3, 3, Float64, 9}, DFTK.var"#HF_energy#1368"{Vector{Vector{Float64}}, Float64, Vector{Matrix{ComplexF64}}, Vector{Vector{Float64}}}}, Float64}}(-0.00023902798982274541,-8.542096311350735e-5)
└ @ DFTK ~/supporting-mgga-addfpt/DFTK-mgga/src/terms/xc.jl:45
┌ Warning: Negative τcore detected: Dual{ForwardDiff.Tag{DFTK.var"#1369#1370"{StaticArraysCore.SMatrix{3, 3, Float64, 9}, DFTK.var"#HF_energy#1368"{Vector{Vector{Float64}}, Float64, Vector{Matrix{ComplexF64}}, Vector{Vector{Float64}}}}, Float64}}(-0.00023902798982274541,-8.542096311350735e-5)
└ @ DFTK ~/supporting-mgga-addfpt/DFTK-mgga/src/terms/xc.jl:45
┌ Warning: Negative τcore detected: Dual{ForwardDiff.Tag{DFTK.var"#1369#1370"{StaticArraysCore.SMatrix{3, 3, Float64, 9}, DFTK.var"#HF_energy#1368"{Vector{Vector{Float64}}, Float64, Vector{Matrix{ComplexF64}}, Vector{Vector{Float64}}}}, Float64}}(-0.00023902798982274541,-8.542096311350735e-5)
└ @ DFTK ~/supporting-mgga-addfpt/DFTK-mgga/src/terms/xc.jl:45
┌ Warning: Negative τcore detected: Dual{ForwardDiff.Tag{DFTK.var"#1369#1370"{StaticArraysCore.SMatrix{3, 3, Float64, 9}, DFTK.var"#HF_energy#1368"{Vector{Vector{Float64}}, Float64, Vector{Matrix{ComplexF64}}, Vector{Vector{Float64}}}}, Float64}}(-0.00023902798982274541,-8.542096311350735e-5)
└ @ DFTK ~/supporting-mgga-addfpt/DFTK-mgga/src/terms/xc.jl:45
┌ Warning: Negative ρcore detected: Dual{ForwardDiff.Tag{DFTK.var"#1369#1370"{StaticArraysCore.SMatrix{3, 3, Float64, 9}, DFTK.var"#HF_energy#1368"{Vector{Vector{Float64}}, Float64, Vector{Matrix{ComplexF64}}, Vector{Vector{Float64}}}}, Float64}}(-2.9986570365535123e-5,-5.488711032497996e-6)
└ @ DFTK ~/supporting-mgga-addfpt/DFTK-mgga/src/terms/xc.jl:39
┌ Warning: Negative ρcore detected: Dual{ForwardDiff.Tag{DFTK.var"#1369#1370"{StaticArraysCore.SMatrix{3, 3, Float64, 9}, DFTK.var"#HF_energy#1368"{Vector{Vector{Float64}}, Float64, Vector{Matrix{ComplexF64}}, Vector{Vector{Float64}}}}, Float64}}(-2.9986570365535123e-5,-5.488711032497996e-6)
└ @ DFTK ~/supporting-mgga-addfpt/DFTK-mgga/src/terms/xc.jl:39
┌ Warning: Negative ρcore detected: Dual{ForwardDiff.Tag{DFTK.var"#1369#1370"{StaticArraysCore.SMatrix{3, 3, Float64, 9}, DFTK.var"#HF_energy#1368"{Vector{Vector{Float64}}, Float64, Vector{Matrix{ComplexF64}}, Vector{Vector{Float64}}}}, Float64}}(-2.9986570365535123e-5,-5.488711032497996e-6)
└ @ DFTK ~/supporting-mgga-addfpt/DFTK-mgga/src/terms/xc.jl:39
┌ Warning: Negative ρcore detected: Dual{ForwardDiff.Tag{DFTK.var"#1369#1370"{StaticArraysCore.SMatrix{3, 3, Float64, 9}, DFTK.var"#HF_energy#1368"{Vector{Vector{Float64}}, Float64, Vector{Matrix{ComplexF64}}, Vector{Vector{Float64}}}}, Float64}}(-2.9986570365535123e-5,-5.488711032497996e-6)
└ @ DFTK ~/supporting-mgga-addfpt/DFTK-mgga/src/terms/xc.jl:39
┌ Warning: Negative τcore detected: Dual{ForwardDiff.Tag{DFTK.var"#1369#1370"{StaticArraysCore.SMatrix{3, 3, Float64, 9}, DFTK.var"#HF_energy#1368"{Vector{Vector{Float64}}, Float64, Vector{Matrix{ComplexF64}}, Vector{Vector{Float64}}}}, Float64}}(-0.00023902798982274541,-0.00010267054023319788)
└ @ DFTK ~/supporting-mgga-addfpt/DFTK-mgga/src/terms/xc.jl:45
┌ Warning: Negative τcore detected: Dual{ForwardDiff.Tag{DFTK.var"#1369#1370"{StaticArraysCore.SMatrix{3, 3, Float64, 9}, DFTK.var"#HF_energy#1368"{Vector{Vector{Float64}}, Float64, Vector{Matrix{ComplexF64}}, Vector{Vector{Float64}}}}, Float64}}(-0.00023902798982274541,-0.00010267054023319788)
└ @ DFTK ~/supporting-mgga-addfpt/DFTK-mgga/src/terms/xc.jl:45
┌ Warning: Negative τcore detected: Dual{ForwardDiff.Tag{DFTK.var"#1369#1370"{StaticArraysCore.SMatrix{3, 3, Float64, 9}, DFTK.var"#HF_energy#1368"{Vector{Vector{Float64}}, Float64, Vector{Matrix{ComplexF64}}, Vector{Vector{Float64}}}}, Float64}}(-0.00023902798982274541,-0.00010267054023319788)
└ @ DFTK ~/supporting-mgga-addfpt/DFTK-mgga/src/terms/xc.jl:45
┌ Warning: Negative τcore detected: Dual{ForwardDiff.Tag{DFTK.var"#1369#1370"{StaticArraysCore.SMatrix{3, 3, Float64, 9}, DFTK.var"#HF_energy#1368"{Vector{Vector{Float64}}, Float64, Vector{Matrix{ComplexF64}}, Vector{Vector{Float64}}}}, Float64}}(-0.00023902798982274541,-0.00010267054023319788)
└ @ DFTK ~/supporting-mgga-addfpt/DFTK-mgga/src/terms/xc.jl:45
┌ Warning: Negative ρcore detected: Dual{ForwardDiff.Tag{DFTK.var"#1369#1370"{StaticArraysCore.SMatrix{3, 3, Float64, 9}, DFTK.var"#HF_energy#1368"{Vector{Vector{Float64}}, Float64, Vector{Matrix{ComplexF64}}, Vector{Vector{Float64}}}}, Float64}}(-2.9986570365535123e-5,-9.753157875822366e-6)
└ @ DFTK ~/supporting-mgga-addfpt/DFTK-mgga/src/terms/xc.jl:39
┌ Warning: Negative ρcore detected: Dual{ForwardDiff.Tag{DFTK.var"#1369#1370"{StaticArraysCore.SMatrix{3, 3, Float64, 9}, DFTK.var"#HF_energy#1368"{Vector{Vector{Float64}}, Float64, Vector{Matrix{ComplexF64}}, Vector{Vector{Float64}}}}, Float64}}(-2.9986570365535123e-5,-9.753157875822366e-6)
└ @ DFTK ~/supporting-mgga-addfpt/DFTK-mgga/src/terms/xc.jl:39
┌ Warning: Negative ρcore detected: Dual{ForwardDiff.Tag{DFTK.var"#1369#1370"{StaticArraysCore.SMatrix{3, 3, Float64, 9}, DFTK.var"#HF_energy#1368"{Vector{Vector{Float64}}, Float64, Vector{Matrix{ComplexF64}}, Vector{Vector{Float64}}}}, Float64}}(-2.9986570365535123e-5,-9.753157875822366e-6)
└ @ DFTK ~/supporting-mgga-addfpt/DFTK-mgga/src/terms/xc.jl:39
┌ Warning: Negative ρcore detected: Dual{ForwardDiff.Tag{DFTK.var"#1369#1370"{StaticArraysCore.SMatrix{3, 3, Float64, 9}, DFTK.var"#HF_energy#1368"{Vector{Vector{Float64}}, Float64, Vector{Matrix{ComplexF64}}, Vector{Vector{Float64}}}}, Float64}}(-2.9986570365535123e-5,-9.753157875822366e-6)
└ @ DFTK ~/supporting-mgga-addfpt/DFTK-mgga/src/terms/xc.jl:39
┌ Warning: Negative τcore detected: Dual{ForwardDiff.Tag{DFTK.var"#1369#1370"{StaticArraysCore.SMatrix{3, 3, Float64, 9}, DFTK.var"#HF_energy#1368"{Vector{Vector{Float64}}, Float64, Vector{Matrix{ComplexF64}}, Vector{Vector{Float64}}}}, Float64}}(-0.00023902798982274541,-0.00015641807583787306)
└ @ DFTK ~/supporting-mgga-addfpt/DFTK-mgga/src/terms/xc.jl:45
┌ Warning: Negative τcore detected: Dual{ForwardDiff.Tag{DFTK.var"#1369#1370"{StaticArraysCore.SMatrix{3, 3, Float64, 9}, DFTK.var"#HF_energy#1368"{Vector{Vector{Float64}}, Float64, Vector{Matrix{ComplexF64}}, Vector{Vector{Float64}}}}, Float64}}(-0.00023902798982274541,-0.00015641807583787306)
└ @ DFTK ~/supporting-mgga-addfpt/DFTK-mgga/src/terms/xc.jl:45
┌ Warning: Negative τcore detected: Dual{ForwardDiff.Tag{DFTK.var"#1369#1370"{StaticArraysCore.SMatrix{3, 3, Float64, 9}, DFTK.var"#HF_energy#1368"{Vector{Vector{Float64}}, Float64, Vector{Matrix{ComplexF64}}, Vector{Vector{Float64}}}}, Float64}}(-0.00023902798982274541,-0.00015641807583787306)
└ @ DFTK ~/supporting-mgga-addfpt/DFTK-mgga/src/terms/xc.jl:45
┌ Warning: Negative τcore detected: Dual{ForwardDiff.Tag{DFTK.var"#1369#1370"{StaticArraysCore.SMatrix{3, 3, Float64, 9}, DFTK.var"#HF_energy#1368"{Vector{Vector{Float64}}, Float64, Vector{Matrix{ComplexF64}}, Vector{Vector{Float64}}}}, Float64}}(-0.00023902798982274541,-0.00015641807583787306)
└ @ DFTK ~/supporting-mgga-addfpt/DFTK-mgga/src/terms/xc.jl:45
┌ Warning: Negative ρcore detected: Dual{ForwardDiff.Tag{DFTK.var"#1369#1370"{StaticArraysCore.SMatrix{3, 3, Float64, 9}, DFTK.var"#HF_energy#1368"{Vector{Vector{Float64}}, Float64, Vector{Matrix{ComplexF64}}, Vector{Vector{Float64}}}}, Float64}}(-2.9986570365535123e-5,-0.00021602928740554643)
└ @ DFTK ~/supporting-mgga-addfpt/DFTK-mgga/src/terms/xc.jl:39
┌ Warning: Negative ρcore detected: Dual{ForwardDiff.Tag{DFTK.var"#1369#1370"{StaticArraysCore.SMatrix{3, 3, Float64, 9}, DFTK.var"#HF_energy#1368"{Vector{Vector{Float64}}, Float64, Vector{Matrix{ComplexF64}}, Vector{Vector{Float64}}}}, Float64}}(-2.9986570365535123e-5,-0.00021602928740554643)
└ @ DFTK ~/supporting-mgga-addfpt/DFTK-mgga/src/terms/xc.jl:39
┌ Warning: Negative ρcore detected: Dual{ForwardDiff.Tag{DFTK.var"#1369#1370"{StaticArraysCore.SMatrix{3, 3, Float64, 9}, DFTK.var"#HF_energy#1368"{Vector{Vector{Float64}}, Float64, Vector{Matrix{ComplexF64}}, Vector{Vector{Float64}}}}, Float64}}(-2.9986570365535123e-5,-0.00021602928740554643)
└ @ DFTK ~/supporting-mgga-addfpt/DFTK-mgga/src/terms/xc.jl:39
┌ Warning: Negative ρcore detected: Dual{ForwardDiff.Tag{DFTK.var"#1369#1370"{StaticArraysCore.SMatrix{3, 3, Float64, 9}, DFTK.var"#HF_energy#1368"{Vector{Vector{Float64}}, Float64, Vector{Matrix{ComplexF64}}, Vector{Vector{Float64}}}}, Float64}}(-2.9986570365535123e-5,-0.00021602928740554643)
└ @ DFTK ~/supporting-mgga-addfpt/DFTK-mgga/src/terms/xc.jl:39
┌ Warning: Negative τcore detected: Dual{ForwardDiff.Tag{DFTK.var"#1369#1370"{StaticArraysCore.SMatrix{3, 3, Float64, 9}, DFTK.var"#HF_energy#1368"{Vector{Vector{Float64}}, Float64, Vector{Matrix{ComplexF64}}, Vector{Vector{Float64}}}}, Float64}}(-0.00023902798982274541,-0.00015641807583806404)
└ @ DFTK ~/supporting-mgga-addfpt/DFTK-mgga/src/terms/xc.jl:45
┌ Warning: Negative τcore detected: Dual{ForwardDiff.Tag{DFTK.var"#1369#1370"{StaticArraysCore.SMatrix{3, 3, Float64, 9}, DFTK.var"#HF_energy#1368"{Vector{Vector{Float64}}, Float64, Vector{Matrix{ComplexF64}}, Vector{Vector{Float64}}}}, Float64}}(-0.00023902798982274541,-0.00015641807583806404)
└ @ DFTK ~/supporting-mgga-addfpt/DFTK-mgga/src/terms/xc.jl:45
┌ Warning: Negative τcore detected: Dual{ForwardDiff.Tag{DFTK.var"#1369#1370"{StaticArraysCore.SMatrix{3, 3, Float64, 9}, DFTK.var"#HF_energy#1368"{Vector{Vector{Float64}}, Float64, Vector{Matrix{ComplexF64}}, Vector{Vector{Float64}}}}, Float64}}(-0.00023902798982274541,-0.00015641807583806404)
└ @ DFTK ~/supporting-mgga-addfpt/DFTK-mgga/src/terms/xc.jl:45
┌ Warning: Negative τcore detected: Dual{ForwardDiff.Tag{DFTK.var"#1369#1370"{StaticArraysCore.SMatrix{3, 3, Float64, 9}, DFTK.var"#HF_energy#1368"{Vector{Vector{Float64}}, Float64, Vector{Matrix{ComplexF64}}, Vector{Vector{Float64}}}}, Float64}}(-0.00023902798982274541,-0.00015641807583806404)
└ @ DFTK ~/supporting-mgga-addfpt/DFTK-mgga/src/terms/xc.jl:45
┌ Warning: Negative ρcore detected: -2.99403383154613e-5
└ @ DFTK ~/supporting-mgga-addfpt/DFTK-mgga/src/terms/xc.jl:39
┌ Warning: Negative ρcore detected: -2.99403383154613e-5
└ @ DFTK ~/supporting-mgga-addfpt/DFTK-mgga/src/terms/xc.jl:39
┌ Warning: Negative ρcore detected: -2.99403383154613e-5
└ @ DFTK ~/supporting-mgga-addfpt/DFTK-mgga/src/terms/xc.jl:39
┌ Warning: Negative ρcore detected: -2.99403383154613e-5
└ @ DFTK ~/supporting-mgga-addfpt/DFTK-mgga/src/terms/xc.jl:39
┌ Warning: Negative τcore detected: -0.00023897486287136223
└ @ DFTK ~/supporting-mgga-addfpt/DFTK-mgga/src/terms/xc.jl:45
┌ Warning: Negative τcore detected: -0.00023897486287136223
└ @ DFTK ~/supporting-mgga-addfpt/DFTK-mgga/src/terms/xc.jl:45
┌ Warning: Negative τcore detected: -0.00023897486287136223
└ @ DFTK ~/supporting-mgga-addfpt/DFTK-mgga/src/terms/xc.jl:45
┌ Warning: Negative τcore detected: -0.00023897486287136223
└ @ DFTK ~/supporting-mgga-addfpt/DFTK-mgga/src/terms/xc.jl:45
n     Energy            log10(ΔE)   log10(Δρ)   Diag   Δtime 
---   ---------------   ---------   ---------   ----   ------
  1   -11.73641433934                   -0.73    8.4    3.35s
  2   -11.74243850825       -2.22       -1.57    2.8    1.39s
  3   -11.74258515464       -3.83       -2.25    3.0    1.43s
  4   -11.74258725548       -5.68       -3.91    2.8    2.13s
  5   -11.74258730815       -7.28       -4.46    5.0    2.16s
  6   -11.74258730828       -9.88       -5.21    3.3    1.86s
  7   -11.74258730828      -11.32       -6.90    3.5    1.89s
  8   -11.74258730828      -13.22       -7.61    5.2    2.16s
  9   -11.74258730828   +    -Inf       -8.38    3.5    1.88s
 10   -11.74258730828   +  -14.75       -9.13    3.7    1.71s
 11   -11.74258730828      -14.75      -10.27    3.5    1.61s
 12   -11.74258730828   +    -Inf      -10.94    4.2    2.69s
 13   -11.74258730828   +    -Inf      -11.91    3.0    1.46s
 14   -11.74258730828   +    -Inf      -13.00    3.7    2.02s
┌ Warning: Negative ρcore detected: Dual{ForwardDiff.Tag{DFTK.var"#1369#1370"{StaticArraysCore.SMatrix{3, 3, Float64, 9}, DFTK.var"#HF_energy#1368"{Vector{Vector{Float64}}, Float64, Vector{Matrix{ComplexF64}}, Vector{Vector{Float64}}}}, Float64}}(-2.9940338315458277e-5,-0.0001974067055792127)
└ @ DFTK ~/supporting-mgga-addfpt/DFTK-mgga/src/terms/xc.jl:39
┌ Warning: Negative ρcore detected: Dual{ForwardDiff.Tag{DFTK.var"#1369#1370"{StaticArraysCore.SMatrix{3, 3, Float64, 9}, DFTK.var"#HF_energy#1368"{Vector{Vector{Float64}}, Float64, Vector{Matrix{ComplexF64}}, Vector{Vector{Float64}}}}, Float64}}(-2.9940338315458277e-5,-0.0001974067055792127)
└ @ DFTK ~/supporting-mgga-addfpt/DFTK-mgga/src/terms/xc.jl:39
┌ Warning: Negative ρcore detected: Dual{ForwardDiff.Tag{DFTK.var"#1369#1370"{StaticArraysCore.SMatrix{3, 3, Float64, 9}, DFTK.var"#HF_energy#1368"{Vector{Vector{Float64}}, Float64, Vector{Matrix{ComplexF64}}, Vector{Vector{Float64}}}}, Float64}}(-2.9940338315458277e-5,-0.0001974067055792127)
└ @ DFTK ~/supporting-mgga-addfpt/DFTK-mgga/src/terms/xc.jl:39
┌ Warning: Negative ρcore detected: Dual{ForwardDiff.Tag{DFTK.var"#1369#1370"{StaticArraysCore.SMatrix{3, 3, Float64, 9}, DFTK.var"#HF_energy#1368"{Vector{Vector{Float64}}, Float64, Vector{Matrix{ComplexF64}}, Vector{Vector{Float64}}}}, Float64}}(-2.9940338315458277e-5,-0.0001974067055792127)
└ @ DFTK ~/supporting-mgga-addfpt/DFTK-mgga/src/terms/xc.jl:39
┌ Warning: Negative τcore detected: Dual{ForwardDiff.Tag{DFTK.var"#1369#1370"{StaticArraysCore.SMatrix{3, 3, Float64, 9}, DFTK.var"#HF_energy#1368"{Vector{Vector{Float64}}, Float64, Vector{Matrix{ComplexF64}}, Vector{Vector{Float64}}}}, Float64}}(-0.00023897486287136223,-9.19019788850648e-5)
└ @ DFTK ~/supporting-mgga-addfpt/DFTK-mgga/src/terms/xc.jl:45
┌ Warning: Negative τcore detected: Dual{ForwardDiff.Tag{DFTK.var"#1369#1370"{StaticArraysCore.SMatrix{3, 3, Float64, 9}, DFTK.var"#HF_energy#1368"{Vector{Vector{Float64}}, Float64, Vector{Matrix{ComplexF64}}, Vector{Vector{Float64}}}}, Float64}}(-0.00023897486287136223,-9.19019788850648e-5)
└ @ DFTK ~/supporting-mgga-addfpt/DFTK-mgga/src/terms/xc.jl:45
┌ Warning: Negative τcore detected: Dual{ForwardDiff.Tag{DFTK.var"#1369#1370"{StaticArraysCore.SMatrix{3, 3, Float64, 9}, DFTK.var"#HF_energy#1368"{Vector{Vector{Float64}}, Float64, Vector{Matrix{ComplexF64}}, Vector{Vector{Float64}}}}, Float64}}(-0.00023897486287136223,-9.19019788850648e-5)
└ @ DFTK ~/supporting-mgga-addfpt/DFTK-mgga/src/terms/xc.jl:45
┌ Warning: Negative τcore detected: Dual{ForwardDiff.Tag{DFTK.var"#1369#1370"{StaticArraysCore.SMatrix{3, 3, Float64, 9}, DFTK.var"#HF_energy#1368"{Vector{Vector{Float64}}, Float64, Vector{Matrix{ComplexF64}}, Vector{Vector{Float64}}}}, Float64}}(-0.00023897486287136223,-9.19019788850648e-5)
└ @ DFTK ~/supporting-mgga-addfpt/DFTK-mgga/src/terms/xc.jl:45
┌ Warning: Negative ρcore detected: Dual{ForwardDiff.Tag{DFTK.var"#1369#1370"{StaticArraysCore.SMatrix{3, 3, Float64, 9}, DFTK.var"#HF_energy#1368"{Vector{Vector{Float64}}, Float64, Vector{Matrix{ComplexF64}}, Vector{Vector{Float64}}}}, Float64}}(-2.9940338315458277e-5,-3.1504885370390035e-5)
└ @ DFTK ~/supporting-mgga-addfpt/DFTK-mgga/src/terms/xc.jl:39
┌ Warning: Negative ρcore detected: Dual{ForwardDiff.Tag{DFTK.var"#1369#1370"{StaticArraysCore.SMatrix{3, 3, Float64, 9}, DFTK.var"#HF_energy#1368"{Vector{Vector{Float64}}, Float64, Vector{Matrix{ComplexF64}}, Vector{Vector{Float64}}}}, Float64}}(-2.9940338315458277e-5,-3.1504885370390035e-5)
└ @ DFTK ~/supporting-mgga-addfpt/DFTK-mgga/src/terms/xc.jl:39
┌ Warning: Negative ρcore detected: Dual{ForwardDiff.Tag{DFTK.var"#1369#1370"{StaticArraysCore.SMatrix{3, 3, Float64, 9}, DFTK.var"#HF_energy#1368"{Vector{Vector{Float64}}, Float64, Vector{Matrix{ComplexF64}}, Vector{Vector{Float64}}}}, Float64}}(-2.9940338315458277e-5,-3.1504885370390035e-5)
└ @ DFTK ~/supporting-mgga-addfpt/DFTK-mgga/src/terms/xc.jl:39
┌ Warning: Negative ρcore detected: Dual{ForwardDiff.Tag{DFTK.var"#1369#1370"{StaticArraysCore.SMatrix{3, 3, Float64, 9}, DFTK.var"#HF_energy#1368"{Vector{Vector{Float64}}, Float64, Vector{Matrix{ComplexF64}}, Vector{Vector{Float64}}}}, Float64}}(-2.9940338315458277e-5,-3.1504885370390035e-5)
└ @ DFTK ~/supporting-mgga-addfpt/DFTK-mgga/src/terms/xc.jl:39
┌ Warning: Negative τcore detected: Dual{ForwardDiff.Tag{DFTK.var"#1369#1370"{StaticArraysCore.SMatrix{3, 3, Float64, 9}, DFTK.var"#HF_energy#1368"{Vector{Vector{Float64}}, Float64, Vector{Matrix{ComplexF64}}, Vector{Vector{Float64}}}}, Float64}}(-0.00023897486287136223,-9.181415710599969e-5)
└ @ DFTK ~/supporting-mgga-addfpt/DFTK-mgga/src/terms/xc.jl:45
┌ Warning: Negative τcore detected: Dual{ForwardDiff.Tag{DFTK.var"#1369#1370"{StaticArraysCore.SMatrix{3, 3, Float64, 9}, DFTK.var"#HF_energy#1368"{Vector{Vector{Float64}}, Float64, Vector{Matrix{ComplexF64}}, Vector{Vector{Float64}}}}, Float64}}(-0.00023897486287136223,-9.181415710599969e-5)
└ @ DFTK ~/supporting-mgga-addfpt/DFTK-mgga/src/terms/xc.jl:45
┌ Warning: Negative τcore detected: Dual{ForwardDiff.Tag{DFTK.var"#1369#1370"{StaticArraysCore.SMatrix{3, 3, Float64, 9}, DFTK.var"#HF_energy#1368"{Vector{Vector{Float64}}, Float64, Vector{Matrix{ComplexF64}}, Vector{Vector{Float64}}}}, Float64}}(-0.00023897486287136223,-9.181415710599969e-5)
└ @ DFTK ~/supporting-mgga-addfpt/DFTK-mgga/src/terms/xc.jl:45
┌ Warning: Negative τcore detected: Dual{ForwardDiff.Tag{DFTK.var"#1369#1370"{StaticArraysCore.SMatrix{3, 3, Float64, 9}, DFTK.var"#HF_energy#1368"{Vector{Vector{Float64}}, Float64, Vector{Matrix{ComplexF64}}, Vector{Vector{Float64}}}}, Float64}}(-0.00023897486287136223,-9.181415710599969e-5)
└ @ DFTK ~/supporting-mgga-addfpt/DFTK-mgga/src/terms/xc.jl:45
┌ Warning: Negative ρcore detected: Dual{ForwardDiff.Tag{DFTK.var"#1369#1370"{StaticArraysCore.SMatrix{3, 3, Float64, 9}, DFTK.var"#HF_energy#1368"{Vector{Vector{Float64}}, Float64, Vector{Matrix{ComplexF64}}, Vector{Vector{Float64}}}}, Float64}}(-2.9940338315458277e-5,-0.0002501010138964716)
└ @ DFTK ~/supporting-mgga-addfpt/DFTK-mgga/src/terms/xc.jl:39
┌ Warning: Negative ρcore detected: Dual{ForwardDiff.Tag{DFTK.var"#1369#1370"{StaticArraysCore.SMatrix{3, 3, Float64, 9}, DFTK.var"#HF_energy#1368"{Vector{Vector{Float64}}, Float64, Vector{Matrix{ComplexF64}}, Vector{Vector{Float64}}}}, Float64}}(-2.9940338315458277e-5,-0.0002501010138964716)
└ @ DFTK ~/supporting-mgga-addfpt/DFTK-mgga/src/terms/xc.jl:39
┌ Warning: Negative ρcore detected: Dual{ForwardDiff.Tag{DFTK.var"#1369#1370"{StaticArraysCore.SMatrix{3, 3, Float64, 9}, DFTK.var"#HF_energy#1368"{Vector{Vector{Float64}}, Float64, Vector{Matrix{ComplexF64}}, Vector{Vector{Float64}}}}, Float64}}(-2.9940338315458277e-5,-0.0002501010138964716)
└ @ DFTK ~/supporting-mgga-addfpt/DFTK-mgga/src/terms/xc.jl:39
┌ Warning: Negative ρcore detected: Dual{ForwardDiff.Tag{DFTK.var"#1369#1370"{StaticArraysCore.SMatrix{3, 3, Float64, 9}, DFTK.var"#HF_energy#1368"{Vector{Vector{Float64}}, Float64, Vector{Matrix{ComplexF64}}, Vector{Vector{Float64}}}}, Float64}}(-2.9940338315458277e-5,-0.0002501010138964716)
└ @ DFTK ~/supporting-mgga-addfpt/DFTK-mgga/src/terms/xc.jl:39
┌ Warning: Negative τcore detected: Dual{ForwardDiff.Tag{DFTK.var"#1369#1370"{StaticArraysCore.SMatrix{3, 3, Float64, 9}, DFTK.var"#HF_energy#1368"{Vector{Vector{Float64}}, Float64, Vector{Matrix{ComplexF64}}, Vector{Vector{Float64}}}}, Float64}}(-0.00023897486287136223,-0.00018069998580613354)
└ @ DFTK ~/supporting-mgga-addfpt/DFTK-mgga/src/terms/xc.jl:45
┌ Warning: Negative τcore detected: Dual{ForwardDiff.Tag{DFTK.var"#1369#1370"{StaticArraysCore.SMatrix{3, 3, Float64, 9}, DFTK.var"#HF_energy#1368"{Vector{Vector{Float64}}, Float64, Vector{Matrix{ComplexF64}}, Vector{Vector{Float64}}}}, Float64}}(-0.00023897486287136223,-0.00018069998580613354)
└ @ DFTK ~/supporting-mgga-addfpt/DFTK-mgga/src/terms/xc.jl:45
┌ Warning: Negative τcore detected: Dual{ForwardDiff.Tag{DFTK.var"#1369#1370"{StaticArraysCore.SMatrix{3, 3, Float64, 9}, DFTK.var"#HF_energy#1368"{Vector{Vector{Float64}}, Float64, Vector{Matrix{ComplexF64}}, Vector{Vector{Float64}}}}, Float64}}(-0.00023897486287136223,-0.00018069998580613354)
└ @ DFTK ~/supporting-mgga-addfpt/DFTK-mgga/src/terms/xc.jl:45
┌ Warning: Negative τcore detected: Dual{ForwardDiff.Tag{DFTK.var"#1369#1370"{StaticArraysCore.SMatrix{3, 3, Float64, 9}, DFTK.var"#HF_energy#1368"{Vector{Vector{Float64}}, Float64, Vector{Matrix{ComplexF64}}, Vector{Vector{Float64}}}}, Float64}}(-0.00023897486287136223,-0.00018069998580613354)
└ @ DFTK ~/supporting-mgga-addfpt/DFTK-mgga/src/terms/xc.jl:45
┌ Warning: Negative ρcore detected: Dual{ForwardDiff.Tag{DFTK.var"#1369#1370"{StaticArraysCore.SMatrix{3, 3, Float64, 9}, DFTK.var"#HF_energy#1368"{Vector{Vector{Float64}}, Float64, Vector{Matrix{ComplexF64}}, Vector{Vector{Float64}}}}, Float64}}(-2.9940338315458277e-5,-9.759744280367034e-6)
└ @ DFTK ~/supporting-mgga-addfpt/DFTK-mgga/src/terms/xc.jl:39
┌ Warning: Negative ρcore detected: Dual{ForwardDiff.Tag{DFTK.var"#1369#1370"{StaticArraysCore.SMatrix{3, 3, Float64, 9}, DFTK.var"#HF_energy#1368"{Vector{Vector{Float64}}, Float64, Vector{Matrix{ComplexF64}}, Vector{Vector{Float64}}}}, Float64}}(-2.9940338315458277e-5,-9.759744280367034e-6)
└ @ DFTK ~/supporting-mgga-addfpt/DFTK-mgga/src/terms/xc.jl:39
┌ Warning: Negative ρcore detected: Dual{ForwardDiff.Tag{DFTK.var"#1369#1370"{StaticArraysCore.SMatrix{3, 3, Float64, 9}, DFTK.var"#HF_energy#1368"{Vector{Vector{Float64}}, Float64, Vector{Matrix{ComplexF64}}, Vector{Vector{Float64}}}}, Float64}}(-2.9940338315458277e-5,-9.759744280367034e-6)
└ @ DFTK ~/supporting-mgga-addfpt/DFTK-mgga/src/terms/xc.jl:39
┌ Warning: Negative ρcore detected: Dual{ForwardDiff.Tag{DFTK.var"#1369#1370"{StaticArraysCore.SMatrix{3, 3, Float64, 9}, DFTK.var"#HF_energy#1368"{Vector{Vector{Float64}}, Float64, Vector{Matrix{ComplexF64}}, Vector{Vector{Float64}}}}, Float64}}(-2.9940338315458277e-5,-9.759744280367034e-6)
└ @ DFTK ~/supporting-mgga-addfpt/DFTK-mgga/src/terms/xc.jl:39
┌ Warning: Negative τcore detected: Dual{ForwardDiff.Tag{DFTK.var"#1369#1370"{StaticArraysCore.SMatrix{3, 3, Float64, 9}, DFTK.var"#HF_energy#1368"{Vector{Vector{Float64}}, Float64, Vector{Matrix{ComplexF64}}, Vector{Vector{Float64}}}}, Float64}}(-0.00023897486287136223,-0.00015696202346399655)
└ @ DFTK ~/supporting-mgga-addfpt/DFTK-mgga/src/terms/xc.jl:45
┌ Warning: Negative τcore detected: Dual{ForwardDiff.Tag{DFTK.var"#1369#1370"{StaticArraysCore.SMatrix{3, 3, Float64, 9}, DFTK.var"#HF_energy#1368"{Vector{Vector{Float64}}, Float64, Vector{Matrix{ComplexF64}}, Vector{Vector{Float64}}}}, Float64}}(-0.00023897486287136223,-0.00015696202346399655)
└ @ DFTK ~/supporting-mgga-addfpt/DFTK-mgga/src/terms/xc.jl:45
┌ Warning: Negative τcore detected: Dual{ForwardDiff.Tag{DFTK.var"#1369#1370"{StaticArraysCore.SMatrix{3, 3, Float64, 9}, DFTK.var"#HF_energy#1368"{Vector{Vector{Float64}}, Float64, Vector{Matrix{ComplexF64}}, Vector{Vector{Float64}}}}, Float64}}(-0.00023897486287136223,-0.00015696202346399655)
└ @ DFTK ~/supporting-mgga-addfpt/DFTK-mgga/src/terms/xc.jl:45
┌ Warning: Negative τcore detected: Dual{ForwardDiff.Tag{DFTK.var"#1369#1370"{StaticArraysCore.SMatrix{3, 3, Float64, 9}, DFTK.var"#HF_energy#1368"{Vector{Vector{Float64}}, Float64, Vector{Matrix{ComplexF64}}, Vector{Vector{Float64}}}}, Float64}}(-0.00023897486287136223,-0.00015696202346399655)
└ @ DFTK ~/supporting-mgga-addfpt/DFTK-mgga/src/terms/xc.jl:45
┌ Warning: Negative ρcore detected: Dual{ForwardDiff.Tag{DFTK.var"#1369#1370"{StaticArraysCore.SMatrix{3, 3, Float64, 9}, DFTK.var"#HF_energy#1368"{Vector{Vector{Float64}}, Float64, Vector{Matrix{ComplexF64}}, Vector{Vector{Float64}}}}, Float64}}(-2.9940338315458277e-5,-0.00021641138288397996)
└ @ DFTK ~/supporting-mgga-addfpt/DFTK-mgga/src/terms/xc.jl:39
┌ Warning: Negative ρcore detected: Dual{ForwardDiff.Tag{DFTK.var"#1369#1370"{StaticArraysCore.SMatrix{3, 3, Float64, 9}, DFTK.var"#HF_energy#1368"{Vector{Vector{Float64}}, Float64, Vector{Matrix{ComplexF64}}, Vector{Vector{Float64}}}}, Float64}}(-2.9940338315458277e-5,-0.00021641138288397996)
└ @ DFTK ~/supporting-mgga-addfpt/DFTK-mgga/src/terms/xc.jl:39
┌ Warning: Negative ρcore detected: Dual{ForwardDiff.Tag{DFTK.var"#1369#1370"{StaticArraysCore.SMatrix{3, 3, Float64, 9}, DFTK.var"#HF_energy#1368"{Vector{Vector{Float64}}, Float64, Vector{Matrix{ComplexF64}}, Vector{Vector{Float64}}}}, Float64}}(-2.9940338315458277e-5,-0.00021641138288397996)
└ @ DFTK ~/supporting-mgga-addfpt/DFTK-mgga/src/terms/xc.jl:39
┌ Warning: Negative ρcore detected: Dual{ForwardDiff.Tag{DFTK.var"#1369#1370"{StaticArraysCore.SMatrix{3, 3, Float64, 9}, DFTK.var"#HF_energy#1368"{Vector{Vector{Float64}}, Float64, Vector{Matrix{ComplexF64}}, Vector{Vector{Float64}}}}, Float64}}(-2.9940338315458277e-5,-0.00021641138288397996)
└ @ DFTK ~/supporting-mgga-addfpt/DFTK-mgga/src/terms/xc.jl:39
┌ Warning: Negative τcore detected: Dual{ForwardDiff.Tag{DFTK.var"#1369#1370"{StaticArraysCore.SMatrix{3, 3, Float64, 9}, DFTK.var"#HF_energy#1368"{Vector{Vector{Float64}}, Float64, Vector{Matrix{ComplexF64}}, Vector{Vector{Float64}}}}, Float64}}(-0.00023897486287136223,-0.00015698558956948452)
└ @ DFTK ~/supporting-mgga-addfpt/DFTK-mgga/src/terms/xc.jl:45
┌ Warning: Negative τcore detected: Dual{ForwardDiff.Tag{DFTK.var"#1369#1370"{StaticArraysCore.SMatrix{3, 3, Float64, 9}, DFTK.var"#HF_energy#1368"{Vector{Vector{Float64}}, Float64, Vector{Matrix{ComplexF64}}, Vector{Vector{Float64}}}}, Float64}}(-0.00023897486287136223,-0.00015698558956948452)
└ @ DFTK ~/supporting-mgga-addfpt/DFTK-mgga/src/terms/xc.jl:45
┌ Warning: Negative τcore detected: Dual{ForwardDiff.Tag{DFTK.var"#1369#1370"{StaticArraysCore.SMatrix{3, 3, Float64, 9}, DFTK.var"#HF_energy#1368"{Vector{Vector{Float64}}, Float64, Vector{Matrix{ComplexF64}}, Vector{Vector{Float64}}}}, Float64}}(-0.00023897486287136223,-0.00015698558956948452)
└ @ DFTK ~/supporting-mgga-addfpt/DFTK-mgga/src/terms/xc.jl:45
┌ Warning: Negative τcore detected: Dual{ForwardDiff.Tag{DFTK.var"#1369#1370"{StaticArraysCore.SMatrix{3, 3, Float64, 9}, DFTK.var"#HF_energy#1368"{Vector{Vector{Float64}}, Float64, Vector{Matrix{ComplexF64}}, Vector{Vector{Float64}}}}, Float64}}(-0.00023897486287136223,-0.00015698558956948452)
└ @ DFTK ~/supporting-mgga-addfpt/DFTK-mgga/src/terms/xc.jl:45
┌ Warning: Negative ρcore detected: Dual{ForwardDiff.Tag{DFTK.var"#1369#1370"{StaticArraysCore.SMatrix{3, 3, Float64, 9}, DFTK.var"#HF_energy#1368"{Vector{Vector{Float64}}, Float64, Vector{Matrix{ComplexF64}}, Vector{Vector{Float64}}}}, Float64}}(-2.9940338315458277e-5,-5.501274086217783e-6)
└ @ DFTK ~/supporting-mgga-addfpt/DFTK-mgga/src/terms/xc.jl:39
┌ Warning: Negative ρcore detected: Dual{ForwardDiff.Tag{DFTK.var"#1369#1370"{StaticArraysCore.SMatrix{3, 3, Float64, 9}, DFTK.var"#HF_energy#1368"{Vector{Vector{Float64}}, Float64, Vector{Matrix{ComplexF64}}, Vector{Vector{Float64}}}}, Float64}}(-2.9940338315458277e-5,-5.501274086217783e-6)
└ @ DFTK ~/supporting-mgga-addfpt/DFTK-mgga/src/terms/xc.jl:39
┌ Warning: Negative ρcore detected: Dual{ForwardDiff.Tag{DFTK.var"#1369#1370"{StaticArraysCore.SMatrix{3, 3, Float64, 9}, DFTK.var"#HF_energy#1368"{Vector{Vector{Float64}}, Float64, Vector{Matrix{ComplexF64}}, Vector{Vector{Float64}}}}, Float64}}(-2.9940338315458277e-5,-5.501274086217783e-6)
└ @ DFTK ~/supporting-mgga-addfpt/DFTK-mgga/src/terms/xc.jl:39
┌ Warning: Negative ρcore detected: Dual{ForwardDiff.Tag{DFTK.var"#1369#1370"{StaticArraysCore.SMatrix{3, 3, Float64, 9}, DFTK.var"#HF_energy#1368"{Vector{Vector{Float64}}, Float64, Vector{Matrix{ComplexF64}}, Vector{Vector{Float64}}}}, Float64}}(-2.9940338315458277e-5,-5.501274086217783e-6)
└ @ DFTK ~/supporting-mgga-addfpt/DFTK-mgga/src/terms/xc.jl:39
┌ Warning: Negative τcore detected: Dual{ForwardDiff.Tag{DFTK.var"#1369#1370"{StaticArraysCore.SMatrix{3, 3, Float64, 9}, DFTK.var"#HF_energy#1368"{Vector{Vector{Float64}}, Float64, Vector{Matrix{ComplexF64}}, Vector{Vector{Float64}}}}, Float64}}(-0.00023897486287136223,-0.00010897618701329982)
└ @ DFTK ~/supporting-mgga-addfpt/DFTK-mgga/src/terms/xc.jl:45
┌ Warning: Negative τcore detected: Dual{ForwardDiff.Tag{DFTK.var"#1369#1370"{StaticArraysCore.SMatrix{3, 3, Float64, 9}, DFTK.var"#HF_energy#1368"{Vector{Vector{Float64}}, Float64, Vector{Matrix{ComplexF64}}, Vector{Vector{Float64}}}}, Float64}}(-0.00023897486287136223,-0.00010897618701329982)
└ @ DFTK ~/supporting-mgga-addfpt/DFTK-mgga/src/terms/xc.jl:45
┌ Warning: Negative τcore detected: Dual{ForwardDiff.Tag{DFTK.var"#1369#1370"{StaticArraysCore.SMatrix{3, 3, Float64, 9}, DFTK.var"#HF_energy#1368"{Vector{Vector{Float64}}, Float64, Vector{Matrix{ComplexF64}}, Vector{Vector{Float64}}}}, Float64}}(-0.00023897486287136223,-0.00010897618701329982)
└ @ DFTK ~/supporting-mgga-addfpt/DFTK-mgga/src/terms/xc.jl:45
┌ Warning: Negative τcore detected: Dual{ForwardDiff.Tag{DFTK.var"#1369#1370"{StaticArraysCore.SMatrix{3, 3, Float64, 9}, DFTK.var"#HF_energy#1368"{Vector{Vector{Float64}}, Float64, Vector{Matrix{ComplexF64}}, Vector{Vector{Float64}}}}, Float64}}(-0.00023897486287136223,-0.00010897618701329982)
└ @ DFTK ~/supporting-mgga-addfpt/DFTK-mgga/src/terms/xc.jl:45
h: 0.0001
scf_tol: 1.0e-12
Ecut: 55
C11: 1110.6091530149786
C12: 114.40451064266327
C44: 584.5542454685567
all three: [1110.6091530149786, 114.40451064266327, 584.5542454685567]
stress_mh: [-3.8191677366513985e-6, -4.329608013174251e-7, -4.3296080131743187e-7, -2.0079845797838317e-6, 0.0, -1.6940658945086007e-21]
stress_ph: [3.7305998476277856e-6, 3.447452563001759e-7, 3.4474525630018266e-7, 1.965734420920069e-6, 0.0, 1.6940658945086007e-21]
dstress: [0.03774883792139592, 0.0038885302880880047, 0.0038885302880880723, 0.019868595003519503, 0.0, 1.6940658945086007e-17]
Computing for h=1.0e-5
┌ Warning: Negative ρcore detected: -2.9963594378009546e-5
└ @ DFTK ~/supporting-mgga-addfpt/DFTK-mgga/src/terms/xc.jl:39
┌ Warning: Negative ρcore detected: -2.9963594378009546e-5
└ @ DFTK ~/supporting-mgga-addfpt/DFTK-mgga/src/terms/xc.jl:39
┌ Warning: Negative ρcore detected: -2.9963594378009546e-5
└ @ DFTK ~/supporting-mgga-addfpt/DFTK-mgga/src/terms/xc.jl:39
┌ Warning: Negative ρcore detected: -2.9963594378009546e-5
└ @ DFTK ~/supporting-mgga-addfpt/DFTK-mgga/src/terms/xc.jl:39
┌ Warning: Negative τcore detected: -0.00023900243278761747
└ @ DFTK ~/supporting-mgga-addfpt/DFTK-mgga/src/terms/xc.jl:45
┌ Warning: Negative τcore detected: -0.00023900243278761747
└ @ DFTK ~/supporting-mgga-addfpt/DFTK-mgga/src/terms/xc.jl:45
┌ Warning: Negative τcore detected: -0.00023900243278761747
└ @ DFTK ~/supporting-mgga-addfpt/DFTK-mgga/src/terms/xc.jl:45
┌ Warning: Negative τcore detected: -0.00023900243278761747
└ @ DFTK ~/supporting-mgga-addfpt/DFTK-mgga/src/terms/xc.jl:45
n     Energy            log10(ΔE)   log10(Δρ)   Diag   Δtime 
---   ---------------   ---------   ---------   ----   ------
  1   -11.73641223402                   -0.73    8.5    3.62s
  2   -11.74242078813       -2.22       -1.58    2.7    1.32s
  3   -11.74258487452       -3.78       -2.25    2.9    2.02s
  4   -11.74258728305       -5.62       -3.92    2.7    1.75s
  5   -11.74258733039       -7.32       -4.49    5.2    2.42s
  6   -11.74258733050       -9.96       -5.23    3.4    1.71s
  7   -11.74258733051      -11.39       -6.87    3.5    1.91s
  8   -11.74258733051      -13.27       -7.53    4.9    2.44s
  9   -11.74258733051   +  -14.15       -8.56    2.7    2.02s
 10   -11.74258733051   +    -Inf       -9.13    4.0    1.84s
 11   -11.74258733051      -14.27       -9.92    3.3    2.06s
 12   -11.74258733051      -14.75      -10.76    3.2    1.82s
 13   -11.74258733051   +  -14.45      -12.02    3.6    1.98s
┌ Warning: Negative ρcore detected: Dual{ForwardDiff.Tag{DFTK.var"#1369#1370"{StaticArraysCore.SMatrix{3, 3, Float64, 9}, DFTK.var"#HF_energy#1368"{Vector{Vector{Float64}}, Float64, Vector{Matrix{ComplexF64}}, Vector{Vector{Float64}}}}, Float64}}(-2.996359437800724e-5,-0.00024988808663958757)
└ @ DFTK ~/supporting-mgga-addfpt/DFTK-mgga/src/terms/xc.jl:39
┌ Warning: Negative ρcore detected: Dual{ForwardDiff.Tag{DFTK.var"#1369#1370"{StaticArraysCore.SMatrix{3, 3, Float64, 9}, DFTK.var"#HF_energy#1368"{Vector{Vector{Float64}}, Float64, Vector{Matrix{ComplexF64}}, Vector{Vector{Float64}}}}, Float64}}(-2.996359437800724e-5,-0.00024988808663958757)
└ @ DFTK ~/supporting-mgga-addfpt/DFTK-mgga/src/terms/xc.jl:39
┌ Warning: Negative ρcore detected: Dual{ForwardDiff.Tag{DFTK.var"#1369#1370"{StaticArraysCore.SMatrix{3, 3, Float64, 9}, DFTK.var"#HF_energy#1368"{Vector{Vector{Float64}}, Float64, Vector{Matrix{ComplexF64}}, Vector{Vector{Float64}}}}, Float64}}(-2.996359437800724e-5,-0.00024988808663958757)
└ @ DFTK ~/supporting-mgga-addfpt/DFTK-mgga/src/terms/xc.jl:39
┌ Warning: Negative ρcore detected: Dual{ForwardDiff.Tag{DFTK.var"#1369#1370"{StaticArraysCore.SMatrix{3, 3, Float64, 9}, DFTK.var"#HF_energy#1368"{Vector{Vector{Float64}}, Float64, Vector{Matrix{ComplexF64}}, Vector{Vector{Float64}}}}, Float64}}(-2.996359437800724e-5,-0.00024988808663958757)
└ @ DFTK ~/supporting-mgga-addfpt/DFTK-mgga/src/terms/xc.jl:39
┌ Warning: Negative τcore detected: Dual{ForwardDiff.Tag{DFTK.var"#1369#1370"{StaticArraysCore.SMatrix{3, 3, Float64, 9}, DFTK.var"#HF_energy#1368"{Vector{Vector{Float64}}, Float64, Vector{Matrix{ComplexF64}}, Vector{Vector{Float64}}}}, Float64}}(-0.0002390024327876111,-0.0001803240873546084)
└ @ DFTK ~/supporting-mgga-addfpt/DFTK-mgga/src/terms/xc.jl:45
┌ Warning: Negative τcore detected: Dual{ForwardDiff.Tag{DFTK.var"#1369#1370"{StaticArraysCore.SMatrix{3, 3, Float64, 9}, DFTK.var"#HF_energy#1368"{Vector{Vector{Float64}}, Float64, Vector{Matrix{ComplexF64}}, Vector{Vector{Float64}}}}, Float64}}(-0.0002390024327876111,-0.0001803240873546084)
└ @ DFTK ~/supporting-mgga-addfpt/DFTK-mgga/src/terms/xc.jl:45
┌ Warning: Negative τcore detected: Dual{ForwardDiff.Tag{DFTK.var"#1369#1370"{StaticArraysCore.SMatrix{3, 3, Float64, 9}, DFTK.var"#HF_energy#1368"{Vector{Vector{Float64}}, Float64, Vector{Matrix{ComplexF64}}, Vector{Vector{Float64}}}}, Float64}}(-0.0002390024327876111,-0.0001803240873546084)
└ @ DFTK ~/supporting-mgga-addfpt/DFTK-mgga/src/terms/xc.jl:45
┌ Warning: Negative τcore detected: Dual{ForwardDiff.Tag{DFTK.var"#1369#1370"{StaticArraysCore.SMatrix{3, 3, Float64, 9}, DFTK.var"#HF_energy#1368"{Vector{Vector{Float64}}, Float64, Vector{Matrix{ComplexF64}}, Vector{Vector{Float64}}}}, Float64}}(-0.0002390024327876111,-0.0001803240873546084)
└ @ DFTK ~/supporting-mgga-addfpt/DFTK-mgga/src/terms/xc.jl:45
┌ Warning: Negative ρcore detected: Dual{ForwardDiff.Tag{DFTK.var"#1369#1370"{StaticArraysCore.SMatrix{3, 3, Float64, 9}, DFTK.var"#HF_energy#1368"{Vector{Vector{Float64}}, Float64, Vector{Matrix{ComplexF64}}, Vector{Vector{Float64}}}}, Float64}}(-2.996359437800724e-5,-0.000197073565396039)
└ @ DFTK ~/supporting-mgga-addfpt/DFTK-mgga/src/terms/xc.jl:39
┌ Warning: Negative ρcore detected: Dual{ForwardDiff.Tag{DFTK.var"#1369#1370"{StaticArraysCore.SMatrix{3, 3, Float64, 9}, DFTK.var"#HF_energy#1368"{Vector{Vector{Float64}}, Float64, Vector{Matrix{ComplexF64}}, Vector{Vector{Float64}}}}, Float64}}(-2.996359437800724e-5,-0.000197073565396039)
└ @ DFTK ~/supporting-mgga-addfpt/DFTK-mgga/src/terms/xc.jl:39
┌ Warning: Negative ρcore detected: Dual{ForwardDiff.Tag{DFTK.var"#1369#1370"{StaticArraysCore.SMatrix{3, 3, Float64, 9}, DFTK.var"#HF_energy#1368"{Vector{Vector{Float64}}, Float64, Vector{Matrix{ComplexF64}}, Vector{Vector{Float64}}}}, Float64}}(-2.996359437800724e-5,-0.000197073565396039)
└ @ DFTK ~/supporting-mgga-addfpt/DFTK-mgga/src/terms/xc.jl:39
┌ Warning: Negative ρcore detected: Dual{ForwardDiff.Tag{DFTK.var"#1369#1370"{StaticArraysCore.SMatrix{3, 3, Float64, 9}, DFTK.var"#HF_energy#1368"{Vector{Vector{Float64}}, Float64, Vector{Matrix{ComplexF64}}, Vector{Vector{Float64}}}}, Float64}}(-2.996359437800724e-5,-0.000197073565396039)
└ @ DFTK ~/supporting-mgga-addfpt/DFTK-mgga/src/terms/xc.jl:39
┌ Warning: Negative τcore detected: Dual{ForwardDiff.Tag{DFTK.var"#1369#1370"{StaticArraysCore.SMatrix{3, 3, Float64, 9}, DFTK.var"#HF_energy#1368"{Vector{Vector{Float64}}, Float64, Vector{Matrix{ComplexF64}}, Vector{Vector{Float64}}}}, Float64}}(-0.0002390024327876111,-8.83020196762875e-5)
└ @ DFTK ~/supporting-mgga-addfpt/DFTK-mgga/src/terms/xc.jl:45
┌ Warning: Negative τcore detected: Dual{ForwardDiff.Tag{DFTK.var"#1369#1370"{StaticArraysCore.SMatrix{3, 3, Float64, 9}, DFTK.var"#HF_energy#1368"{Vector{Vector{Float64}}, Float64, Vector{Matrix{ComplexF64}}, Vector{Vector{Float64}}}}, Float64}}(-0.0002390024327876111,-8.83020196762875e-5)
└ @ DFTK ~/supporting-mgga-addfpt/DFTK-mgga/src/terms/xc.jl:45
┌ Warning: Negative τcore detected: Dual{ForwardDiff.Tag{DFTK.var"#1369#1370"{StaticArraysCore.SMatrix{3, 3, Float64, 9}, DFTK.var"#HF_energy#1368"{Vector{Vector{Float64}}, Float64, Vector{Matrix{ComplexF64}}, Vector{Vector{Float64}}}}, Float64}}(-0.0002390024327876111,-8.83020196762875e-5)
└ @ DFTK ~/supporting-mgga-addfpt/DFTK-mgga/src/terms/xc.jl:45
┌ Warning: Negative τcore detected: Dual{ForwardDiff.Tag{DFTK.var"#1369#1370"{StaticArraysCore.SMatrix{3, 3, Float64, 9}, DFTK.var"#HF_energy#1368"{Vector{Vector{Float64}}, Float64, Vector{Matrix{ComplexF64}}, Vector{Vector{Float64}}}}, Float64}}(-0.0002390024327876111,-8.83020196762875e-5)
└ @ DFTK ~/supporting-mgga-addfpt/DFTK-mgga/src/terms/xc.jl:45
┌ Warning: Negative ρcore detected: Dual{ForwardDiff.Tag{DFTK.var"#1369#1370"{StaticArraysCore.SMatrix{3, 3, Float64, 9}, DFTK.var"#HF_energy#1368"{Vector{Vector{Float64}}, Float64, Vector{Matrix{ComplexF64}}, Vector{Vector{Float64}}}}, Float64}}(-2.996359437800724e-5,-3.1502714428399873e-5)
└ @ DFTK ~/supporting-mgga-addfpt/DFTK-mgga/src/terms/xc.jl:39
┌ Warning: Negative ρcore detected: Dual{ForwardDiff.Tag{DFTK.var"#1369#1370"{StaticArraysCore.SMatrix{3, 3, Float64, 9}, DFTK.var"#HF_energy#1368"{Vector{Vector{Float64}}, Float64, Vector{Matrix{ComplexF64}}, Vector{Vector{Float64}}}}, Float64}}(-2.996359437800724e-5,-3.1502714428399873e-5)
└ @ DFTK ~/supporting-mgga-addfpt/DFTK-mgga/src/terms/xc.jl:39
┌ Warning: Negative ρcore detected: Dual{ForwardDiff.Tag{DFTK.var"#1369#1370"{StaticArraysCore.SMatrix{3, 3, Float64, 9}, DFTK.var"#HF_energy#1368"{Vector{Vector{Float64}}, Float64, Vector{Matrix{ComplexF64}}, Vector{Vector{Float64}}}}, Float64}}(-2.996359437800724e-5,-3.1502714428399873e-5)
└ @ DFTK ~/supporting-mgga-addfpt/DFTK-mgga/src/terms/xc.jl:39
┌ Warning: Negative ρcore detected: Dual{ForwardDiff.Tag{DFTK.var"#1369#1370"{StaticArraysCore.SMatrix{3, 3, Float64, 9}, DFTK.var"#HF_energy#1368"{Vector{Vector{Float64}}, Float64, Vector{Matrix{ComplexF64}}, Vector{Vector{Float64}}}}, Float64}}(-2.996359437800724e-5,-3.1502714428399873e-5)
└ @ DFTK ~/supporting-mgga-addfpt/DFTK-mgga/src/terms/xc.jl:39
┌ Warning: Negative τcore detected: Dual{ForwardDiff.Tag{DFTK.var"#1369#1370"{StaticArraysCore.SMatrix{3, 3, Float64, 9}, DFTK.var"#HF_energy#1368"{Vector{Vector{Float64}}, Float64, Vector{Matrix{ComplexF64}}, Vector{Vector{Float64}}}}, Float64}}(-0.0002390024327876111,-8.830201967651665e-5)
└ @ DFTK ~/supporting-mgga-addfpt/DFTK-mgga/src/terms/xc.jl:45
┌ Warning: Negative τcore detected: Dual{ForwardDiff.Tag{DFTK.var"#1369#1370"{StaticArraysCore.SMatrix{3, 3, Float64, 9}, DFTK.var"#HF_energy#1368"{Vector{Vector{Float64}}, Float64, Vector{Matrix{ComplexF64}}, Vector{Vector{Float64}}}}, Float64}}(-0.0002390024327876111,-8.830201967651665e-5)
└ @ DFTK ~/supporting-mgga-addfpt/DFTK-mgga/src/terms/xc.jl:45
┌ Warning: Negative τcore detected: Dual{ForwardDiff.Tag{DFTK.var"#1369#1370"{StaticArraysCore.SMatrix{3, 3, Float64, 9}, DFTK.var"#HF_energy#1368"{Vector{Vector{Float64}}, Float64, Vector{Matrix{ComplexF64}}, Vector{Vector{Float64}}}}, Float64}}(-0.0002390024327876111,-8.830201967651665e-5)
└ @ DFTK ~/supporting-mgga-addfpt/DFTK-mgga/src/terms/xc.jl:45
┌ Warning: Negative τcore detected: Dual{ForwardDiff.Tag{DFTK.var"#1369#1370"{StaticArraysCore.SMatrix{3, 3, Float64, 9}, DFTK.var"#HF_energy#1368"{Vector{Vector{Float64}}, Float64, Vector{Matrix{ComplexF64}}, Vector{Vector{Float64}}}}, Float64}}(-0.0002390024327876111,-8.830201967651665e-5)
└ @ DFTK ~/supporting-mgga-addfpt/DFTK-mgga/src/terms/xc.jl:45
┌ Warning: Negative ρcore detected: Dual{ForwardDiff.Tag{DFTK.var"#1369#1370"{StaticArraysCore.SMatrix{3, 3, Float64, 9}, DFTK.var"#HF_energy#1368"{Vector{Vector{Float64}}, Float64, Vector{Matrix{ComplexF64}}, Vector{Vector{Float64}}}}, Float64}}(-2.996359437800724e-5,-5.491705696603704e-6)
└ @ DFTK ~/supporting-mgga-addfpt/DFTK-mgga/src/terms/xc.jl:39
┌ Warning: Negative ρcore detected: Dual{ForwardDiff.Tag{DFTK.var"#1369#1370"{StaticArraysCore.SMatrix{3, 3, Float64, 9}, DFTK.var"#HF_energy#1368"{Vector{Vector{Float64}}, Float64, Vector{Matrix{ComplexF64}}, Vector{Vector{Float64}}}}, Float64}}(-2.996359437800724e-5,-5.491705696603704e-6)
└ @ DFTK ~/supporting-mgga-addfpt/DFTK-mgga/src/terms/xc.jl:39
┌ Warning: Negative ρcore detected: Dual{ForwardDiff.Tag{DFTK.var"#1369#1370"{StaticArraysCore.SMatrix{3, 3, Float64, 9}, DFTK.var"#HF_energy#1368"{Vector{Vector{Float64}}, Float64, Vector{Matrix{ComplexF64}}, Vector{Vector{Float64}}}}, Float64}}(-2.996359437800724e-5,-5.491705696603704e-6)
└ @ DFTK ~/supporting-mgga-addfpt/DFTK-mgga/src/terms/xc.jl:39
┌ Warning: Negative ρcore detected: Dual{ForwardDiff.Tag{DFTK.var"#1369#1370"{StaticArraysCore.SMatrix{3, 3, Float64, 9}, DFTK.var"#HF_energy#1368"{Vector{Vector{Float64}}, Float64, Vector{Matrix{ComplexF64}}, Vector{Vector{Float64}}}}, Float64}}(-2.996359437800724e-5,-5.491705696603704e-6)
└ @ DFTK ~/supporting-mgga-addfpt/DFTK-mgga/src/terms/xc.jl:39
┌ Warning: Negative τcore detected: Dual{ForwardDiff.Tag{DFTK.var"#1369#1370"{StaticArraysCore.SMatrix{3, 3, Float64, 9}, DFTK.var"#HF_energy#1368"{Vector{Vector{Float64}}, Float64, Vector{Matrix{ComplexF64}}, Vector{Vector{Float64}}}}, Float64}}(-0.0002390024327876111,-0.00010546930301993942)
└ @ DFTK ~/supporting-mgga-addfpt/DFTK-mgga/src/terms/xc.jl:45
┌ Warning: Negative τcore detected: Dual{ForwardDiff.Tag{DFTK.var"#1369#1370"{StaticArraysCore.SMatrix{3, 3, Float64, 9}, DFTK.var"#HF_energy#1368"{Vector{Vector{Float64}}, Float64, Vector{Matrix{ComplexF64}}, Vector{Vector{Float64}}}}, Float64}}(-0.0002390024327876111,-0.00010546930301993942)
└ @ DFTK ~/supporting-mgga-addfpt/DFTK-mgga/src/terms/xc.jl:45
┌ Warning: Negative τcore detected: Dual{ForwardDiff.Tag{DFTK.var"#1369#1370"{StaticArraysCore.SMatrix{3, 3, Float64, 9}, DFTK.var"#HF_energy#1368"{Vector{Vector{Float64}}, Float64, Vector{Matrix{ComplexF64}}, Vector{Vector{Float64}}}}, Float64}}(-0.0002390024327876111,-0.00010546930301993942)
└ @ DFTK ~/supporting-mgga-addfpt/DFTK-mgga/src/terms/xc.jl:45
┌ Warning: Negative τcore detected: Dual{ForwardDiff.Tag{DFTK.var"#1369#1370"{StaticArraysCore.SMatrix{3, 3, Float64, 9}, DFTK.var"#HF_energy#1368"{Vector{Vector{Float64}}, Float64, Vector{Matrix{ComplexF64}}, Vector{Vector{Float64}}}}, Float64}}(-0.0002390024327876111,-0.00010546930301993942)
└ @ DFTK ~/supporting-mgga-addfpt/DFTK-mgga/src/terms/xc.jl:45
┌ Warning: Negative ρcore detected: Dual{ForwardDiff.Tag{DFTK.var"#1369#1370"{StaticArraysCore.SMatrix{3, 3, Float64, 9}, DFTK.var"#HF_energy#1368"{Vector{Vector{Float64}}, Float64, Vector{Matrix{ComplexF64}}, Vector{Vector{Float64}}}}, Float64}}(-2.996359437800724e-5,-9.756500661128594e-6)
└ @ DFTK ~/supporting-mgga-addfpt/DFTK-mgga/src/terms/xc.jl:39
┌ Warning: Negative ρcore detected: Dual{ForwardDiff.Tag{DFTK.var"#1369#1370"{StaticArraysCore.SMatrix{3, 3, Float64, 9}, DFTK.var"#HF_energy#1368"{Vector{Vector{Float64}}, Float64, Vector{Matrix{ComplexF64}}, Vector{Vector{Float64}}}}, Float64}}(-2.996359437800724e-5,-9.756500661128594e-6)
└ @ DFTK ~/supporting-mgga-addfpt/DFTK-mgga/src/terms/xc.jl:39
┌ Warning: Negative ρcore detected: Dual{ForwardDiff.Tag{DFTK.var"#1369#1370"{StaticArraysCore.SMatrix{3, 3, Float64, 9}, DFTK.var"#HF_energy#1368"{Vector{Vector{Float64}}, Float64, Vector{Matrix{ComplexF64}}, Vector{Vector{Float64}}}}, Float64}}(-2.996359437800724e-5,-9.756500661128594e-6)
└ @ DFTK ~/supporting-mgga-addfpt/DFTK-mgga/src/terms/xc.jl:39
┌ Warning: Negative ρcore detected: Dual{ForwardDiff.Tag{DFTK.var"#1369#1370"{StaticArraysCore.SMatrix{3, 3, Float64, 9}, DFTK.var"#HF_energy#1368"{Vector{Vector{Float64}}, Float64, Vector{Matrix{ComplexF64}}, Vector{Vector{Float64}}}}, Float64}}(-2.996359437800724e-5,-9.756500661128594e-6)
└ @ DFTK ~/supporting-mgga-addfpt/DFTK-mgga/src/terms/xc.jl:39
┌ Warning: Negative τcore detected: Dual{ForwardDiff.Tag{DFTK.var"#1369#1370"{StaticArraysCore.SMatrix{3, 3, Float64, 9}, DFTK.var"#HF_energy#1368"{Vector{Vector{Float64}}, Float64, Vector{Matrix{ComplexF64}}, Vector{Vector{Float64}}}}, Float64}}(-0.0002390024327876111,-0.00015666933213383583)
└ @ DFTK ~/supporting-mgga-addfpt/DFTK-mgga/src/terms/xc.jl:45
┌ Warning: Negative τcore detected: Dual{ForwardDiff.Tag{DFTK.var"#1369#1370"{StaticArraysCore.SMatrix{3, 3, Float64, 9}, DFTK.var"#HF_energy#1368"{Vector{Vector{Float64}}, Float64, Vector{Matrix{ComplexF64}}, Vector{Vector{Float64}}}}, Float64}}(-0.0002390024327876111,-0.00015666933213383583)
└ @ DFTK ~/supporting-mgga-addfpt/DFTK-mgga/src/terms/xc.jl:45
┌ Warning: Negative τcore detected: Dual{ForwardDiff.Tag{DFTK.var"#1369#1370"{StaticArraysCore.SMatrix{3, 3, Float64, 9}, DFTK.var"#HF_energy#1368"{Vector{Vector{Float64}}, Float64, Vector{Matrix{ComplexF64}}, Vector{Vector{Float64}}}}, Float64}}(-0.0002390024327876111,-0.00015666933213383583)
└ @ DFTK ~/supporting-mgga-addfpt/DFTK-mgga/src/terms/xc.jl:45
┌ Warning: Negative τcore detected: Dual{ForwardDiff.Tag{DFTK.var"#1369#1370"{StaticArraysCore.SMatrix{3, 3, Float64, 9}, DFTK.var"#HF_energy#1368"{Vector{Vector{Float64}}, Float64, Vector{Matrix{ComplexF64}}, Vector{Vector{Float64}}}}, Float64}}(-0.0002390024327876111,-0.00015666933213383583)
└ @ DFTK ~/supporting-mgga-addfpt/DFTK-mgga/src/terms/xc.jl:45
┌ Warning: Negative ρcore detected: Dual{ForwardDiff.Tag{DFTK.var"#1369#1370"{StaticArraysCore.SMatrix{3, 3, Float64, 9}, DFTK.var"#HF_energy#1368"{Vector{Vector{Float64}}, Float64, Vector{Matrix{ComplexF64}}, Vector{Vector{Float64}}}}, Float64}}(-2.996359437800724e-5,-0.00021617312250345397)
└ @ DFTK ~/supporting-mgga-addfpt/DFTK-mgga/src/terms/xc.jl:39
┌ Warning: Negative ρcore detected: Dual{ForwardDiff.Tag{DFTK.var"#1369#1370"{StaticArraysCore.SMatrix{3, 3, Float64, 9}, DFTK.var"#HF_energy#1368"{Vector{Vector{Float64}}, Float64, Vector{Matrix{ComplexF64}}, Vector{Vector{Float64}}}}, Float64}}(-2.996359437800724e-5,-0.00021617312250345397)
└ @ DFTK ~/supporting-mgga-addfpt/DFTK-mgga/src/terms/xc.jl:39
┌ Warning: Negative ρcore detected: Dual{ForwardDiff.Tag{DFTK.var"#1369#1370"{StaticArraysCore.SMatrix{3, 3, Float64, 9}, DFTK.var"#HF_energy#1368"{Vector{Vector{Float64}}, Float64, Vector{Matrix{ComplexF64}}, Vector{Vector{Float64}}}}, Float64}}(-2.996359437800724e-5,-0.00021617312250345397)
└ @ DFTK ~/supporting-mgga-addfpt/DFTK-mgga/src/terms/xc.jl:39
┌ Warning: Negative ρcore detected: Dual{ForwardDiff.Tag{DFTK.var"#1369#1370"{StaticArraysCore.SMatrix{3, 3, Float64, 9}, DFTK.var"#HF_energy#1368"{Vector{Vector{Float64}}, Float64, Vector{Matrix{ComplexF64}}, Vector{Vector{Float64}}}}, Float64}}(-2.996359437800724e-5,-0.00021617312250345397)
└ @ DFTK ~/supporting-mgga-addfpt/DFTK-mgga/src/terms/xc.jl:39
┌ Warning: Negative τcore detected: Dual{ForwardDiff.Tag{DFTK.var"#1369#1370"{StaticArraysCore.SMatrix{3, 3, Float64, 9}, DFTK.var"#HF_energy#1368"{Vector{Vector{Float64}}, Float64, Vector{Matrix{ComplexF64}}, Vector{Vector{Float64}}}}, Float64}}(-0.0002390024327876111,-0.00015666933213428144)
└ @ DFTK ~/supporting-mgga-addfpt/DFTK-mgga/src/terms/xc.jl:45
┌ Warning: Negative τcore detected: Dual{ForwardDiff.Tag{DFTK.var"#1369#1370"{StaticArraysCore.SMatrix{3, 3, Float64, 9}, DFTK.var"#HF_energy#1368"{Vector{Vector{Float64}}, Float64, Vector{Matrix{ComplexF64}}, Vector{Vector{Float64}}}}, Float64}}(-0.0002390024327876111,-0.00015666933213428144)
└ @ DFTK ~/supporting-mgga-addfpt/DFTK-mgga/src/terms/xc.jl:45
┌ Warning: Negative τcore detected: Dual{ForwardDiff.Tag{DFTK.var"#1369#1370"{StaticArraysCore.SMatrix{3, 3, Float64, 9}, DFTK.var"#HF_energy#1368"{Vector{Vector{Float64}}, Float64, Vector{Matrix{ComplexF64}}, Vector{Vector{Float64}}}}, Float64}}(-0.0002390024327876111,-0.00015666933213428144)
└ @ DFTK ~/supporting-mgga-addfpt/DFTK-mgga/src/terms/xc.jl:45
┌ Warning: Negative τcore detected: Dual{ForwardDiff.Tag{DFTK.var"#1369#1370"{StaticArraysCore.SMatrix{3, 3, Float64, 9}, DFTK.var"#HF_energy#1368"{Vector{Vector{Float64}}, Float64, Vector{Matrix{ComplexF64}}, Vector{Vector{Float64}}}}, Float64}}(-0.0002390024327876111,-0.00015666933213428144)
└ @ DFTK ~/supporting-mgga-addfpt/DFTK-mgga/src/terms/xc.jl:45
┌ Warning: Negative ρcore detected: -2.9958971834945455e-5
└ @ DFTK ~/supporting-mgga-addfpt/DFTK-mgga/src/terms/xc.jl:39
┌ Warning: Negative ρcore detected: -2.9958971834945455e-5
└ @ DFTK ~/supporting-mgga-addfpt/DFTK-mgga/src/terms/xc.jl:39
┌ Warning: Negative ρcore detected: -2.9958971834945455e-5
└ @ DFTK ~/supporting-mgga-addfpt/DFTK-mgga/src/terms/xc.jl:39
┌ Warning: Negative ρcore detected: -2.9958971834945455e-5
└ @ DFTK ~/supporting-mgga-addfpt/DFTK-mgga/src/terms/xc.jl:39
┌ Warning: Negative τcore detected: -0.00023899711787534972
└ @ DFTK ~/supporting-mgga-addfpt/DFTK-mgga/src/terms/xc.jl:45
┌ Warning: Negative τcore detected: -0.00023899711787534972
└ @ DFTK ~/supporting-mgga-addfpt/DFTK-mgga/src/terms/xc.jl:45
┌ Warning: Negative τcore detected: -0.00023899711787534972
└ @ DFTK ~/supporting-mgga-addfpt/DFTK-mgga/src/terms/xc.jl:45
┌ Warning: Negative τcore detected: -0.00023899711787534972
└ @ DFTK ~/supporting-mgga-addfpt/DFTK-mgga/src/terms/xc.jl:45
n     Energy            log10(ΔE)   log10(Δρ)   Diag   Δtime 
---   ---------------   ---------   ---------   ----   ------
  1   -11.73641626223                   -0.73    8.4    3.72s
  2   -11.74242007375       -2.22       -1.58    2.7    1.37s
  3   -11.74258483116       -3.78       -2.25    3.0    1.77s
  4   -11.74258728492       -5.61       -3.93    2.8    1.73s
  5   -11.74258733029       -7.34       -4.50    5.2    2.15s
  6   -11.74258733041       -9.95       -5.25    3.3    1.81s
  7   -11.74258733041      -11.40       -6.84    3.6    2.14s
  8   -11.74258733041      -13.41       -7.54    4.7    2.36s
  9   -11.74258733041      -14.75       -8.31    3.0    1.77s
 10   -11.74258733041   +  -14.75       -9.13    3.8    1.74s
 11   -11.74258733041   +    -Inf      -10.10    3.7    1.94s
 12   -11.74258733041   +    -Inf      -11.17    3.8    2.00s
 13   -11.74258733041   +  -14.45      -12.07    3.6    2.02s
┌ Warning: Negative ρcore detected: Dual{ForwardDiff.Tag{DFTK.var"#1369#1370"{StaticArraysCore.SMatrix{3, 3, Float64, 9}, DFTK.var"#HF_energy#1368"{Vector{Vector{Float64}}, Float64, Vector{Matrix{ComplexF64}}, Vector{Vector{Float64}}}}, Float64}}(-2.995897183494157e-5,-0.0001971251132110126)
└ @ DFTK ~/supporting-mgga-addfpt/DFTK-mgga/src/terms/xc.jl:39
┌ Warning: Negative ρcore detected: Dual{ForwardDiff.Tag{DFTK.var"#1369#1370"{StaticArraysCore.SMatrix{3, 3, Float64, 9}, DFTK.var"#HF_energy#1368"{Vector{Vector{Float64}}, Float64, Vector{Matrix{ComplexF64}}, Vector{Vector{Float64}}}}, Float64}}(-2.995897183494157e-5,-0.0001971251132110126)
└ @ DFTK ~/supporting-mgga-addfpt/DFTK-mgga/src/terms/xc.jl:39
┌ Warning: Negative ρcore detected: Dual{ForwardDiff.Tag{DFTK.var"#1369#1370"{StaticArraysCore.SMatrix{3, 3, Float64, 9}, DFTK.var"#HF_energy#1368"{Vector{Vector{Float64}}, Float64, Vector{Matrix{ComplexF64}}, Vector{Vector{Float64}}}}, Float64}}(-2.995897183494157e-5,-0.0001971251132110126)
└ @ DFTK ~/supporting-mgga-addfpt/DFTK-mgga/src/terms/xc.jl:39
┌ Warning: Negative ρcore detected: Dual{ForwardDiff.Tag{DFTK.var"#1369#1370"{StaticArraysCore.SMatrix{3, 3, Float64, 9}, DFTK.var"#HF_energy#1368"{Vector{Vector{Float64}}, Float64, Vector{Matrix{ComplexF64}}, Vector{Vector{Float64}}}}, Float64}}(-2.995897183494157e-5,-0.0001971251132110126)
└ @ DFTK ~/supporting-mgga-addfpt/DFTK-mgga/src/terms/xc.jl:39
┌ Warning: Negative τcore detected: Dual{ForwardDiff.Tag{DFTK.var"#1369#1370"{StaticArraysCore.SMatrix{3, 3, Float64, 9}, DFTK.var"#HF_energy#1368"{Vector{Vector{Float64}}, Float64, Vector{Matrix{ComplexF64}}, Vector{Vector{Float64}}}}, Float64}}(-0.00023899711787534972,-8.895017175334894e-5)
└ @ DFTK ~/supporting-mgga-addfpt/DFTK-mgga/src/terms/xc.jl:45
┌ Warning: Negative τcore detected: Dual{ForwardDiff.Tag{DFTK.var"#1369#1370"{StaticArraysCore.SMatrix{3, 3, Float64, 9}, DFTK.var"#HF_energy#1368"{Vector{Vector{Float64}}, Float64, Vector{Matrix{ComplexF64}}, Vector{Vector{Float64}}}}, Float64}}(-0.00023899711787534972,-8.895017175334894e-5)
└ @ DFTK ~/supporting-mgga-addfpt/DFTK-mgga/src/terms/xc.jl:45
┌ Warning: Negative τcore detected: Dual{ForwardDiff.Tag{DFTK.var"#1369#1370"{StaticArraysCore.SMatrix{3, 3, Float64, 9}, DFTK.var"#HF_energy#1368"{Vector{Vector{Float64}}, Float64, Vector{Matrix{ComplexF64}}, Vector{Vector{Float64}}}}, Float64}}(-0.00023899711787534972,-8.895017175334894e-5)
└ @ DFTK ~/supporting-mgga-addfpt/DFTK-mgga/src/terms/xc.jl:45
┌ Warning: Negative τcore detected: Dual{ForwardDiff.Tag{DFTK.var"#1369#1370"{StaticArraysCore.SMatrix{3, 3, Float64, 9}, DFTK.var"#HF_energy#1368"{Vector{Vector{Float64}}, Float64, Vector{Matrix{ComplexF64}}, Vector{Vector{Float64}}}}, Float64}}(-0.00023899711787534972,-8.895017175334894e-5)
└ @ DFTK ~/supporting-mgga-addfpt/DFTK-mgga/src/terms/xc.jl:45
┌ Warning: Negative ρcore detected: Dual{ForwardDiff.Tag{DFTK.var"#1369#1370"{StaticArraysCore.SMatrix{3, 3, Float64, 9}, DFTK.var"#HF_energy#1368"{Vector{Vector{Float64}}, Float64, Vector{Matrix{ComplexF64}}, Vector{Vector{Float64}}}}, Float64}}(-2.995897183494157e-5,-0.00024992390776204407)
└ @ DFTK ~/supporting-mgga-addfpt/DFTK-mgga/src/terms/xc.jl:39
┌ Warning: Negative ρcore detected: Dual{ForwardDiff.Tag{DFTK.var"#1369#1370"{StaticArraysCore.SMatrix{3, 3, Float64, 9}, DFTK.var"#HF_energy#1368"{Vector{Vector{Float64}}, Float64, Vector{Matrix{ComplexF64}}, Vector{Vector{Float64}}}}, Float64}}(-2.995897183494157e-5,-0.00024992390776204407)
└ @ DFTK ~/supporting-mgga-addfpt/DFTK-mgga/src/terms/xc.jl:39
┌ Warning: Negative ρcore detected: Dual{ForwardDiff.Tag{DFTK.var"#1369#1370"{StaticArraysCore.SMatrix{3, 3, Float64, 9}, DFTK.var"#HF_energy#1368"{Vector{Vector{Float64}}, Float64, Vector{Matrix{ComplexF64}}, Vector{Vector{Float64}}}}, Float64}}(-2.995897183494157e-5,-0.00024992390776204407)
└ @ DFTK ~/supporting-mgga-addfpt/DFTK-mgga/src/terms/xc.jl:39
┌ Warning: Negative ρcore detected: Dual{ForwardDiff.Tag{DFTK.var"#1369#1370"{StaticArraysCore.SMatrix{3, 3, Float64, 9}, DFTK.var"#HF_energy#1368"{Vector{Vector{Float64}}, Float64, Vector{Matrix{ComplexF64}}, Vector{Vector{Float64}}}}, Float64}}(-2.995897183494157e-5,-0.00024992390776204407)
└ @ DFTK ~/supporting-mgga-addfpt/DFTK-mgga/src/terms/xc.jl:39
┌ Warning: Negative τcore detected: Dual{ForwardDiff.Tag{DFTK.var"#1369#1370"{StaticArraysCore.SMatrix{3, 3, Float64, 9}, DFTK.var"#HF_energy#1368"{Vector{Vector{Float64}}, Float64, Vector{Matrix{ComplexF64}}, Vector{Vector{Float64}}}}, Float64}}(-0.00023899711787534972,-8.894132822467018e-5)
└ @ DFTK ~/supporting-mgga-addfpt/DFTK-mgga/src/terms/xc.jl:45
┌ Warning: Negative τcore detected: Dual{ForwardDiff.Tag{DFTK.var"#1369#1370"{StaticArraysCore.SMatrix{3, 3, Float64, 9}, DFTK.var"#HF_energy#1368"{Vector{Vector{Float64}}, Float64, Vector{Matrix{ComplexF64}}, Vector{Vector{Float64}}}}, Float64}}(-0.00023899711787534972,-8.894132822467018e-5)
└ @ DFTK ~/supporting-mgga-addfpt/DFTK-mgga/src/terms/xc.jl:45
┌ Warning: Negative τcore detected: Dual{ForwardDiff.Tag{DFTK.var"#1369#1370"{StaticArraysCore.SMatrix{3, 3, Float64, 9}, DFTK.var"#HF_energy#1368"{Vector{Vector{Float64}}, Float64, Vector{Matrix{ComplexF64}}, Vector{Vector{Float64}}}}, Float64}}(-0.00023899711787534972,-8.894132822467018e-5)
└ @ DFTK ~/supporting-mgga-addfpt/DFTK-mgga/src/terms/xc.jl:45
┌ Warning: Negative τcore detected: Dual{ForwardDiff.Tag{DFTK.var"#1369#1370"{StaticArraysCore.SMatrix{3, 3, Float64, 9}, DFTK.var"#HF_energy#1368"{Vector{Vector{Float64}}, Float64, Vector{Matrix{ComplexF64}}, Vector{Vector{Float64}}}}, Float64}}(-0.00023899711787534972,-8.894132822467018e-5)
└ @ DFTK ~/supporting-mgga-addfpt/DFTK-mgga/src/terms/xc.jl:45
┌ Warning: Negative ρcore detected: Dual{ForwardDiff.Tag{DFTK.var"#1369#1370"{StaticArraysCore.SMatrix{3, 3, Float64, 9}, DFTK.var"#HF_energy#1368"{Vector{Vector{Float64}}, Float64, Vector{Matrix{ComplexF64}}, Vector{Vector{Float64}}}}, Float64}}(-2.995897183494157e-5,-3.150340450907168e-5)
└ @ DFTK ~/supporting-mgga-addfpt/DFTK-mgga/src/terms/xc.jl:39
┌ Warning: Negative ρcore detected: Dual{ForwardDiff.Tag{DFTK.var"#1369#1370"{StaticArraysCore.SMatrix{3, 3, Float64, 9}, DFTK.var"#HF_energy#1368"{Vector{Vector{Float64}}, Float64, Vector{Matrix{ComplexF64}}, Vector{Vector{Float64}}}}, Float64}}(-2.995897183494157e-5,-3.150340450907168e-5)
└ @ DFTK ~/supporting-mgga-addfpt/DFTK-mgga/src/terms/xc.jl:39
┌ Warning: Negative ρcore detected: Dual{ForwardDiff.Tag{DFTK.var"#1369#1370"{StaticArraysCore.SMatrix{3, 3, Float64, 9}, DFTK.var"#HF_energy#1368"{Vector{Vector{Float64}}, Float64, Vector{Matrix{ComplexF64}}, Vector{Vector{Float64}}}}, Float64}}(-2.995897183494157e-5,-3.150340450907168e-5)
└ @ DFTK ~/supporting-mgga-addfpt/DFTK-mgga/src/terms/xc.jl:39
┌ Warning: Negative ρcore detected: Dual{ForwardDiff.Tag{DFTK.var"#1369#1370"{StaticArraysCore.SMatrix{3, 3, Float64, 9}, DFTK.var"#HF_energy#1368"{Vector{Vector{Float64}}, Float64, Vector{Matrix{ComplexF64}}, Vector{Vector{Float64}}}}, Float64}}(-2.995897183494157e-5,-3.150340450907168e-5)
└ @ DFTK ~/supporting-mgga-addfpt/DFTK-mgga/src/terms/xc.jl:39
┌ Warning: Negative τcore detected: Dual{ForwardDiff.Tag{DFTK.var"#1369#1370"{StaticArraysCore.SMatrix{3, 3, Float64, 9}, DFTK.var"#HF_energy#1368"{Vector{Vector{Float64}}, Float64, Vector{Matrix{ComplexF64}}, Vector{Vector{Float64}}}}, Float64}}(-0.00023899711787534972,-0.00018044462911463895)
└ @ DFTK ~/supporting-mgga-addfpt/DFTK-mgga/src/terms/xc.jl:45
┌ Warning: Negative τcore detected: Dual{ForwardDiff.Tag{DFTK.var"#1369#1370"{StaticArraysCore.SMatrix{3, 3, Float64, 9}, DFTK.var"#HF_energy#1368"{Vector{Vector{Float64}}, Float64, Vector{Matrix{ComplexF64}}, Vector{Vector{Float64}}}}, Float64}}(-0.00023899711787534972,-0.00018044462911463895)
└ @ DFTK ~/supporting-mgga-addfpt/DFTK-mgga/src/terms/xc.jl:45
┌ Warning: Negative τcore detected: Dual{ForwardDiff.Tag{DFTK.var"#1369#1370"{StaticArraysCore.SMatrix{3, 3, Float64, 9}, DFTK.var"#HF_energy#1368"{Vector{Vector{Float64}}, Float64, Vector{Matrix{ComplexF64}}, Vector{Vector{Float64}}}}, Float64}}(-0.00023899711787534972,-0.00018044462911463895)
└ @ DFTK ~/supporting-mgga-addfpt/DFTK-mgga/src/terms/xc.jl:45
┌ Warning: Negative τcore detected: Dual{ForwardDiff.Tag{DFTK.var"#1369#1370"{StaticArraysCore.SMatrix{3, 3, Float64, 9}, DFTK.var"#HF_energy#1368"{Vector{Vector{Float64}}, Float64, Vector{Matrix{ComplexF64}}, Vector{Vector{Float64}}}}, Float64}}(-0.00023899711787534972,-0.00018044462911463895)
└ @ DFTK ~/supporting-mgga-addfpt/DFTK-mgga/src/terms/xc.jl:45
┌ Warning: Negative ρcore detected: Dual{ForwardDiff.Tag{DFTK.var"#1369#1370"{StaticArraysCore.SMatrix{3, 3, Float64, 9}, DFTK.var"#HF_energy#1368"{Vector{Vector{Float64}}, Float64, Vector{Matrix{ComplexF64}}, Vector{Vector{Float64}}}}, Float64}}(-2.995897183494157e-5,-9.75715834026847e-6)
└ @ DFTK ~/supporting-mgga-addfpt/DFTK-mgga/src/terms/xc.jl:39
┌ Warning: Negative ρcore detected: Dual{ForwardDiff.Tag{DFTK.var"#1369#1370"{StaticArraysCore.SMatrix{3, 3, Float64, 9}, DFTK.var"#HF_energy#1368"{Vector{Vector{Float64}}, Float64, Vector{Matrix{ComplexF64}}, Vector{Vector{Float64}}}}, Float64}}(-2.995897183494157e-5,-9.75715834026847e-6)
└ @ DFTK ~/supporting-mgga-addfpt/DFTK-mgga/src/terms/xc.jl:39
┌ Warning: Negative ρcore detected: Dual{ForwardDiff.Tag{DFTK.var"#1369#1370"{StaticArraysCore.SMatrix{3, 3, Float64, 9}, DFTK.var"#HF_energy#1368"{Vector{Vector{Float64}}, Float64, Vector{Matrix{ComplexF64}}, Vector{Vector{Float64}}}}, Float64}}(-2.995897183494157e-5,-9.75715834026847e-6)
└ @ DFTK ~/supporting-mgga-addfpt/DFTK-mgga/src/terms/xc.jl:39
┌ Warning: Negative ρcore detected: Dual{ForwardDiff.Tag{DFTK.var"#1369#1370"{StaticArraysCore.SMatrix{3, 3, Float64, 9}, DFTK.var"#HF_energy#1368"{Vector{Vector{Float64}}, Float64, Vector{Matrix{ComplexF64}}, Vector{Vector{Float64}}}}, Float64}}(-2.995897183494157e-5,-9.75715834026847e-6)
└ @ DFTK ~/supporting-mgga-addfpt/DFTK-mgga/src/terms/xc.jl:39
┌ Warning: Negative τcore detected: Dual{ForwardDiff.Tag{DFTK.var"#1369#1370"{StaticArraysCore.SMatrix{3, 3, Float64, 9}, DFTK.var"#HF_energy#1368"{Vector{Vector{Float64}}, Float64, Vector{Matrix{ComplexF64}}, Vector{Vector{Float64}}}}, Float64}}(-0.00023899711787534972,-0.00015672374379732999)
└ @ DFTK ~/supporting-mgga-addfpt/DFTK-mgga/src/terms/xc.jl:45
┌ Warning: Negative τcore detected: Dual{ForwardDiff.Tag{DFTK.var"#1369#1370"{StaticArraysCore.SMatrix{3, 3, Float64, 9}, DFTK.var"#HF_energy#1368"{Vector{Vector{Float64}}, Float64, Vector{Matrix{ComplexF64}}, Vector{Vector{Float64}}}}, Float64}}(-0.00023899711787534972,-0.00015672374379732999)
└ @ DFTK ~/supporting-mgga-addfpt/DFTK-mgga/src/terms/xc.jl:45
┌ Warning: Negative τcore detected: Dual{ForwardDiff.Tag{DFTK.var"#1369#1370"{StaticArraysCore.SMatrix{3, 3, Float64, 9}, DFTK.var"#HF_energy#1368"{Vector{Vector{Float64}}, Float64, Vector{Matrix{ComplexF64}}, Vector{Vector{Float64}}}}, Float64}}(-0.00023899711787534972,-0.00015672374379732999)
└ @ DFTK ~/supporting-mgga-addfpt/DFTK-mgga/src/terms/xc.jl:45
┌ Warning: Negative τcore detected: Dual{ForwardDiff.Tag{DFTK.var"#1369#1370"{StaticArraysCore.SMatrix{3, 3, Float64, 9}, DFTK.var"#HF_energy#1368"{Vector{Vector{Float64}}, Float64, Vector{Matrix{ComplexF64}}, Vector{Vector{Float64}}}}, Float64}}(-0.00023899711787534972,-0.00015672374379732999)
└ @ DFTK ~/supporting-mgga-addfpt/DFTK-mgga/src/terms/xc.jl:45
┌ Warning: Negative ρcore detected: Dual{ForwardDiff.Tag{DFTK.var"#1369#1370"{StaticArraysCore.SMatrix{3, 3, Float64, 9}, DFTK.var"#HF_energy#1368"{Vector{Vector{Float64}}, Float64, Vector{Matrix{ComplexF64}}, Vector{Vector{Float64}}}}, Float64}}(-2.995897183494157e-5,-5.492961427156856e-6)
└ @ DFTK ~/supporting-mgga-addfpt/DFTK-mgga/src/terms/xc.jl:39
┌ Warning: Negative ρcore detected: Dual{ForwardDiff.Tag{DFTK.var"#1369#1370"{StaticArraysCore.SMatrix{3, 3, Float64, 9}, DFTK.var"#HF_energy#1368"{Vector{Vector{Float64}}, Float64, Vector{Matrix{ComplexF64}}, Vector{Vector{Float64}}}}, Float64}}(-2.995897183494157e-5,-5.492961427156856e-6)
└ @ DFTK ~/supporting-mgga-addfpt/DFTK-mgga/src/terms/xc.jl:39
┌ Warning: Negative ρcore detected: Dual{ForwardDiff.Tag{DFTK.var"#1369#1370"{StaticArraysCore.SMatrix{3, 3, Float64, 9}, DFTK.var"#HF_energy#1368"{Vector{Vector{Float64}}, Float64, Vector{Matrix{ComplexF64}}, Vector{Vector{Float64}}}}, Float64}}(-2.995897183494157e-5,-5.492961427156856e-6)
└ @ DFTK ~/supporting-mgga-addfpt/DFTK-mgga/src/terms/xc.jl:39
┌ Warning: Negative ρcore detected: Dual{ForwardDiff.Tag{DFTK.var"#1369#1370"{StaticArraysCore.SMatrix{3, 3, Float64, 9}, DFTK.var"#HF_energy#1368"{Vector{Vector{Float64}}, Float64, Vector{Matrix{ComplexF64}}, Vector{Vector{Float64}}}}, Float64}}(-2.995897183494157e-5,-5.492961427156856e-6)
└ @ DFTK ~/supporting-mgga-addfpt/DFTK-mgga/src/terms/xc.jl:39
┌ Warning: Negative τcore detected: Dual{ForwardDiff.Tag{DFTK.var"#1369#1370"{StaticArraysCore.SMatrix{3, 3, Float64, 9}, DFTK.var"#HF_energy#1368"{Vector{Vector{Float64}}, Float64, Vector{Matrix{ComplexF64}}, Vector{Vector{Float64}}}}, Float64}}(-0.00023899711787534972,-0.00015672610490969423)
└ @ DFTK ~/supporting-mgga-addfpt/DFTK-mgga/src/terms/xc.jl:45
┌ Warning: Negative τcore detected: Dual{ForwardDiff.Tag{DFTK.var"#1369#1370"{StaticArraysCore.SMatrix{3, 3, Float64, 9}, DFTK.var"#HF_energy#1368"{Vector{Vector{Float64}}, Float64, Vector{Matrix{ComplexF64}}, Vector{Vector{Float64}}}}, Float64}}(-0.00023899711787534972,-0.00015672610490969423)
└ @ DFTK ~/supporting-mgga-addfpt/DFTK-mgga/src/terms/xc.jl:45
┌ Warning: Negative τcore detected: Dual{ForwardDiff.Tag{DFTK.var"#1369#1370"{StaticArraysCore.SMatrix{3, 3, Float64, 9}, DFTK.var"#HF_energy#1368"{Vector{Vector{Float64}}, Float64, Vector{Matrix{ComplexF64}}, Vector{Vector{Float64}}}}, Float64}}(-0.00023899711787534972,-0.00015672610490969423)
└ @ DFTK ~/supporting-mgga-addfpt/DFTK-mgga/src/terms/xc.jl:45
┌ Warning: Negative τcore detected: Dual{ForwardDiff.Tag{DFTK.var"#1369#1370"{StaticArraysCore.SMatrix{3, 3, Float64, 9}, DFTK.var"#HF_energy#1368"{Vector{Vector{Float64}}, Float64, Vector{Matrix{ComplexF64}}, Vector{Vector{Float64}}}}, Float64}}(-0.00023899711787534972,-0.00015672610490969423)
└ @ DFTK ~/supporting-mgga-addfpt/DFTK-mgga/src/terms/xc.jl:45
┌ Warning: Negative ρcore detected: Dual{ForwardDiff.Tag{DFTK.var"#1369#1370"{StaticArraysCore.SMatrix{3, 3, Float64, 9}, DFTK.var"#HF_energy#1368"{Vector{Vector{Float64}}, Float64, Vector{Matrix{ComplexF64}}, Vector{Vector{Float64}}}}, Float64}}(-2.995897183494157e-5,-0.00021621132863440531)
└ @ DFTK ~/supporting-mgga-addfpt/DFTK-mgga/src/terms/xc.jl:39
┌ Warning: Negative ρcore detected: Dual{ForwardDiff.Tag{DFTK.var"#1369#1370"{StaticArraysCore.SMatrix{3, 3, Float64, 9}, DFTK.var"#HF_energy#1368"{Vector{Vector{Float64}}, Float64, Vector{Matrix{ComplexF64}}, Vector{Vector{Float64}}}}, Float64}}(-2.995897183494157e-5,-0.00021621132863440531)
└ @ DFTK ~/supporting-mgga-addfpt/DFTK-mgga/src/terms/xc.jl:39
┌ Warning: Negative ρcore detected: Dual{ForwardDiff.Tag{DFTK.var"#1369#1370"{StaticArraysCore.SMatrix{3, 3, Float64, 9}, DFTK.var"#HF_energy#1368"{Vector{Vector{Float64}}, Float64, Vector{Matrix{ComplexF64}}, Vector{Vector{Float64}}}}, Float64}}(-2.995897183494157e-5,-0.00021621132863440531)
└ @ DFTK ~/supporting-mgga-addfpt/DFTK-mgga/src/terms/xc.jl:39
┌ Warning: Negative ρcore detected: Dual{ForwardDiff.Tag{DFTK.var"#1369#1370"{StaticArraysCore.SMatrix{3, 3, Float64, 9}, DFTK.var"#HF_energy#1368"{Vector{Vector{Float64}}, Float64, Vector{Matrix{ComplexF64}}, Vector{Vector{Float64}}}}, Float64}}(-2.995897183494157e-5,-0.00021621132863440531)
└ @ DFTK ~/supporting-mgga-addfpt/DFTK-mgga/src/terms/xc.jl:39
┌ Warning: Negative τcore detected: Dual{ForwardDiff.Tag{DFTK.var"#1369#1370"{StaticArraysCore.SMatrix{3, 3, Float64, 9}, DFTK.var"#HF_energy#1368"{Vector{Vector{Float64}}, Float64, Vector{Matrix{ComplexF64}}, Vector{Vector{Float64}}}}, Float64}}(-0.00023899711787534972,-0.00010609988679023493)
└ @ DFTK ~/supporting-mgga-addfpt/DFTK-mgga/src/terms/xc.jl:45
┌ Warning: Negative τcore detected: Dual{ForwardDiff.Tag{DFTK.var"#1369#1370"{StaticArraysCore.SMatrix{3, 3, Float64, 9}, DFTK.var"#HF_energy#1368"{Vector{Vector{Float64}}, Float64, Vector{Matrix{ComplexF64}}, Vector{Vector{Float64}}}}, Float64}}(-0.00023899711787534972,-0.00010609988679023493)
└ @ DFTK ~/supporting-mgga-addfpt/DFTK-mgga/src/terms/xc.jl:45
┌ Warning: Negative τcore detected: Dual{ForwardDiff.Tag{DFTK.var"#1369#1370"{StaticArraysCore.SMatrix{3, 3, Float64, 9}, DFTK.var"#HF_energy#1368"{Vector{Vector{Float64}}, Float64, Vector{Matrix{ComplexF64}}, Vector{Vector{Float64}}}}, Float64}}(-0.00023899711787534972,-0.00010609988679023493)
└ @ DFTK ~/supporting-mgga-addfpt/DFTK-mgga/src/terms/xc.jl:45
┌ Warning: Negative τcore detected: Dual{ForwardDiff.Tag{DFTK.var"#1369#1370"{StaticArraysCore.SMatrix{3, 3, Float64, 9}, DFTK.var"#HF_energy#1368"{Vector{Vector{Float64}}, Float64, Vector{Matrix{ComplexF64}}, Vector{Vector{Float64}}}}, Float64}}(-0.00023899711787534972,-0.00010609988679023493)
└ @ DFTK ~/supporting-mgga-addfpt/DFTK-mgga/src/terms/xc.jl:45
h: 1.0e-5
scf_tol: 1.0e-12
Ecut: 55
C11: 1110.6091401401322
C12: 114.4044782428884
C44: 584.554237124252
all three: [1110.6091401401322, 114.4044782428884, 584.554237124252]
stress_mh: [-4.2124521305549865e-7, -8.244139300524564e-8, -8.244139300525919e-8, -2.1956453332617536e-7, 5.421010862427522e-20, 4.658681209898652e-20]
stress_ph: [3.3373153662027696e-7, -4.67080926840486e-9, -4.670809268411636e-9, 1.7780736107187168e-7, 0.0, -2.710505431213761e-20]
dstress: [0.03774883748378878, 0.0038885291868420383, 0.0038885291868423775, 0.01986859471990235, -2.7105054312137607e-15, -3.6845933205562065e-15]
Computing for h=1.0e-6
┌ Warning: Negative ρcore detected: -2.9961295908381592e-5
└ @ DFTK ~/supporting-mgga-addfpt/DFTK-mgga/src/terms/xc.jl:39
┌ Warning: Negative ρcore detected: -2.9961295908381592e-5
└ @ DFTK ~/supporting-mgga-addfpt/DFTK-mgga/src/terms/xc.jl:39
┌ Warning: Negative ρcore detected: -2.9961295908381592e-5
└ @ DFTK ~/supporting-mgga-addfpt/DFTK-mgga/src/terms/xc.jl:39
┌ Warning: Negative ρcore detected: -2.9961295908381592e-5
└ @ DFTK ~/supporting-mgga-addfpt/DFTK-mgga/src/terms/xc.jl:39
┌ Warning: Negative τcore detected: -0.0002389998590252465
└ @ DFTK ~/supporting-mgga-addfpt/DFTK-mgga/src/terms/xc.jl:45
┌ Warning: Negative τcore detected: -0.0002389998590252465
└ @ DFTK ~/supporting-mgga-addfpt/DFTK-mgga/src/terms/xc.jl:45
┌ Warning: Negative τcore detected: -0.0002389998590252465
└ @ DFTK ~/supporting-mgga-addfpt/DFTK-mgga/src/terms/xc.jl:45
┌ Warning: Negative τcore detected: -0.0002389998590252465
└ @ DFTK ~/supporting-mgga-addfpt/DFTK-mgga/src/terms/xc.jl:45
n     Energy            log10(ΔE)   log10(Δρ)   Diag   Δtime 
---   ---------------   ---------   ---------   ----   ------
  1   -11.73640962441                   -0.73    8.6    3.61s
  2   -11.74241860751       -2.22       -1.58    2.8    1.64s
  3   -11.74258493711       -3.78       -2.24    3.1    1.79s
  4   -11.74258728420       -5.63       -3.89    2.7    1.37s
  5   -11.74258733057       -7.33       -4.51    5.1    2.32s
  6   -11.74258733068       -9.99       -5.26    3.1    2.04s
  7   -11.74258733068      -11.43       -6.87    3.6    1.67s
  8   -11.74258733068      -13.26       -7.55    4.7    2.64s
  9   -11.74258733068   +  -14.45       -8.65    2.8    1.76s
 10   -11.74258733068   +  -14.75       -9.18    3.9    2.09s
 11   -11.74258733068      -14.75      -10.13    3.4    1.89s
 12   -11.74258733068   +  -14.45      -11.19    3.4    1.60s
 13   -11.74258733068      -14.45      -12.08    3.8    2.07s
┌ Warning: Negative ρcore detected: Dual{ForwardDiff.Tag{DFTK.var"#1369#1370"{StaticArraysCore.SMatrix{3, 3, Float64, 9}, DFTK.var"#HF_energy#1368"{Vector{Vector{Float64}}, Float64, Vector{Matrix{ComplexF64}}, Vector{Vector{Float64}}}}, Float64}}(-2.996129590840049e-5,-0.0002499026079024615)
└ @ DFTK ~/supporting-mgga-addfpt/DFTK-mgga/src/terms/xc.jl:39
┌ Warning: Negative ρcore detected: Dual{ForwardDiff.Tag{DFTK.var"#1369#1370"{StaticArraysCore.SMatrix{3, 3, Float64, 9}, DFTK.var"#HF_energy#1368"{Vector{Vector{Float64}}, Float64, Vector{Matrix{ComplexF64}}, Vector{Vector{Float64}}}}, Float64}}(-2.996129590840049e-5,-0.0002499026079024615)
└ @ DFTK ~/supporting-mgga-addfpt/DFTK-mgga/src/terms/xc.jl:39
┌ Warning: Negative ρcore detected: Dual{ForwardDiff.Tag{DFTK.var"#1369#1370"{StaticArraysCore.SMatrix{3, 3, Float64, 9}, DFTK.var"#HF_energy#1368"{Vector{Vector{Float64}}, Float64, Vector{Matrix{ComplexF64}}, Vector{Vector{Float64}}}}, Float64}}(-2.996129590840049e-5,-0.0002499026079024615)
└ @ DFTK ~/supporting-mgga-addfpt/DFTK-mgga/src/terms/xc.jl:39
┌ Warning: Negative ρcore detected: Dual{ForwardDiff.Tag{DFTK.var"#1369#1370"{StaticArraysCore.SMatrix{3, 3, Float64, 9}, DFTK.var"#HF_energy#1368"{Vector{Vector{Float64}}, Float64, Vector{Matrix{ComplexF64}}, Vector{Vector{Float64}}}}, Float64}}(-2.996129590840049e-5,-0.0002499026079024615)
└ @ DFTK ~/supporting-mgga-addfpt/DFTK-mgga/src/terms/xc.jl:39
┌ Warning: Negative τcore detected: Dual{ForwardDiff.Tag{DFTK.var"#1369#1370"{StaticArraysCore.SMatrix{3, 3, Float64, 9}, DFTK.var"#HF_energy#1368"{Vector{Vector{Float64}}, Float64, Vector{Matrix{ComplexF64}}, Vector{Vector{Float64}}}}, Float64}}(-0.00023899985902524012,-0.0001804070316049039)
└ @ DFTK ~/supporting-mgga-addfpt/DFTK-mgga/src/terms/xc.jl:45
┌ Warning: Negative τcore detected: Dual{ForwardDiff.Tag{DFTK.var"#1369#1370"{StaticArraysCore.SMatrix{3, 3, Float64, 9}, DFTK.var"#HF_energy#1368"{Vector{Vector{Float64}}, Float64, Vector{Matrix{ComplexF64}}, Vector{Vector{Float64}}}}, Float64}}(-0.00023899985902524012,-0.0001804070316049039)
└ @ DFTK ~/supporting-mgga-addfpt/DFTK-mgga/src/terms/xc.jl:45
┌ Warning: Negative τcore detected: Dual{ForwardDiff.Tag{DFTK.var"#1369#1370"{StaticArraysCore.SMatrix{3, 3, Float64, 9}, DFTK.var"#HF_energy#1368"{Vector{Vector{Float64}}, Float64, Vector{Matrix{ComplexF64}}, Vector{Vector{Float64}}}}, Float64}}(-0.00023899985902524012,-0.0001804070316049039)
└ @ DFTK ~/supporting-mgga-addfpt/DFTK-mgga/src/terms/xc.jl:45
┌ Warning: Negative τcore detected: Dual{ForwardDiff.Tag{DFTK.var"#1369#1370"{StaticArraysCore.SMatrix{3, 3, Float64, 9}, DFTK.var"#HF_energy#1368"{Vector{Vector{Float64}}, Float64, Vector{Matrix{ComplexF64}}, Vector{Vector{Float64}}}}, Float64}}(-0.00023899985902524012,-0.0001804070316049039)
└ @ DFTK ~/supporting-mgga-addfpt/DFTK-mgga/src/terms/xc.jl:45
┌ Warning: Negative ρcore detected: Dual{ForwardDiff.Tag{DFTK.var"#1369#1370"{StaticArraysCore.SMatrix{3, 3, Float64, 9}, DFTK.var"#HF_energy#1368"{Vector{Vector{Float64}}, Float64, Vector{Matrix{ComplexF64}}, Vector{Vector{Float64}}}}, Float64}}(-2.996129590840049e-5,-0.00019709178679643645)
└ @ DFTK ~/supporting-mgga-addfpt/DFTK-mgga/src/terms/xc.jl:39
┌ Warning: Negative ρcore detected: Dual{ForwardDiff.Tag{DFTK.var"#1369#1370"{StaticArraysCore.SMatrix{3, 3, Float64, 9}, DFTK.var"#HF_energy#1368"{Vector{Vector{Float64}}, Float64, Vector{Matrix{ComplexF64}}, Vector{Vector{Float64}}}}, Float64}}(-2.996129590840049e-5,-0.00019709178679643645)
└ @ DFTK ~/supporting-mgga-addfpt/DFTK-mgga/src/terms/xc.jl:39
┌ Warning: Negative ρcore detected: Dual{ForwardDiff.Tag{DFTK.var"#1369#1370"{StaticArraysCore.SMatrix{3, 3, Float64, 9}, DFTK.var"#HF_energy#1368"{Vector{Vector{Float64}}, Float64, Vector{Matrix{ComplexF64}}, Vector{Vector{Float64}}}}, Float64}}(-2.996129590840049e-5,-0.00019709178679643645)
└ @ DFTK ~/supporting-mgga-addfpt/DFTK-mgga/src/terms/xc.jl:39
┌ Warning: Negative ρcore detected: Dual{ForwardDiff.Tag{DFTK.var"#1369#1370"{StaticArraysCore.SMatrix{3, 3, Float64, 9}, DFTK.var"#HF_energy#1368"{Vector{Vector{Float64}}, Float64, Vector{Matrix{ComplexF64}}, Vector{Vector{Float64}}}}, Float64}}(-2.996129590840049e-5,-0.00019709178679643645)
└ @ DFTK ~/supporting-mgga-addfpt/DFTK-mgga/src/terms/xc.jl:39
┌ Warning: Negative τcore detected: Dual{ForwardDiff.Tag{DFTK.var"#1369#1370"{StaticArraysCore.SMatrix{3, 3, Float64, 9}, DFTK.var"#HF_energy#1368"{Vector{Vector{Float64}}, Float64, Vector{Matrix{ComplexF64}}, Vector{Vector{Float64}}}}, Float64}}(-0.00023899985902524012,-8.859011885280278e-5)
└ @ DFTK ~/supporting-mgga-addfpt/DFTK-mgga/src/terms/xc.jl:45
┌ Warning: Negative τcore detected: Dual{ForwardDiff.Tag{DFTK.var"#1369#1370"{StaticArraysCore.SMatrix{3, 3, Float64, 9}, DFTK.var"#HF_energy#1368"{Vector{Vector{Float64}}, Float64, Vector{Matrix{ComplexF64}}, Vector{Vector{Float64}}}}, Float64}}(-0.00023899985902524012,-8.859011885280278e-5)
└ @ DFTK ~/supporting-mgga-addfpt/DFTK-mgga/src/terms/xc.jl:45
┌ Warning: Negative τcore detected: Dual{ForwardDiff.Tag{DFTK.var"#1369#1370"{StaticArraysCore.SMatrix{3, 3, Float64, 9}, DFTK.var"#HF_energy#1368"{Vector{Vector{Float64}}, Float64, Vector{Matrix{ComplexF64}}, Vector{Vector{Float64}}}}, Float64}}(-0.00023899985902524012,-8.859011885280278e-5)
└ @ DFTK ~/supporting-mgga-addfpt/DFTK-mgga/src/terms/xc.jl:45
┌ Warning: Negative τcore detected: Dual{ForwardDiff.Tag{DFTK.var"#1369#1370"{StaticArraysCore.SMatrix{3, 3, Float64, 9}, DFTK.var"#HF_energy#1368"{Vector{Vector{Float64}}, Float64, Vector{Matrix{ComplexF64}}, Vector{Vector{Float64}}}}, Float64}}(-0.00023899985902524012,-8.859011885280278e-5)
└ @ DFTK ~/supporting-mgga-addfpt/DFTK-mgga/src/terms/xc.jl:45
┌ Warning: Negative ρcore detected: Dual{ForwardDiff.Tag{DFTK.var"#1369#1370"{StaticArraysCore.SMatrix{3, 3, Float64, 9}, DFTK.var"#HF_energy#1368"{Vector{Vector{Float64}}, Float64, Vector{Matrix{ComplexF64}}, Vector{Vector{Float64}}}}, Float64}}(-2.996129590840049e-5,-3.1503186204021535e-5)
└ @ DFTK ~/supporting-mgga-addfpt/DFTK-mgga/src/terms/xc.jl:39
┌ Warning: Negative ρcore detected: Dual{ForwardDiff.Tag{DFTK.var"#1369#1370"{StaticArraysCore.SMatrix{3, 3, Float64, 9}, DFTK.var"#HF_energy#1368"{Vector{Vector{Float64}}, Float64, Vector{Matrix{ComplexF64}}, Vector{Vector{Float64}}}}, Float64}}(-2.996129590840049e-5,-3.1503186204021535e-5)
└ @ DFTK ~/supporting-mgga-addfpt/DFTK-mgga/src/terms/xc.jl:39
┌ Warning: Negative ρcore detected: Dual{ForwardDiff.Tag{DFTK.var"#1369#1370"{StaticArraysCore.SMatrix{3, 3, Float64, 9}, DFTK.var"#HF_energy#1368"{Vector{Vector{Float64}}, Float64, Vector{Matrix{ComplexF64}}, Vector{Vector{Float64}}}}, Float64}}(-2.996129590840049e-5,-3.1503186204021535e-5)
└ @ DFTK ~/supporting-mgga-addfpt/DFTK-mgga/src/terms/xc.jl:39
┌ Warning: Negative ρcore detected: Dual{ForwardDiff.Tag{DFTK.var"#1369#1370"{StaticArraysCore.SMatrix{3, 3, Float64, 9}, DFTK.var"#HF_energy#1368"{Vector{Vector{Float64}}, Float64, Vector{Matrix{ComplexF64}}, Vector{Vector{Float64}}}}, Float64}}(-2.996129590840049e-5,-3.1503186204021535e-5)
└ @ DFTK ~/supporting-mgga-addfpt/DFTK-mgga/src/terms/xc.jl:39
┌ Warning: Negative τcore detected: Dual{ForwardDiff.Tag{DFTK.var"#1369#1370"{StaticArraysCore.SMatrix{3, 3, Float64, 9}, DFTK.var"#HF_energy#1368"{Vector{Vector{Float64}}, Float64, Vector{Matrix{ComplexF64}}, Vector{Vector{Float64}}}}, Float64}}(-0.00023899985902524012,-8.859011885331203e-5)
└ @ DFTK ~/supporting-mgga-addfpt/DFTK-mgga/src/terms/xc.jl:45
┌ Warning: Negative τcore detected: Dual{ForwardDiff.Tag{DFTK.var"#1369#1370"{StaticArraysCore.SMatrix{3, 3, Float64, 9}, DFTK.var"#HF_energy#1368"{Vector{Vector{Float64}}, Float64, Vector{Matrix{ComplexF64}}, Vector{Vector{Float64}}}}, Float64}}(-0.00023899985902524012,-8.859011885331203e-5)
└ @ DFTK ~/supporting-mgga-addfpt/DFTK-mgga/src/terms/xc.jl:45
┌ Warning: Negative τcore detected: Dual{ForwardDiff.Tag{DFTK.var"#1369#1370"{StaticArraysCore.SMatrix{3, 3, Float64, 9}, DFTK.var"#HF_energy#1368"{Vector{Vector{Float64}}, Float64, Vector{Matrix{ComplexF64}}, Vector{Vector{Float64}}}}, Float64}}(-0.00023899985902524012,-8.859011885331203e-5)
└ @ DFTK ~/supporting-mgga-addfpt/DFTK-mgga/src/terms/xc.jl:45
┌ Warning: Negative τcore detected: Dual{ForwardDiff.Tag{DFTK.var"#1369#1370"{StaticArraysCore.SMatrix{3, 3, Float64, 9}, DFTK.var"#HF_energy#1368"{Vector{Vector{Float64}}, Float64, Vector{Matrix{ComplexF64}}, Vector{Vector{Float64}}}}, Float64}}(-0.00023899985902524012,-8.859011885331203e-5)
└ @ DFTK ~/supporting-mgga-addfpt/DFTK-mgga/src/terms/xc.jl:45
┌ Warning: Negative ρcore detected: Dual{ForwardDiff.Tag{DFTK.var"#1369#1370"{StaticArraysCore.SMatrix{3, 3, Float64, 9}, DFTK.var"#HF_energy#1368"{Vector{Vector{Float64}}, Float64, Vector{Matrix{ComplexF64}}, Vector{Vector{Float64}}}}, Float64}}(-2.996129590840049e-5,-5.4920030212413594e-6)
└ @ DFTK ~/supporting-mgga-addfpt/DFTK-mgga/src/terms/xc.jl:39
┌ Warning: Negative ρcore detected: Dual{ForwardDiff.Tag{DFTK.var"#1369#1370"{StaticArraysCore.SMatrix{3, 3, Float64, 9}, DFTK.var"#HF_energy#1368"{Vector{Vector{Float64}}, Float64, Vector{Matrix{ComplexF64}}, Vector{Vector{Float64}}}}, Float64}}(-2.996129590840049e-5,-5.4920030212413594e-6)
└ @ DFTK ~/supporting-mgga-addfpt/DFTK-mgga/src/terms/xc.jl:39
┌ Warning: Negative ρcore detected: Dual{ForwardDiff.Tag{DFTK.var"#1369#1370"{StaticArraysCore.SMatrix{3, 3, Float64, 9}, DFTK.var"#HF_energy#1368"{Vector{Vector{Float64}}, Float64, Vector{Matrix{ComplexF64}}, Vector{Vector{Float64}}}}, Float64}}(-2.996129590840049e-5,-5.4920030212413594e-6)
└ @ DFTK ~/supporting-mgga-addfpt/DFTK-mgga/src/terms/xc.jl:39
┌ Warning: Negative ρcore detected: Dual{ForwardDiff.Tag{DFTK.var"#1369#1370"{StaticArraysCore.SMatrix{3, 3, Float64, 9}, DFTK.var"#HF_energy#1368"{Vector{Vector{Float64}}, Float64, Vector{Matrix{ComplexF64}}, Vector{Vector{Float64}}}}, Float64}}(-2.996129590840049e-5,-5.4920030212413594e-6)
└ @ DFTK ~/supporting-mgga-addfpt/DFTK-mgga/src/terms/xc.jl:39
┌ Warning: Negative τcore detected: Dual{ForwardDiff.Tag{DFTK.var"#1369#1370"{StaticArraysCore.SMatrix{3, 3, Float64, 9}, DFTK.var"#HF_energy#1368"{Vector{Vector{Float64}}, Float64, Vector{Matrix{ComplexF64}}, Vector{Vector{Float64}}}}, Float64}}(-0.00023899985902524012,-0.0001057491647482299)
└ @ DFTK ~/supporting-mgga-addfpt/DFTK-mgga/src/terms/xc.jl:45
┌ Warning: Negative τcore detected: Dual{ForwardDiff.Tag{DFTK.var"#1369#1370"{StaticArraysCore.SMatrix{3, 3, Float64, 9}, DFTK.var"#HF_energy#1368"{Vector{Vector{Float64}}, Float64, Vector{Matrix{ComplexF64}}, Vector{Vector{Float64}}}}, Float64}}(-0.00023899985902524012,-0.0001057491647482299)
└ @ DFTK ~/supporting-mgga-addfpt/DFTK-mgga/src/terms/xc.jl:45
┌ Warning: Negative τcore detected: Dual{ForwardDiff.Tag{DFTK.var"#1369#1370"{StaticArraysCore.SMatrix{3, 3, Float64, 9}, DFTK.var"#HF_energy#1368"{Vector{Vector{Float64}}, Float64, Vector{Matrix{ComplexF64}}, Vector{Vector{Float64}}}}, Float64}}(-0.00023899985902524012,-0.0001057491647482299)
└ @ DFTK ~/supporting-mgga-addfpt/DFTK-mgga/src/terms/xc.jl:45
┌ Warning: Negative τcore detected: Dual{ForwardDiff.Tag{DFTK.var"#1369#1370"{StaticArraysCore.SMatrix{3, 3, Float64, 9}, DFTK.var"#HF_energy#1368"{Vector{Vector{Float64}}, Float64, Vector{Matrix{ComplexF64}}, Vector{Vector{Float64}}}}, Float64}}(-0.00023899985902524012,-0.0001057491647482299)
└ @ DFTK ~/supporting-mgga-addfpt/DFTK-mgga/src/terms/xc.jl:45
┌ Warning: Negative ρcore detected: Dual{ForwardDiff.Tag{DFTK.var"#1369#1370"{StaticArraysCore.SMatrix{3, 3, Float64, 9}, DFTK.var"#HF_energy#1368"{Vector{Vector{Float64}}, Float64, Vector{Matrix{ComplexF64}}, Vector{Vector{Float64}}}}, Float64}}(-2.996129590840049e-5,-9.75683217256332e-6)
└ @ DFTK ~/supporting-mgga-addfpt/DFTK-mgga/src/terms/xc.jl:39
┌ Warning: Negative ρcore detected: Dual{ForwardDiff.Tag{DFTK.var"#1369#1370"{StaticArraysCore.SMatrix{3, 3, Float64, 9}, DFTK.var"#HF_energy#1368"{Vector{Vector{Float64}}, Float64, Vector{Matrix{ComplexF64}}, Vector{Vector{Float64}}}}, Float64}}(-2.996129590840049e-5,-9.75683217256332e-6)
└ @ DFTK ~/supporting-mgga-addfpt/DFTK-mgga/src/terms/xc.jl:39
┌ Warning: Negative ρcore detected: Dual{ForwardDiff.Tag{DFTK.var"#1369#1370"{StaticArraysCore.SMatrix{3, 3, Float64, 9}, DFTK.var"#HF_energy#1368"{Vector{Vector{Float64}}, Float64, Vector{Matrix{ComplexF64}}, Vector{Vector{Float64}}}}, Float64}}(-2.996129590840049e-5,-9.75683217256332e-6)
└ @ DFTK ~/supporting-mgga-addfpt/DFTK-mgga/src/terms/xc.jl:39
┌ Warning: Negative ρcore detected: Dual{ForwardDiff.Tag{DFTK.var"#1369#1370"{StaticArraysCore.SMatrix{3, 3, Float64, 9}, DFTK.var"#HF_energy#1368"{Vector{Vector{Float64}}, Float64, Vector{Matrix{ComplexF64}}, Vector{Vector{Float64}}}}, Float64}}(-2.996129590840049e-5,-9.75683217256332e-6)
└ @ DFTK ~/supporting-mgga-addfpt/DFTK-mgga/src/terms/xc.jl:39
┌ Warning: Negative τcore detected: Dual{ForwardDiff.Tag{DFTK.var"#1369#1370"{StaticArraysCore.SMatrix{3, 3, Float64, 9}, DFTK.var"#HF_energy#1368"{Vector{Vector{Float64}}, Float64, Vector{Matrix{ComplexF64}}, Vector{Vector{Float64}}}}, Float64}}(-0.00023899985902524012,-0.00015669444618108129)
└ @ DFTK ~/supporting-mgga-addfpt/DFTK-mgga/src/terms/xc.jl:45
┌ Warning: Negative τcore detected: Dual{ForwardDiff.Tag{DFTK.var"#1369#1370"{StaticArraysCore.SMatrix{3, 3, Float64, 9}, DFTK.var"#HF_energy#1368"{Vector{Vector{Float64}}, Float64, Vector{Matrix{ComplexF64}}, Vector{Vector{Float64}}}}, Float64}}(-0.00023899985902524012,-0.00015669444618108129)
└ @ DFTK ~/supporting-mgga-addfpt/DFTK-mgga/src/terms/xc.jl:45
┌ Warning: Negative τcore detected: Dual{ForwardDiff.Tag{DFTK.var"#1369#1370"{StaticArraysCore.SMatrix{3, 3, Float64, 9}, DFTK.var"#HF_energy#1368"{Vector{Vector{Float64}}, Float64, Vector{Matrix{ComplexF64}}, Vector{Vector{Float64}}}}, Float64}}(-0.00023899985902524012,-0.00015669444618108129)
└ @ DFTK ~/supporting-mgga-addfpt/DFTK-mgga/src/terms/xc.jl:45
┌ Warning: Negative τcore detected: Dual{ForwardDiff.Tag{DFTK.var"#1369#1370"{StaticArraysCore.SMatrix{3, 3, Float64, 9}, DFTK.var"#HF_energy#1368"{Vector{Vector{Float64}}, Float64, Vector{Matrix{ComplexF64}}, Vector{Vector{Float64}}}}, Float64}}(-0.00023899985902524012,-0.00015669444618108129)
└ @ DFTK ~/supporting-mgga-addfpt/DFTK-mgga/src/terms/xc.jl:45
┌ Warning: Negative ρcore detected: Dual{ForwardDiff.Tag{DFTK.var"#1369#1370"{StaticArraysCore.SMatrix{3, 3, Float64, 9}, DFTK.var"#HF_energy#1368"{Vector{Vector{Float64}}, Float64, Vector{Matrix{ComplexF64}}, Vector{Vector{Float64}}}}, Float64}}(-2.996129590840049e-5,-0.00021618749428408475)
└ @ DFTK ~/supporting-mgga-addfpt/DFTK-mgga/src/terms/xc.jl:39
┌ Warning: Negative ρcore detected: Dual{ForwardDiff.Tag{DFTK.var"#1369#1370"{StaticArraysCore.SMatrix{3, 3, Float64, 9}, DFTK.var"#HF_energy#1368"{Vector{Vector{Float64}}, Float64, Vector{Matrix{ComplexF64}}, Vector{Vector{Float64}}}}, Float64}}(-2.996129590840049e-5,-0.00021618749428408475)
└ @ DFTK ~/supporting-mgga-addfpt/DFTK-mgga/src/terms/xc.jl:39
┌ Warning: Negative ρcore detected: Dual{ForwardDiff.Tag{DFTK.var"#1369#1370"{StaticArraysCore.SMatrix{3, 3, Float64, 9}, DFTK.var"#HF_energy#1368"{Vector{Vector{Float64}}, Float64, Vector{Matrix{ComplexF64}}, Vector{Vector{Float64}}}}, Float64}}(-2.996129590840049e-5,-0.00021618749428408475)
└ @ DFTK ~/supporting-mgga-addfpt/DFTK-mgga/src/terms/xc.jl:39
┌ Warning: Negative ρcore detected: Dual{ForwardDiff.Tag{DFTK.var"#1369#1370"{StaticArraysCore.SMatrix{3, 3, Float64, 9}, DFTK.var"#HF_energy#1368"{Vector{Vector{Float64}}, Float64, Vector{Matrix{ComplexF64}}, Vector{Vector{Float64}}}}, Float64}}(-2.996129590840049e-5,-0.00021618749428408475)
└ @ DFTK ~/supporting-mgga-addfpt/DFTK-mgga/src/terms/xc.jl:39
┌ Warning: Negative τcore detected: Dual{ForwardDiff.Tag{DFTK.var"#1369#1370"{StaticArraysCore.SMatrix{3, 3, Float64, 9}, DFTK.var"#HF_energy#1368"{Vector{Vector{Float64}}, Float64, Vector{Matrix{ComplexF64}}, Vector{Vector{Float64}}}}, Float64}}(-0.00023899985902524012,-0.0001566944461814887)
└ @ DFTK ~/supporting-mgga-addfpt/DFTK-mgga/src/terms/xc.jl:45
┌ Warning: Negative τcore detected: Dual{ForwardDiff.Tag{DFTK.var"#1369#1370"{StaticArraysCore.SMatrix{3, 3, Float64, 9}, DFTK.var"#HF_energy#1368"{Vector{Vector{Float64}}, Float64, Vector{Matrix{ComplexF64}}, Vector{Vector{Float64}}}}, Float64}}(-0.00023899985902524012,-0.0001566944461814887)
└ @ DFTK ~/supporting-mgga-addfpt/DFTK-mgga/src/terms/xc.jl:45
┌ Warning: Negative τcore detected: Dual{ForwardDiff.Tag{DFTK.var"#1369#1370"{StaticArraysCore.SMatrix{3, 3, Float64, 9}, DFTK.var"#HF_energy#1368"{Vector{Vector{Float64}}, Float64, Vector{Matrix{ComplexF64}}, Vector{Vector{Float64}}}}, Float64}}(-0.00023899985902524012,-0.0001566944461814887)
└ @ DFTK ~/supporting-mgga-addfpt/DFTK-mgga/src/terms/xc.jl:45
┌ Warning: Negative τcore detected: Dual{ForwardDiff.Tag{DFTK.var"#1369#1370"{StaticArraysCore.SMatrix{3, 3, Float64, 9}, DFTK.var"#HF_energy#1368"{Vector{Vector{Float64}}, Float64, Vector{Matrix{ComplexF64}}, Vector{Vector{Float64}}}}, Float64}}(-0.00023899985902524012,-0.0001566944461814887)
└ @ DFTK ~/supporting-mgga-addfpt/DFTK-mgga/src/terms/xc.jl:45
┌ Warning: Negative ρcore detected: -2.996083366067435e-5
└ @ DFTK ~/supporting-mgga-addfpt/DFTK-mgga/src/terms/xc.jl:39
┌ Warning: Negative ρcore detected: -2.996083366067435e-5
└ @ DFTK ~/supporting-mgga-addfpt/DFTK-mgga/src/terms/xc.jl:39
┌ Warning: Negative ρcore detected: -2.996083366067435e-5
└ @ DFTK ~/supporting-mgga-addfpt/DFTK-mgga/src/terms/xc.jl:39
┌ Warning: Negative ρcore detected: -2.996083366067435e-5
└ @ DFTK ~/supporting-mgga-addfpt/DFTK-mgga/src/terms/xc.jl:39
┌ Warning: Negative τcore detected: -0.0002389993275126642
└ @ DFTK ~/supporting-mgga-addfpt/DFTK-mgga/src/terms/xc.jl:45
┌ Warning: Negative τcore detected: -0.0002389993275126642
└ @ DFTK ~/supporting-mgga-addfpt/DFTK-mgga/src/terms/xc.jl:45
┌ Warning: Negative τcore detected: -0.0002389993275126642
└ @ DFTK ~/supporting-mgga-addfpt/DFTK-mgga/src/terms/xc.jl:45
┌ Warning: Negative τcore detected: -0.0002389993275126642
└ @ DFTK ~/supporting-mgga-addfpt/DFTK-mgga/src/terms/xc.jl:45
n     Energy            log10(ΔE)   log10(Δρ)   Diag   Δtime 
---   ---------------   ---------   ---------   ----   ------
  1   -11.73641437615                   -0.73    8.4    3.62s
  2   -11.74241644563       -2.22       -1.58    2.7    1.38s
  3   -11.74258482989       -3.77       -2.24    3.1    1.91s
  4   -11.74258727543       -5.61       -3.88    2.8    1.70s
  5   -11.74258733053       -7.26       -4.45    4.9    2.12s
  6   -11.74258733067       -9.86       -5.16    3.3    1.86s
  7   -11.74258733067      -11.27       -6.78    3.8    1.64s
  8   -11.74258733067      -13.09       -7.41    4.6    2.05s
  9   -11.74258733067   +    -Inf       -8.47    3.0    2.11s
 10   -11.74258733067   +  -14.45       -9.00    4.2    1.87s
 11   -11.74258733067      -14.27      -10.01    3.4    1.73s
 12   -11.74258733067   +  -14.45      -11.00    4.1    2.38s
 13   -11.74258733067   +  -14.75      -11.82    3.9    1.69s
 14   -11.74258733067      -14.45      -12.92    3.2    2.44s
┌ Warning: Negative ρcore detected: Dual{ForwardDiff.Tag{DFTK.var"#1369#1370"{StaticArraysCore.SMatrix{3, 3, Float64, 9}, DFTK.var"#HF_energy#1368"{Vector{Vector{Float64}}, Float64, Vector{Matrix{ComplexF64}}, Vector{Vector{Float64}}}}, Float64}}(-2.996083366065995e-5,-0.00019709694161808316)
└ @ DFTK ~/supporting-mgga-addfpt/DFTK-mgga/src/terms/xc.jl:39
┌ Warning: Negative ρcore detected: Dual{ForwardDiff.Tag{DFTK.var"#1369#1370"{StaticArraysCore.SMatrix{3, 3, Float64, 9}, DFTK.var"#HF_energy#1368"{Vector{Vector{Float64}}, Float64, Vector{Matrix{ComplexF64}}, Vector{Vector{Float64}}}}, Float64}}(-2.996083366065995e-5,-0.00019709694161808316)
└ @ DFTK ~/supporting-mgga-addfpt/DFTK-mgga/src/terms/xc.jl:39
┌ Warning: Negative ρcore detected: Dual{ForwardDiff.Tag{DFTK.var"#1369#1370"{StaticArraysCore.SMatrix{3, 3, Float64, 9}, DFTK.var"#HF_energy#1368"{Vector{Vector{Float64}}, Float64, Vector{Matrix{ComplexF64}}, Vector{Vector{Float64}}}}, Float64}}(-2.996083366065995e-5,-0.00019709694161808316)
└ @ DFTK ~/supporting-mgga-addfpt/DFTK-mgga/src/terms/xc.jl:39
┌ Warning: Negative ρcore detected: Dual{ForwardDiff.Tag{DFTK.var"#1369#1370"{StaticArraysCore.SMatrix{3, 3, Float64, 9}, DFTK.var"#HF_energy#1368"{Vector{Vector{Float64}}, Float64, Vector{Matrix{ComplexF64}}, Vector{Vector{Float64}}}}, Float64}}(-2.996083366065995e-5,-0.00019709694161808316)
└ @ DFTK ~/supporting-mgga-addfpt/DFTK-mgga/src/terms/xc.jl:39
┌ Warning: Negative τcore detected: Dual{ForwardDiff.Tag{DFTK.var"#1369#1370"{StaticArraysCore.SMatrix{3, 3, Float64, 9}, DFTK.var"#HF_energy#1368"{Vector{Vector{Float64}}, Float64, Vector{Matrix{ComplexF64}}, Vector{Vector{Float64}}}}, Float64}}(-0.00023899932751228863,-8.865493456353887e-5)
└ @ DFTK ~/supporting-mgga-addfpt/DFTK-mgga/src/terms/xc.jl:45
┌ Warning: Negative τcore detected: Dual{ForwardDiff.Tag{DFTK.var"#1369#1370"{StaticArraysCore.SMatrix{3, 3, Float64, 9}, DFTK.var"#HF_energy#1368"{Vector{Vector{Float64}}, Float64, Vector{Matrix{ComplexF64}}, Vector{Vector{Float64}}}}, Float64}}(-0.00023899932751228863,-8.865493456353887e-5)
└ @ DFTK ~/supporting-mgga-addfpt/DFTK-mgga/src/terms/xc.jl:45
┌ Warning: Negative τcore detected: Dual{ForwardDiff.Tag{DFTK.var"#1369#1370"{StaticArraysCore.SMatrix{3, 3, Float64, 9}, DFTK.var"#HF_energy#1368"{Vector{Vector{Float64}}, Float64, Vector{Matrix{ComplexF64}}, Vector{Vector{Float64}}}}, Float64}}(-0.00023899932751228863,-8.865493456353887e-5)
└ @ DFTK ~/supporting-mgga-addfpt/DFTK-mgga/src/terms/xc.jl:45
┌ Warning: Negative τcore detected: Dual{ForwardDiff.Tag{DFTK.var"#1369#1370"{StaticArraysCore.SMatrix{3, 3, Float64, 9}, DFTK.var"#HF_energy#1368"{Vector{Vector{Float64}}, Float64, Vector{Matrix{ComplexF64}}, Vector{Vector{Float64}}}}, Float64}}(-0.00023899932751228863,-8.865493456353887e-5)
└ @ DFTK ~/supporting-mgga-addfpt/DFTK-mgga/src/terms/xc.jl:45
┌ Warning: Negative ρcore detected: Dual{ForwardDiff.Tag{DFTK.var"#1369#1370"{StaticArraysCore.SMatrix{3, 3, Float64, 9}, DFTK.var"#HF_energy#1368"{Vector{Vector{Float64}}, Float64, Vector{Matrix{ComplexF64}}, Vector{Vector{Float64}}}}, Float64}}(-2.996083366065995e-5,-3.1503255205524756e-5)
└ @ DFTK ~/supporting-mgga-addfpt/DFTK-mgga/src/terms/xc.jl:39
┌ Warning: Negative ρcore detected: Dual{ForwardDiff.Tag{DFTK.var"#1369#1370"{StaticArraysCore.SMatrix{3, 3, Float64, 9}, DFTK.var"#HF_energy#1368"{Vector{Vector{Float64}}, Float64, Vector{Matrix{ComplexF64}}, Vector{Vector{Float64}}}}, Float64}}(-2.996083366065995e-5,-3.1503255205524756e-5)
└ @ DFTK ~/supporting-mgga-addfpt/DFTK-mgga/src/terms/xc.jl:39
┌ Warning: Negative ρcore detected: Dual{ForwardDiff.Tag{DFTK.var"#1369#1370"{StaticArraysCore.SMatrix{3, 3, Float64, 9}, DFTK.var"#HF_energy#1368"{Vector{Vector{Float64}}, Float64, Vector{Matrix{ComplexF64}}, Vector{Vector{Float64}}}}, Float64}}(-2.996083366065995e-5,-3.1503255205524756e-5)
└ @ DFTK ~/supporting-mgga-addfpt/DFTK-mgga/src/terms/xc.jl:39
┌ Warning: Negative ρcore detected: Dual{ForwardDiff.Tag{DFTK.var"#1369#1370"{StaticArraysCore.SMatrix{3, 3, Float64, 9}, DFTK.var"#HF_energy#1368"{Vector{Vector{Float64}}, Float64, Vector{Matrix{ComplexF64}}, Vector{Vector{Float64}}}}, Float64}}(-2.996083366065995e-5,-3.1503255205524756e-5)
└ @ DFTK ~/supporting-mgga-addfpt/DFTK-mgga/src/terms/xc.jl:39
┌ Warning: Negative τcore detected: Dual{ForwardDiff.Tag{DFTK.var"#1369#1370"{StaticArraysCore.SMatrix{3, 3, Float64, 9}, DFTK.var"#HF_energy#1368"{Vector{Vector{Float64}}, Float64, Vector{Matrix{ComplexF64}}, Vector{Vector{Float64}}}}, Float64}}(-0.00023899932751228863,-0.00018041908592272024)
└ @ DFTK ~/supporting-mgga-addfpt/DFTK-mgga/src/terms/xc.jl:45
┌ Warning: Negative τcore detected: Dual{ForwardDiff.Tag{DFTK.var"#1369#1370"{StaticArraysCore.SMatrix{3, 3, Float64, 9}, DFTK.var"#HF_energy#1368"{Vector{Vector{Float64}}, Float64, Vector{Matrix{ComplexF64}}, Vector{Vector{Float64}}}}, Float64}}(-0.00023899932751228863,-0.00018041908592272024)
└ @ DFTK ~/supporting-mgga-addfpt/DFTK-mgga/src/terms/xc.jl:45
┌ Warning: Negative τcore detected: Dual{ForwardDiff.Tag{DFTK.var"#1369#1370"{StaticArraysCore.SMatrix{3, 3, Float64, 9}, DFTK.var"#HF_energy#1368"{Vector{Vector{Float64}}, Float64, Vector{Matrix{ComplexF64}}, Vector{Vector{Float64}}}}, Float64}}(-0.00023899932751228863,-0.00018041908592272024)
└ @ DFTK ~/supporting-mgga-addfpt/DFTK-mgga/src/terms/xc.jl:45
┌ Warning: Negative τcore detected: Dual{ForwardDiff.Tag{DFTK.var"#1369#1370"{StaticArraysCore.SMatrix{3, 3, Float64, 9}, DFTK.var"#HF_energy#1368"{Vector{Vector{Float64}}, Float64, Vector{Matrix{ComplexF64}}, Vector{Vector{Float64}}}}, Float64}}(-0.00023899932751228863,-0.00018041908592272024)
└ @ DFTK ~/supporting-mgga-addfpt/DFTK-mgga/src/terms/xc.jl:45
┌ Warning: Negative ρcore detected: Dual{ForwardDiff.Tag{DFTK.var"#1369#1370"{StaticArraysCore.SMatrix{3, 3, Float64, 9}, DFTK.var"#HF_energy#1368"{Vector{Vector{Float64}}, Float64, Vector{Matrix{ComplexF64}}, Vector{Vector{Float64}}}}, Float64}}(-2.996083366065995e-5,-0.00024990618990553687)
└ @ DFTK ~/supporting-mgga-addfpt/DFTK-mgga/src/terms/xc.jl:39
┌ Warning: Negative ρcore detected: Dual{ForwardDiff.Tag{DFTK.var"#1369#1370"{StaticArraysCore.SMatrix{3, 3, Float64, 9}, DFTK.var"#HF_energy#1368"{Vector{Vector{Float64}}, Float64, Vector{Matrix{ComplexF64}}, Vector{Vector{Float64}}}}, Float64}}(-2.996083366065995e-5,-0.00024990618990553687)
└ @ DFTK ~/supporting-mgga-addfpt/DFTK-mgga/src/terms/xc.jl:39
┌ Warning: Negative ρcore detected: Dual{ForwardDiff.Tag{DFTK.var"#1369#1370"{StaticArraysCore.SMatrix{3, 3, Float64, 9}, DFTK.var"#HF_energy#1368"{Vector{Vector{Float64}}, Float64, Vector{Matrix{ComplexF64}}, Vector{Vector{Float64}}}}, Float64}}(-2.996083366065995e-5,-0.00024990618990553687)
└ @ DFTK ~/supporting-mgga-addfpt/DFTK-mgga/src/terms/xc.jl:39
┌ Warning: Negative ρcore detected: Dual{ForwardDiff.Tag{DFTK.var"#1369#1370"{StaticArraysCore.SMatrix{3, 3, Float64, 9}, DFTK.var"#HF_energy#1368"{Vector{Vector{Float64}}, Float64, Vector{Matrix{ComplexF64}}, Vector{Vector{Float64}}}}, Float64}}(-2.996083366065995e-5,-0.00024990618990553687)
└ @ DFTK ~/supporting-mgga-addfpt/DFTK-mgga/src/terms/xc.jl:39
┌ Warning: Negative τcore detected: Dual{ForwardDiff.Tag{DFTK.var"#1369#1370"{StaticArraysCore.SMatrix{3, 3, Float64, 9}, DFTK.var"#HF_energy#1368"{Vector{Vector{Float64}}, Float64, Vector{Matrix{ComplexF64}}, Vector{Vector{Float64}}}}, Float64}}(-0.00023899932751228863,-8.865404959765756e-5)
└ @ DFTK ~/supporting-mgga-addfpt/DFTK-mgga/src/terms/xc.jl:45
┌ Warning: Negative τcore detected: Dual{ForwardDiff.Tag{DFTK.var"#1369#1370"{StaticArraysCore.SMatrix{3, 3, Float64, 9}, DFTK.var"#HF_energy#1368"{Vector{Vector{Float64}}, Float64, Vector{Matrix{ComplexF64}}, Vector{Vector{Float64}}}}, Float64}}(-0.00023899932751228863,-8.865404959765756e-5)
└ @ DFTK ~/supporting-mgga-addfpt/DFTK-mgga/src/terms/xc.jl:45
┌ Warning: Negative τcore detected: Dual{ForwardDiff.Tag{DFTK.var"#1369#1370"{StaticArraysCore.SMatrix{3, 3, Float64, 9}, DFTK.var"#HF_energy#1368"{Vector{Vector{Float64}}, Float64, Vector{Matrix{ComplexF64}}, Vector{Vector{Float64}}}}, Float64}}(-0.00023899932751228863,-8.865404959765756e-5)
└ @ DFTK ~/supporting-mgga-addfpt/DFTK-mgga/src/terms/xc.jl:45
┌ Warning: Negative τcore detected: Dual{ForwardDiff.Tag{DFTK.var"#1369#1370"{StaticArraysCore.SMatrix{3, 3, Float64, 9}, DFTK.var"#HF_energy#1368"{Vector{Vector{Float64}}, Float64, Vector{Matrix{ComplexF64}}, Vector{Vector{Float64}}}}, Float64}}(-0.00023899932751228863,-8.865404959765756e-5)
└ @ DFTK ~/supporting-mgga-addfpt/DFTK-mgga/src/terms/xc.jl:45
┌ Warning: Negative ρcore detected: Dual{ForwardDiff.Tag{DFTK.var"#1369#1370"{StaticArraysCore.SMatrix{3, 3, Float64, 9}, DFTK.var"#HF_energy#1368"{Vector{Vector{Float64}}, Float64, Vector{Matrix{ComplexF64}}, Vector{Vector{Float64}}}}, Float64}}(-2.996083366065995e-5,-9.75689793089758e-6)
└ @ DFTK ~/supporting-mgga-addfpt/DFTK-mgga/src/terms/xc.jl:39
┌ Warning: Negative ρcore detected: Dual{ForwardDiff.Tag{DFTK.var"#1369#1370"{StaticArraysCore.SMatrix{3, 3, Float64, 9}, DFTK.var"#HF_energy#1368"{Vector{Vector{Float64}}, Float64, Vector{Matrix{ComplexF64}}, Vector{Vector{Float64}}}}, Float64}}(-2.996083366065995e-5,-9.75689793089758e-6)
└ @ DFTK ~/supporting-mgga-addfpt/DFTK-mgga/src/terms/xc.jl:39
┌ Warning: Negative ρcore detected: Dual{ForwardDiff.Tag{DFTK.var"#1369#1370"{StaticArraysCore.SMatrix{3, 3, Float64, 9}, DFTK.var"#HF_energy#1368"{Vector{Vector{Float64}}, Float64, Vector{Matrix{ComplexF64}}, Vector{Vector{Float64}}}}, Float64}}(-2.996083366065995e-5,-9.75689793089758e-6)
└ @ DFTK ~/supporting-mgga-addfpt/DFTK-mgga/src/terms/xc.jl:39
┌ Warning: Negative ρcore detected: Dual{ForwardDiff.Tag{DFTK.var"#1369#1370"{StaticArraysCore.SMatrix{3, 3, Float64, 9}, DFTK.var"#HF_energy#1368"{Vector{Vector{Float64}}, Float64, Vector{Matrix{ComplexF64}}, Vector{Vector{Float64}}}}, Float64}}(-2.996083366065995e-5,-9.75689793089758e-6)
└ @ DFTK ~/supporting-mgga-addfpt/DFTK-mgga/src/terms/xc.jl:39
┌ Warning: Negative τcore detected: Dual{ForwardDiff.Tag{DFTK.var"#1369#1370"{StaticArraysCore.SMatrix{3, 3, Float64, 9}, DFTK.var"#HF_energy#1368"{Vector{Vector{Float64}}, Float64, Vector{Matrix{ComplexF64}}, Vector{Vector{Float64}}}}, Float64}}(-0.00023899932751228863,-0.00015669988751692743)
└ @ DFTK ~/supporting-mgga-addfpt/DFTK-mgga/src/terms/xc.jl:45
┌ Warning: Negative τcore detected: Dual{ForwardDiff.Tag{DFTK.var"#1369#1370"{StaticArraysCore.SMatrix{3, 3, Float64, 9}, DFTK.var"#HF_energy#1368"{Vector{Vector{Float64}}, Float64, Vector{Matrix{ComplexF64}}, Vector{Vector{Float64}}}}, Float64}}(-0.00023899932751228863,-0.00015669988751692743)
└ @ DFTK ~/supporting-mgga-addfpt/DFTK-mgga/src/terms/xc.jl:45
┌ Warning: Negative τcore detected: Dual{ForwardDiff.Tag{DFTK.var"#1369#1370"{StaticArraysCore.SMatrix{3, 3, Float64, 9}, DFTK.var"#HF_energy#1368"{Vector{Vector{Float64}}, Float64, Vector{Matrix{ComplexF64}}, Vector{Vector{Float64}}}}, Float64}}(-0.00023899932751228863,-0.00015669988751692743)
└ @ DFTK ~/supporting-mgga-addfpt/DFTK-mgga/src/terms/xc.jl:45
┌ Warning: Negative τcore detected: Dual{ForwardDiff.Tag{DFTK.var"#1369#1370"{StaticArraysCore.SMatrix{3, 3, Float64, 9}, DFTK.var"#HF_energy#1368"{Vector{Vector{Float64}}, Float64, Vector{Matrix{ComplexF64}}, Vector{Vector{Float64}}}}, Float64}}(-0.00023899932751228863,-0.00015669988751692743)
└ @ DFTK ~/supporting-mgga-addfpt/DFTK-mgga/src/terms/xc.jl:45
┌ Warning: Negative ρcore detected: Dual{ForwardDiff.Tag{DFTK.var"#1369#1370"{StaticArraysCore.SMatrix{3, 3, Float64, 9}, DFTK.var"#HF_energy#1368"{Vector{Vector{Float64}}, Float64, Vector{Matrix{ComplexF64}}, Vector{Vector{Float64}}}}, Float64}}(-2.996083366065995e-5,-0.00021619131486301816)
└ @ DFTK ~/supporting-mgga-addfpt/DFTK-mgga/src/terms/xc.jl:39
┌ Warning: Negative ρcore detected: Dual{ForwardDiff.Tag{DFTK.var"#1369#1370"{StaticArraysCore.SMatrix{3, 3, Float64, 9}, DFTK.var"#HF_energy#1368"{Vector{Vector{Float64}}, Float64, Vector{Matrix{ComplexF64}}, Vector{Vector{Float64}}}}, Float64}}(-2.996083366065995e-5,-0.00021619131486301816)
└ @ DFTK ~/supporting-mgga-addfpt/DFTK-mgga/src/terms/xc.jl:39
┌ Warning: Negative ρcore detected: Dual{ForwardDiff.Tag{DFTK.var"#1369#1370"{StaticArraysCore.SMatrix{3, 3, Float64, 9}, DFTK.var"#HF_energy#1368"{Vector{Vector{Float64}}, Float64, Vector{Matrix{ComplexF64}}, Vector{Vector{Float64}}}}, Float64}}(-2.996083366065995e-5,-0.00021619131486301816)
└ @ DFTK ~/supporting-mgga-addfpt/DFTK-mgga/src/terms/xc.jl:39
┌ Warning: Negative ρcore detected: Dual{ForwardDiff.Tag{DFTK.var"#1369#1370"{StaticArraysCore.SMatrix{3, 3, Float64, 9}, DFTK.var"#HF_energy#1368"{Vector{Vector{Float64}}, Float64, Vector{Matrix{ComplexF64}}, Vector{Vector{Float64}}}}, Float64}}(-2.996083366065995e-5,-0.00021619131486301816)
└ @ DFTK ~/supporting-mgga-addfpt/DFTK-mgga/src/terms/xc.jl:39
┌ Warning: Negative τcore detected: Dual{ForwardDiff.Tag{DFTK.var"#1369#1370"{StaticArraysCore.SMatrix{3, 3, Float64, 9}, DFTK.var"#HF_energy#1368"{Vector{Vector{Float64}}, Float64, Vector{Matrix{ComplexF64}}, Vector{Vector{Float64}}}}, Float64}}(-0.00023899932751228863,-0.00010581222331495288)
└ @ DFTK ~/supporting-mgga-addfpt/DFTK-mgga/src/terms/xc.jl:45
┌ Warning: Negative τcore detected: Dual{ForwardDiff.Tag{DFTK.var"#1369#1370"{StaticArraysCore.SMatrix{3, 3, Float64, 9}, DFTK.var"#HF_energy#1368"{Vector{Vector{Float64}}, Float64, Vector{Matrix{ComplexF64}}, Vector{Vector{Float64}}}}, Float64}}(-0.00023899932751228863,-0.00010581222331495288)
└ @ DFTK ~/supporting-mgga-addfpt/DFTK-mgga/src/terms/xc.jl:45
┌ Warning: Negative τcore detected: Dual{ForwardDiff.Tag{DFTK.var"#1369#1370"{StaticArraysCore.SMatrix{3, 3, Float64, 9}, DFTK.var"#HF_energy#1368"{Vector{Vector{Float64}}, Float64, Vector{Matrix{ComplexF64}}, Vector{Vector{Float64}}}}, Float64}}(-0.00023899932751228863,-0.00010581222331495288)
└ @ DFTK ~/supporting-mgga-addfpt/DFTK-mgga/src/terms/xc.jl:45
┌ Warning: Negative τcore detected: Dual{ForwardDiff.Tag{DFTK.var"#1369#1370"{StaticArraysCore.SMatrix{3, 3, Float64, 9}, DFTK.var"#HF_energy#1368"{Vector{Vector{Float64}}, Float64, Vector{Matrix{ComplexF64}}, Vector{Vector{Float64}}}}, Float64}}(-0.00023899932751228863,-0.00010581222331495288)
└ @ DFTK ~/supporting-mgga-addfpt/DFTK-mgga/src/terms/xc.jl:45
┌ Warning: Negative ρcore detected: Dual{ForwardDiff.Tag{DFTK.var"#1369#1370"{StaticArraysCore.SMatrix{3, 3, Float64, 9}, DFTK.var"#HF_energy#1368"{Vector{Vector{Float64}}, Float64, Vector{Matrix{ComplexF64}}, Vector{Vector{Float64}}}}, Float64}}(-2.996083366065995e-5,-5.492128588560554e-6)
└ @ DFTK ~/supporting-mgga-addfpt/DFTK-mgga/src/terms/xc.jl:39
┌ Warning: Negative ρcore detected: Dual{ForwardDiff.Tag{DFTK.var"#1369#1370"{StaticArraysCore.SMatrix{3, 3, Float64, 9}, DFTK.var"#HF_energy#1368"{Vector{Vector{Float64}}, Float64, Vector{Matrix{ComplexF64}}, Vector{Vector{Float64}}}}, Float64}}(-2.996083366065995e-5,-5.492128588560554e-6)
└ @ DFTK ~/supporting-mgga-addfpt/DFTK-mgga/src/terms/xc.jl:39
┌ Warning: Negative ρcore detected: Dual{ForwardDiff.Tag{DFTK.var"#1369#1370"{StaticArraysCore.SMatrix{3, 3, Float64, 9}, DFTK.var"#HF_energy#1368"{Vector{Vector{Float64}}, Float64, Vector{Matrix{ComplexF64}}, Vector{Vector{Float64}}}}, Float64}}(-2.996083366065995e-5,-5.492128588560554e-6)
└ @ DFTK ~/supporting-mgga-addfpt/DFTK-mgga/src/terms/xc.jl:39
┌ Warning: Negative ρcore detected: Dual{ForwardDiff.Tag{DFTK.var"#1369#1370"{StaticArraysCore.SMatrix{3, 3, Float64, 9}, DFTK.var"#HF_energy#1368"{Vector{Vector{Float64}}, Float64, Vector{Matrix{ComplexF64}}, Vector{Vector{Float64}}}}, Float64}}(-2.996083366065995e-5,-5.492128588560554e-6)
└ @ DFTK ~/supporting-mgga-addfpt/DFTK-mgga/src/terms/xc.jl:39
┌ Warning: Negative τcore detected: Dual{ForwardDiff.Tag{DFTK.var"#1369#1370"{StaticArraysCore.SMatrix{3, 3, Float64, 9}, DFTK.var"#HF_energy#1368"{Vector{Vector{Float64}}, Float64, Vector{Matrix{ComplexF64}}, Vector{Vector{Float64}}}}, Float64}}(-0.00023899932751228863,-0.00015670012367295782)
└ @ DFTK ~/supporting-mgga-addfpt/DFTK-mgga/src/terms/xc.jl:45
┌ Warning: Negative τcore detected: Dual{ForwardDiff.Tag{DFTK.var"#1369#1370"{StaticArraysCore.SMatrix{3, 3, Float64, 9}, DFTK.var"#HF_energy#1368"{Vector{Vector{Float64}}, Float64, Vector{Matrix{ComplexF64}}, Vector{Vector{Float64}}}}, Float64}}(-0.00023899932751228863,-0.00015670012367295782)
└ @ DFTK ~/supporting-mgga-addfpt/DFTK-mgga/src/terms/xc.jl:45
┌ Warning: Negative τcore detected: Dual{ForwardDiff.Tag{DFTK.var"#1369#1370"{StaticArraysCore.SMatrix{3, 3, Float64, 9}, DFTK.var"#HF_energy#1368"{Vector{Vector{Float64}}, Float64, Vector{Matrix{ComplexF64}}, Vector{Vector{Float64}}}}, Float64}}(-0.00023899932751228863,-0.00015670012367295782)
└ @ DFTK ~/supporting-mgga-addfpt/DFTK-mgga/src/terms/xc.jl:45
┌ Warning: Negative τcore detected: Dual{ForwardDiff.Tag{DFTK.var"#1369#1370"{StaticArraysCore.SMatrix{3, 3, Float64, 9}, DFTK.var"#HF_energy#1368"{Vector{Vector{Float64}}, Float64, Vector{Matrix{ComplexF64}}, Vector{Vector{Float64}}}}, Float64}}(-0.00023899932751228863,-0.00015670012367295782)
└ @ DFTK ~/supporting-mgga-addfpt/DFTK-mgga/src/terms/xc.jl:45
h: 1.0e-6
scf_tol: 1.0e-12
Ecut: 55
C11: 1110.609166554913
C12: 114.40448909218799
C44: 584.5542350334939
all three: [1110.609166554913, 114.40448909218799, 584.5542350334939]
stress_mh: [-8.150040408434761e-8, -4.743911240693259e-8, -4.743911240693259e-8, -4.074471630084013e-8, 0.0, -8.470329472543003e-21]
stress_ph: [-6.002727321129758e-9, -3.9662053295728115e-8, -3.9662053295748444e-8, -1.0075270031622832e-9, 5.421010862427522e-20, 2.625802136488331e-20]
dstress: [0.03774883838160893, 0.003888529555602237, 0.0038885295555920727, 0.019868594648838927, 2.710505431213761e-14, 1.7364175418713157e-14]
Computing for h=1.0e-7
┌ Warning: Negative ρcore detected: -2.9961066052760344e-5
└ @ DFTK ~/supporting-mgga-addfpt/DFTK-mgga/src/terms/xc.jl:39
┌ Warning: Negative ρcore detected: -2.9961066052760344e-5
└ @ DFTK ~/supporting-mgga-addfpt/DFTK-mgga/src/terms/xc.jl:39
┌ Warning: Negative ρcore detected: -2.9961066052760344e-5
└ @ DFTK ~/supporting-mgga-addfpt/DFTK-mgga/src/terms/xc.jl:39
┌ Warning: Negative ρcore detected: -2.9961066052760344e-5
└ @ DFTK ~/supporting-mgga-addfpt/DFTK-mgga/src/terms/xc.jl:39
┌ Warning: Negative τcore detected: -0.0002389996014680109
└ @ DFTK ~/supporting-mgga-addfpt/DFTK-mgga/src/terms/xc.jl:45
┌ Warning: Negative τcore detected: -0.0002389996014680109
└ @ DFTK ~/supporting-mgga-addfpt/DFTK-mgga/src/terms/xc.jl:45
┌ Warning: Negative τcore detected: -0.0002389996014680109
└ @ DFTK ~/supporting-mgga-addfpt/DFTK-mgga/src/terms/xc.jl:45
┌ Warning: Negative τcore detected: -0.0002389996014680109
└ @ DFTK ~/supporting-mgga-addfpt/DFTK-mgga/src/terms/xc.jl:45
n     Energy            log10(ΔE)   log10(Δρ)   Diag   Δtime 
---   ---------------   ---------   ---------   ----   ------
  1   -11.73641100512                   -0.73    8.5    3.71s
  2   -11.74241446656       -2.22       -1.58    2.6    1.29s
  3   -11.74258486287       -3.77       -2.24    2.9    1.79s
  4   -11.74258727708       -5.62       -3.88    3.0    1.71s
  5   -11.74258733055       -7.27       -4.49    4.9    2.10s
  6   -11.74258733067       -9.92       -5.22    3.3    2.18s
  7   -11.74258733068      -11.34       -6.81    3.6    1.61s
  8   -11.74258733068      -13.23       -7.44    4.7    2.19s
  9   -11.74258733068   +    -Inf       -8.41    3.1    2.08s
 10   -11.74258733068   +  -14.45       -9.02    4.2    1.84s
 11   -11.74258733068      -14.75      -10.16    3.5    1.88s
 12   -11.74258733068   +  -14.75      -11.15    3.7    1.98s
 13   -11.74258733068   +    -Inf      -12.00    4.1    1.82s
┌ Warning: Negative ρcore detected: Dual{ForwardDiff.Tag{DFTK.var"#1369#1370"{StaticArraysCore.SMatrix{3, 3, Float64, 9}, DFTK.var"#HF_energy#1368"{Vector{Vector{Float64}}, Float64, Vector{Matrix{ComplexF64}}, Vector{Vector{Float64}}}}, Float64}}(-2.9961066052733626e-5,-0.00024990405984829956)
└ @ DFTK ~/supporting-mgga-addfpt/DFTK-mgga/src/terms/xc.jl:39
┌ Warning: Negative ρcore detected: Dual{ForwardDiff.Tag{DFTK.var"#1369#1370"{StaticArraysCore.SMatrix{3, 3, Float64, 9}, DFTK.var"#HF_energy#1368"{Vector{Vector{Float64}}, Float64, Vector{Matrix{ComplexF64}}, Vector{Vector{Float64}}}}, Float64}}(-2.9961066052733626e-5,-0.00024990405984829956)
└ @ DFTK ~/supporting-mgga-addfpt/DFTK-mgga/src/terms/xc.jl:39
┌ Warning: Negative ρcore detected: Dual{ForwardDiff.Tag{DFTK.var"#1369#1370"{StaticArraysCore.SMatrix{3, 3, Float64, 9}, DFTK.var"#HF_energy#1368"{Vector{Vector{Float64}}, Float64, Vector{Matrix{ComplexF64}}, Vector{Vector{Float64}}}}, Float64}}(-2.9961066052733626e-5,-0.00024990405984829956)
└ @ DFTK ~/supporting-mgga-addfpt/DFTK-mgga/src/terms/xc.jl:39
┌ Warning: Negative τcore detected: Dual{ForwardDiff.Tag{DFTK.var"#1369#1370"{StaticArraysCore.SMatrix{3, 3, Float64, 9}, DFTK.var"#HF_energy#1368"{Vector{Vector{Float64}}, Float64, Vector{Matrix{ComplexF64}}, Vector{Vector{Float64}}}}, Float64}}(-0.0002389996014680109,-0.000180415326096008)
└ @ DFTK ~/supporting-mgga-addfpt/DFTK-mgga/src/terms/xc.jl:45
┌ Warning: Negative ρcore detected: Dual{ForwardDiff.Tag{DFTK.var"#1369#1370"{StaticArraysCore.SMatrix{3, 3, Float64, 9}, DFTK.var"#HF_energy#1368"{Vector{Vector{Float64}}, Float64, Vector{Matrix{ComplexF64}}, Vector{Vector{Float64}}}}, Float64}}(-2.9961066052733626e-5,-0.00024990405984829956)
└ @ DFTK ~/supporting-mgga-addfpt/DFTK-mgga/src/terms/xc.jl:39
┌ Warning: Negative τcore detected: Dual{ForwardDiff.Tag{DFTK.var"#1369#1370"{StaticArraysCore.SMatrix{3, 3, Float64, 9}, DFTK.var"#HF_energy#1368"{Vector{Vector{Float64}}, Float64, Vector{Matrix{ComplexF64}}, Vector{Vector{Float64}}}}, Float64}}(-0.0002389996014680109,-0.000180415326096008)
└ @ DFTK ~/supporting-mgga-addfpt/DFTK-mgga/src/terms/xc.jl:45
┌ Warning: Negative τcore detected: Dual{ForwardDiff.Tag{DFTK.var"#1369#1370"{StaticArraysCore.SMatrix{3, 3, Float64, 9}, DFTK.var"#HF_energy#1368"{Vector{Vector{Float64}}, Float64, Vector{Matrix{ComplexF64}}, Vector{Vector{Float64}}}}, Float64}}(-0.0002389996014680109,-0.000180415326096008)
└ @ DFTK ~/supporting-mgga-addfpt/DFTK-mgga/src/terms/xc.jl:45
┌ Warning: Negative τcore detected: Dual{ForwardDiff.Tag{DFTK.var"#1369#1370"{StaticArraysCore.SMatrix{3, 3, Float64, 9}, DFTK.var"#HF_energy#1368"{Vector{Vector{Float64}}, Float64, Vector{Matrix{ComplexF64}}, Vector{Vector{Float64}}}}, Float64}}(-0.0002389996014680109,-0.000180415326096008)
└ @ DFTK ~/supporting-mgga-addfpt/DFTK-mgga/src/terms/xc.jl:45
┌ Warning: Negative ρcore detected: Dual{ForwardDiff.Tag{DFTK.var"#1369#1370"{StaticArraysCore.SMatrix{3, 3, Float64, 9}, DFTK.var"#HF_energy#1368"{Vector{Vector{Float64}}, Float64, Vector{Matrix{ComplexF64}}, Vector{Vector{Float64}}}}, Float64}}(-2.9961066052733626e-5,-3.150323336298455e-5)
└ @ DFTK ~/supporting-mgga-addfpt/DFTK-mgga/src/terms/xc.jl:39
┌ Warning: Negative ρcore detected: Dual{ForwardDiff.Tag{DFTK.var"#1369#1370"{StaticArraysCore.SMatrix{3, 3, Float64, 9}, DFTK.var"#HF_energy#1368"{Vector{Vector{Float64}}, Float64, Vector{Matrix{ComplexF64}}, Vector{Vector{Float64}}}}, Float64}}(-2.9961066052733626e-5,-3.150323336298455e-5)
└ @ DFTK ~/supporting-mgga-addfpt/DFTK-mgga/src/terms/xc.jl:39
┌ Warning: Negative ρcore detected: Dual{ForwardDiff.Tag{DFTK.var"#1369#1370"{StaticArraysCore.SMatrix{3, 3, Float64, 9}, DFTK.var"#HF_energy#1368"{Vector{Vector{Float64}}, Float64, Vector{Matrix{ComplexF64}}, Vector{Vector{Float64}}}}, Float64}}(-2.9961066052733626e-5,-3.150323336298455e-5)
└ @ DFTK ~/supporting-mgga-addfpt/DFTK-mgga/src/terms/xc.jl:39
┌ Warning: Negative ρcore detected: Dual{ForwardDiff.Tag{DFTK.var"#1369#1370"{StaticArraysCore.SMatrix{3, 3, Float64, 9}, DFTK.var"#HF_energy#1368"{Vector{Vector{Float64}}, Float64, Vector{Matrix{ComplexF64}}, Vector{Vector{Float64}}}}, Float64}}(-2.9961066052733626e-5,-3.150323336298455e-5)
└ @ DFTK ~/supporting-mgga-addfpt/DFTK-mgga/src/terms/xc.jl:39
┌ Warning: Negative τcore detected: Dual{ForwardDiff.Tag{DFTK.var"#1369#1370"{StaticArraysCore.SMatrix{3, 3, Float64, 9}, DFTK.var"#HF_energy#1368"{Vector{Vector{Float64}}, Float64, Vector{Matrix{ComplexF64}}, Vector{Vector{Float64}}}}, Float64}}(-0.0002389996014680109,-8.861892870591135e-5)
└ @ DFTK ~/supporting-mgga-addfpt/DFTK-mgga/src/terms/xc.jl:45
┌ Warning: Negative τcore detected: Dual{ForwardDiff.Tag{DFTK.var"#1369#1370"{StaticArraysCore.SMatrix{3, 3, Float64, 9}, DFTK.var"#HF_energy#1368"{Vector{Vector{Float64}}, Float64, Vector{Matrix{ComplexF64}}, Vector{Vector{Float64}}}}, Float64}}(-0.0002389996014680109,-8.861892870591135e-5)
└ @ DFTK ~/supporting-mgga-addfpt/DFTK-mgga/src/terms/xc.jl:45
┌ Warning: Negative τcore detected: Dual{ForwardDiff.Tag{DFTK.var"#1369#1370"{StaticArraysCore.SMatrix{3, 3, Float64, 9}, DFTK.var"#HF_energy#1368"{Vector{Vector{Float64}}, Float64, Vector{Matrix{ComplexF64}}, Vector{Vector{Float64}}}}, Float64}}(-0.0002389996014680109,-8.861892870591135e-5)
└ @ DFTK ~/supporting-mgga-addfpt/DFTK-mgga/src/terms/xc.jl:45
┌ Warning: Negative τcore detected: Dual{ForwardDiff.Tag{DFTK.var"#1369#1370"{StaticArraysCore.SMatrix{3, 3, Float64, 9}, DFTK.var"#HF_energy#1368"{Vector{Vector{Float64}}, Float64, Vector{Matrix{ComplexF64}}, Vector{Vector{Float64}}}}, Float64}}(-0.0002389996014680109,-8.861892870591135e-5)
└ @ DFTK ~/supporting-mgga-addfpt/DFTK-mgga/src/terms/xc.jl:45
┌ Warning: Negative ρcore detected: Dual{ForwardDiff.Tag{DFTK.var"#1369#1370"{StaticArraysCore.SMatrix{3, 3, Float64, 9}, DFTK.var"#HF_energy#1368"{Vector{Vector{Float64}}, Float64, Vector{Matrix{ComplexF64}}, Vector{Vector{Float64}}}}, Float64}}(-2.9961066052733626e-5,-0.00019709360885281942)
└ @ DFTK ~/supporting-mgga-addfpt/DFTK-mgga/src/terms/xc.jl:39
┌ Warning: Negative ρcore detected: Dual{ForwardDiff.Tag{DFTK.var"#1369#1370"{StaticArraysCore.SMatrix{3, 3, Float64, 9}, DFTK.var"#HF_energy#1368"{Vector{Vector{Float64}}, Float64, Vector{Matrix{ComplexF64}}, Vector{Vector{Float64}}}}, Float64}}(-2.9961066052733626e-5,-0.00019709360885281942)
└ @ DFTK ~/supporting-mgga-addfpt/DFTK-mgga/src/terms/xc.jl:39
┌ Warning: Negative ρcore detected: Dual{ForwardDiff.Tag{DFTK.var"#1369#1370"{StaticArraysCore.SMatrix{3, 3, Float64, 9}, DFTK.var"#HF_energy#1368"{Vector{Vector{Float64}}, Float64, Vector{Matrix{ComplexF64}}, Vector{Vector{Float64}}}}, Float64}}(-2.9961066052733626e-5,-0.00019709360885281942)
└ @ DFTK ~/supporting-mgga-addfpt/DFTK-mgga/src/terms/xc.jl:39
┌ Warning: Negative ρcore detected: Dual{ForwardDiff.Tag{DFTK.var"#1369#1370"{StaticArraysCore.SMatrix{3, 3, Float64, 9}, DFTK.var"#HF_energy#1368"{Vector{Vector{Float64}}, Float64, Vector{Matrix{ComplexF64}}, Vector{Vector{Float64}}}}, Float64}}(-2.9961066052733626e-5,-0.00019709360885281942)
└ @ DFTK ~/supporting-mgga-addfpt/DFTK-mgga/src/terms/xc.jl:39
┌ Warning: Negative τcore detected: Dual{ForwardDiff.Tag{DFTK.var"#1369#1370"{StaticArraysCore.SMatrix{3, 3, Float64, 9}, DFTK.var"#HF_energy#1368"{Vector{Vector{Float64}}, Float64, Vector{Matrix{ComplexF64}}, Vector{Vector{Float64}}}}, Float64}}(-0.0002389996014680109,-8.861892870596228e-5)
└ @ DFTK ~/supporting-mgga-addfpt/DFTK-mgga/src/terms/xc.jl:45
┌ Warning: Negative τcore detected: Dual{ForwardDiff.Tag{DFTK.var"#1369#1370"{StaticArraysCore.SMatrix{3, 3, Float64, 9}, DFTK.var"#HF_energy#1368"{Vector{Vector{Float64}}, Float64, Vector{Matrix{ComplexF64}}, Vector{Vector{Float64}}}}, Float64}}(-0.0002389996014680109,-8.861892870596228e-5)
└ @ DFTK ~/supporting-mgga-addfpt/DFTK-mgga/src/terms/xc.jl:45
┌ Warning: Negative τcore detected: Dual{ForwardDiff.Tag{DFTK.var"#1369#1370"{StaticArraysCore.SMatrix{3, 3, Float64, 9}, DFTK.var"#HF_energy#1368"{Vector{Vector{Float64}}, Float64, Vector{Matrix{ComplexF64}}, Vector{Vector{Float64}}}}, Float64}}(-0.0002389996014680109,-8.861892870596228e-5)
└ @ DFTK ~/supporting-mgga-addfpt/DFTK-mgga/src/terms/xc.jl:45
┌ Warning: Negative τcore detected: Dual{ForwardDiff.Tag{DFTK.var"#1369#1370"{StaticArraysCore.SMatrix{3, 3, Float64, 9}, DFTK.var"#HF_energy#1368"{Vector{Vector{Float64}}, Float64, Vector{Matrix{ComplexF64}}, Vector{Vector{Float64}}}}, Float64}}(-0.0002389996014680109,-8.861892870596228e-5)
└ @ DFTK ~/supporting-mgga-addfpt/DFTK-mgga/src/terms/xc.jl:45
┌ Warning: Negative ρcore detected: Dual{ForwardDiff.Tag{DFTK.var"#1369#1370"{StaticArraysCore.SMatrix{3, 3, Float64, 9}, DFTK.var"#HF_energy#1368"{Vector{Vector{Float64}}, Float64, Vector{Matrix{ComplexF64}}, Vector{Vector{Float64}}}}, Float64}}(-2.9961066052733626e-5,-5.492032732224189e-6)
└ @ DFTK ~/supporting-mgga-addfpt/DFTK-mgga/src/terms/xc.jl:39
┌ Warning: Negative ρcore detected: Dual{ForwardDiff.Tag{DFTK.var"#1369#1370"{StaticArraysCore.SMatrix{3, 3, Float64, 9}, DFTK.var"#HF_energy#1368"{Vector{Vector{Float64}}, Float64, Vector{Matrix{ComplexF64}}, Vector{Vector{Float64}}}}, Float64}}(-2.9961066052733626e-5,-5.492032732224189e-6)
└ @ DFTK ~/supporting-mgga-addfpt/DFTK-mgga/src/terms/xc.jl:39
┌ Warning: Negative ρcore detected: Dual{ForwardDiff.Tag{DFTK.var"#1369#1370"{StaticArraysCore.SMatrix{3, 3, Float64, 9}, DFTK.var"#HF_energy#1368"{Vector{Vector{Float64}}, Float64, Vector{Matrix{ComplexF64}}, Vector{Vector{Float64}}}}, Float64}}(-2.9961066052733626e-5,-5.492032732224189e-6)
└ @ DFTK ~/supporting-mgga-addfpt/DFTK-mgga/src/terms/xc.jl:39
┌ Warning: Negative ρcore detected: Dual{ForwardDiff.Tag{DFTK.var"#1369#1370"{StaticArraysCore.SMatrix{3, 3, Float64, 9}, DFTK.var"#HF_energy#1368"{Vector{Vector{Float64}}, Float64, Vector{Matrix{ComplexF64}}, Vector{Vector{Float64}}}}, Float64}}(-2.9961066052733626e-5,-5.492032732224189e-6)
└ @ DFTK ~/supporting-mgga-addfpt/DFTK-mgga/src/terms/xc.jl:39
┌ Warning: Negative τcore detected: Dual{ForwardDiff.Tag{DFTK.var"#1369#1370"{StaticArraysCore.SMatrix{3, 3, Float64, 9}, DFTK.var"#HF_energy#1368"{Vector{Vector{Float64}}, Float64, Vector{Matrix{ComplexF64}}, Vector{Vector{Float64}}}}, Float64}}(-0.0002389996014680109,-0.00010577715077528179)
└ @ DFTK ~/supporting-mgga-addfpt/DFTK-mgga/src/terms/xc.jl:45
┌ Warning: Negative τcore detected: Dual{ForwardDiff.Tag{DFTK.var"#1369#1370"{StaticArraysCore.SMatrix{3, 3, Float64, 9}, DFTK.var"#HF_energy#1368"{Vector{Vector{Float64}}, Float64, Vector{Matrix{ComplexF64}}, Vector{Vector{Float64}}}}, Float64}}(-0.0002389996014680109,-0.00010577715077528179)
└ @ DFTK ~/supporting-mgga-addfpt/DFTK-mgga/src/terms/xc.jl:45
┌ Warning: Negative τcore detected: Dual{ForwardDiff.Tag{DFTK.var"#1369#1370"{StaticArraysCore.SMatrix{3, 3, Float64, 9}, DFTK.var"#HF_energy#1368"{Vector{Vector{Float64}}, Float64, Vector{Matrix{ComplexF64}}, Vector{Vector{Float64}}}}, Float64}}(-0.0002389996014680109,-0.00010577715077528179)
└ @ DFTK ~/supporting-mgga-addfpt/DFTK-mgga/src/terms/xc.jl:45
┌ Warning: Negative τcore detected: Dual{ForwardDiff.Tag{DFTK.var"#1369#1370"{StaticArraysCore.SMatrix{3, 3, Float64, 9}, DFTK.var"#HF_energy#1368"{Vector{Vector{Float64}}, Float64, Vector{Matrix{ComplexF64}}, Vector{Vector{Float64}}}}, Float64}}(-0.0002389996014680109,-0.00010577715077528179)
└ @ DFTK ~/supporting-mgga-addfpt/DFTK-mgga/src/terms/xc.jl:45
┌ Warning: Negative ρcore detected: Dual{ForwardDiff.Tag{DFTK.var"#1369#1370"{StaticArraysCore.SMatrix{3, 3, Float64, 9}, DFTK.var"#HF_energy#1368"{Vector{Vector{Float64}}, Float64, Vector{Matrix{ComplexF64}}, Vector{Vector{Float64}}}}, Float64}}(-2.9961066052733626e-5,-0.00021618893134492287)
└ @ DFTK ~/supporting-mgga-addfpt/DFTK-mgga/src/terms/xc.jl:39
┌ Warning: Negative ρcore detected: Dual{ForwardDiff.Tag{DFTK.var"#1369#1370"{StaticArraysCore.SMatrix{3, 3, Float64, 9}, DFTK.var"#HF_energy#1368"{Vector{Vector{Float64}}, Float64, Vector{Matrix{ComplexF64}}, Vector{Vector{Float64}}}}, Float64}}(-2.9961066052733626e-5,-0.00021618893134492287)
└ @ DFTK ~/supporting-mgga-addfpt/DFTK-mgga/src/terms/xc.jl:39
┌ Warning: Negative ρcore detected: Dual{ForwardDiff.Tag{DFTK.var"#1369#1370"{StaticArraysCore.SMatrix{3, 3, Float64, 9}, DFTK.var"#HF_energy#1368"{Vector{Vector{Float64}}, Float64, Vector{Matrix{ComplexF64}}, Vector{Vector{Float64}}}}, Float64}}(-2.9961066052733626e-5,-0.00021618893134492287)
└ @ DFTK ~/supporting-mgga-addfpt/DFTK-mgga/src/terms/xc.jl:39
┌ Warning: Negative ρcore detected: Dual{ForwardDiff.Tag{DFTK.var"#1369#1370"{StaticArraysCore.SMatrix{3, 3, Float64, 9}, DFTK.var"#HF_energy#1368"{Vector{Vector{Float64}}, Float64, Vector{Matrix{ComplexF64}}, Vector{Vector{Float64}}}}, Float64}}(-2.9961066052733626e-5,-0.00021618893134492287)
└ @ DFTK ~/supporting-mgga-addfpt/DFTK-mgga/src/terms/xc.jl:39
┌ Warning: Negative τcore detected: Dual{ForwardDiff.Tag{DFTK.var"#1369#1370"{StaticArraysCore.SMatrix{3, 3, Float64, 9}, DFTK.var"#HF_energy#1368"{Vector{Vector{Float64}}, Float64, Vector{Matrix{ComplexF64}}, Vector{Vector{Float64}}}}, Float64}}(-0.0002389996014680109,-0.00015669695746969674)
└ @ DFTK ~/supporting-mgga-addfpt/DFTK-mgga/src/terms/xc.jl:45
┌ Warning: Negative τcore detected: Dual{ForwardDiff.Tag{DFTK.var"#1369#1370"{StaticArraysCore.SMatrix{3, 3, Float64, 9}, DFTK.var"#HF_energy#1368"{Vector{Vector{Float64}}, Float64, Vector{Matrix{ComplexF64}}, Vector{Vector{Float64}}}}, Float64}}(-0.0002389996014680109,-0.00015669695746969674)
└ @ DFTK ~/supporting-mgga-addfpt/DFTK-mgga/src/terms/xc.jl:45
┌ Warning: Negative τcore detected: Dual{ForwardDiff.Tag{DFTK.var"#1369#1370"{StaticArraysCore.SMatrix{3, 3, Float64, 9}, DFTK.var"#HF_energy#1368"{Vector{Vector{Float64}}, Float64, Vector{Matrix{ComplexF64}}, Vector{Vector{Float64}}}}, Float64}}(-0.0002389996014680109,-0.00015669695746969674)
└ @ DFTK ~/supporting-mgga-addfpt/DFTK-mgga/src/terms/xc.jl:45
┌ Warning: Negative τcore detected: Dual{ForwardDiff.Tag{DFTK.var"#1369#1370"{StaticArraysCore.SMatrix{3, 3, Float64, 9}, DFTK.var"#HF_energy#1368"{Vector{Vector{Float64}}, Float64, Vector{Matrix{ComplexF64}}, Vector{Vector{Float64}}}}, Float64}}(-0.0002389996014680109,-0.00015669695746969674)
└ @ DFTK ~/supporting-mgga-addfpt/DFTK-mgga/src/terms/xc.jl:45
┌ Warning: Negative ρcore detected: Dual{ForwardDiff.Tag{DFTK.var"#1369#1370"{StaticArraysCore.SMatrix{3, 3, Float64, 9}, DFTK.var"#HF_energy#1368"{Vector{Vector{Float64}}, Float64, Vector{Matrix{ComplexF64}}, Vector{Vector{Float64}}}}, Float64}}(-2.9961066052733626e-5,-9.756865296083108e-6)
└ @ DFTK ~/supporting-mgga-addfpt/DFTK-mgga/src/terms/xc.jl:39
┌ Warning: Negative ρcore detected: Dual{ForwardDiff.Tag{DFTK.var"#1369#1370"{StaticArraysCore.SMatrix{3, 3, Float64, 9}, DFTK.var"#HF_energy#1368"{Vector{Vector{Float64}}, Float64, Vector{Matrix{ComplexF64}}, Vector{Vector{Float64}}}}, Float64}}(-2.9961066052733626e-5,-9.756865296083108e-6)
└ @ DFTK ~/supporting-mgga-addfpt/DFTK-mgga/src/terms/xc.jl:39
┌ Warning: Negative ρcore detected: Dual{ForwardDiff.Tag{DFTK.var"#1369#1370"{StaticArraysCore.SMatrix{3, 3, Float64, 9}, DFTK.var"#HF_energy#1368"{Vector{Vector{Float64}}, Float64, Vector{Matrix{ComplexF64}}, Vector{Vector{Float64}}}}, Float64}}(-2.9961066052733626e-5,-9.756865296083108e-6)
└ @ DFTK ~/supporting-mgga-addfpt/DFTK-mgga/src/terms/xc.jl:39
┌ Warning: Negative ρcore detected: Dual{ForwardDiff.Tag{DFTK.var"#1369#1370"{StaticArraysCore.SMatrix{3, 3, Float64, 9}, DFTK.var"#HF_energy#1368"{Vector{Vector{Float64}}, Float64, Vector{Matrix{ComplexF64}}, Vector{Vector{Float64}}}}, Float64}}(-2.9961066052733626e-5,-9.756865296083108e-6)
└ @ DFTK ~/supporting-mgga-addfpt/DFTK-mgga/src/terms/xc.jl:39
┌ Warning: Negative τcore detected: Dual{ForwardDiff.Tag{DFTK.var"#1369#1370"{StaticArraysCore.SMatrix{3, 3, Float64, 9}, DFTK.var"#HF_energy#1368"{Vector{Vector{Float64}}, Float64, Vector{Matrix{ComplexF64}}, Vector{Vector{Float64}}}}, Float64}}(-0.0002389996014680109,-0.0001566969574698368)
└ @ DFTK ~/supporting-mgga-addfpt/DFTK-mgga/src/terms/xc.jl:45
┌ Warning: Negative τcore detected: Dual{ForwardDiff.Tag{DFTK.var"#1369#1370"{StaticArraysCore.SMatrix{3, 3, Float64, 9}, DFTK.var"#HF_energy#1368"{Vector{Vector{Float64}}, Float64, Vector{Matrix{ComplexF64}}, Vector{Vector{Float64}}}}, Float64}}(-0.0002389996014680109,-0.0001566969574698368)
└ @ DFTK ~/supporting-mgga-addfpt/DFTK-mgga/src/terms/xc.jl:45
┌ Warning: Negative τcore detected: Dual{ForwardDiff.Tag{DFTK.var"#1369#1370"{StaticArraysCore.SMatrix{3, 3, Float64, 9}, DFTK.var"#HF_energy#1368"{Vector{Vector{Float64}}, Float64, Vector{Matrix{ComplexF64}}, Vector{Vector{Float64}}}}, Float64}}(-0.0002389996014680109,-0.0001566969574698368)
└ @ DFTK ~/supporting-mgga-addfpt/DFTK-mgga/src/terms/xc.jl:45
┌ Warning: Negative τcore detected: Dual{ForwardDiff.Tag{DFTK.var"#1369#1370"{StaticArraysCore.SMatrix{3, 3, Float64, 9}, DFTK.var"#HF_energy#1368"{Vector{Vector{Float64}}, Float64, Vector{Matrix{ComplexF64}}, Vector{Vector{Float64}}}}, Float64}}(-0.0002389996014680109,-0.0001566969574698368)
└ @ DFTK ~/supporting-mgga-addfpt/DFTK-mgga/src/terms/xc.jl:45
┌ Warning: Negative ρcore detected: -2.996101982804156e-5
└ @ DFTK ~/supporting-mgga-addfpt/DFTK-mgga/src/terms/xc.jl:39
┌ Warning: Negative ρcore detected: -2.996101982804156e-5
└ @ DFTK ~/supporting-mgga-addfpt/DFTK-mgga/src/terms/xc.jl:39
┌ Warning: Negative ρcore detected: -2.996101982804156e-5
└ @ DFTK ~/supporting-mgga-addfpt/DFTK-mgga/src/terms/xc.jl:39
┌ Warning: Negative ρcore detected: -2.996101982804156e-5
└ @ DFTK ~/supporting-mgga-addfpt/DFTK-mgga/src/terms/xc.jl:39
┌ Warning: Negative τcore detected: -0.0002389995483172276
└ @ DFTK ~/supporting-mgga-addfpt/DFTK-mgga/src/terms/xc.jl:45
┌ Warning: Negative τcore detected: -0.0002389995483172276
└ @ DFTK ~/supporting-mgga-addfpt/DFTK-mgga/src/terms/xc.jl:45
┌ Warning: Negative τcore detected: -0.0002389995483172276
└ @ DFTK ~/supporting-mgga-addfpt/DFTK-mgga/src/terms/xc.jl:45
┌ Warning: Negative τcore detected: -0.0002389995483172276
└ @ DFTK ~/supporting-mgga-addfpt/DFTK-mgga/src/terms/xc.jl:45
n     Energy            log10(ΔE)   log10(Δρ)   Diag   Δtime 
---   ---------------   ---------   ---------   ----   ------
  1   -11.73640986156                   -0.73    8.3    3.24s
  2   -11.74242537375       -2.22       -1.57    2.8    1.66s
  3   -11.74258474538       -3.80       -2.25    3.0    1.97s
  4   -11.74258728265       -5.60       -3.93    2.7    1.40s
  5   -11.74258733058       -7.32       -4.52    5.0    2.42s
  6   -11.74258733067      -10.02       -5.28    3.0    1.72s
  7   -11.74258733068      -11.49       -6.80    3.5    1.58s
  8   -11.74258733068      -13.35       -7.53    4.8    2.60s
  9   -11.74258733068   +    -Inf       -8.42    3.1    1.85s
 10   -11.74258733068      -14.75       -9.56    3.2    1.57s
 11   -11.74258733068   +  -14.45       -9.96    3.8    2.39s
 12   -11.74258733068      -14.75      -11.17    2.3    1.27s
 13   -11.74258733068      -14.75      -12.08    4.0    2.16s
┌ Warning: Negative ρcore detected: Dual{ForwardDiff.Tag{DFTK.var"#1369#1370"{StaticArraysCore.SMatrix{3, 3, Float64, 9}, DFTK.var"#HF_energy#1368"{Vector{Vector{Float64}}, Float64, Vector{Matrix{ComplexF64}}, Vector{Vector{Float64}}}}, Float64}}(-2.9961019828023023e-5,-0.00019709412433532104)
└ @ DFTK ~/supporting-mgga-addfpt/DFTK-mgga/src/terms/xc.jl:39
┌ Warning: Negative ρcore detected: Dual{ForwardDiff.Tag{DFTK.var"#1369#1370"{StaticArraysCore.SMatrix{3, 3, Float64, 9}, DFTK.var"#HF_energy#1368"{Vector{Vector{Float64}}, Float64, Vector{Matrix{ComplexF64}}, Vector{Vector{Float64}}}}, Float64}}(-2.9961019828023023e-5,-0.00019709412433532104)
└ @ DFTK ~/supporting-mgga-addfpt/DFTK-mgga/src/terms/xc.jl:39
┌ Warning: Negative ρcore detected: Dual{ForwardDiff.Tag{DFTK.var"#1369#1370"{StaticArraysCore.SMatrix{3, 3, Float64, 9}, DFTK.var"#HF_energy#1368"{Vector{Vector{Float64}}, Float64, Vector{Matrix{ComplexF64}}, Vector{Vector{Float64}}}}, Float64}}(-2.9961019828023023e-5,-0.00019709412433532104)
└ @ DFTK ~/supporting-mgga-addfpt/DFTK-mgga/src/terms/xc.jl:39
┌ Warning: Negative ρcore detected: Dual{ForwardDiff.Tag{DFTK.var"#1369#1370"{StaticArraysCore.SMatrix{3, 3, Float64, 9}, DFTK.var"#HF_energy#1368"{Vector{Vector{Float64}}, Float64, Vector{Matrix{ComplexF64}}, Vector{Vector{Float64}}}}, Float64}}(-2.9961019828023023e-5,-0.00019709412433532104)
└ @ DFTK ~/supporting-mgga-addfpt/DFTK-mgga/src/terms/xc.jl:39
┌ Warning: Negative τcore detected: Dual{ForwardDiff.Tag{DFTK.var"#1369#1370"{StaticArraysCore.SMatrix{3, 3, Float64, 9}, DFTK.var"#HF_energy#1368"{Vector{Vector{Float64}}, Float64, Vector{Matrix{ComplexF64}}, Vector{Vector{Float64}}}}, Float64}}(-0.0002389995483172276,-8.862541028115616e-5)
└ @ DFTK ~/supporting-mgga-addfpt/DFTK-mgga/src/terms/xc.jl:45
┌ Warning: Negative τcore detected: Dual{ForwardDiff.Tag{DFTK.var"#1369#1370"{StaticArraysCore.SMatrix{3, 3, Float64, 9}, DFTK.var"#HF_energy#1368"{Vector{Vector{Float64}}, Float64, Vector{Matrix{ComplexF64}}, Vector{Vector{Float64}}}}, Float64}}(-0.0002389995483172276,-8.862541028115616e-5)
└ @ DFTK ~/supporting-mgga-addfpt/DFTK-mgga/src/terms/xc.jl:45
┌ Warning: Negative τcore detected: Dual{ForwardDiff.Tag{DFTK.var"#1369#1370"{StaticArraysCore.SMatrix{3, 3, Float64, 9}, DFTK.var"#HF_energy#1368"{Vector{Vector{Float64}}, Float64, Vector{Matrix{ComplexF64}}, Vector{Vector{Float64}}}}, Float64}}(-0.0002389995483172276,-8.862541028115616e-5)
└ @ DFTK ~/supporting-mgga-addfpt/DFTK-mgga/src/terms/xc.jl:45
┌ Warning: Negative τcore detected: Dual{ForwardDiff.Tag{DFTK.var"#1369#1370"{StaticArraysCore.SMatrix{3, 3, Float64, 9}, DFTK.var"#HF_energy#1368"{Vector{Vector{Float64}}, Float64, Vector{Matrix{ComplexF64}}, Vector{Vector{Float64}}}}, Float64}}(-0.0002389995483172276,-8.862541028115616e-5)
└ @ DFTK ~/supporting-mgga-addfpt/DFTK-mgga/src/terms/xc.jl:45
┌ Warning: Negative ρcore detected: Dual{ForwardDiff.Tag{DFTK.var"#1369#1370"{StaticArraysCore.SMatrix{3, 3, Float64, 9}, DFTK.var"#HF_energy#1368"{Vector{Vector{Float64}}, Float64, Vector{Matrix{ComplexF64}}, Vector{Vector{Float64}}}}, Float64}}(-2.9961019828023023e-5,-3.15032402631645e-5)
└ @ DFTK ~/supporting-mgga-addfpt/DFTK-mgga/src/terms/xc.jl:39
┌ Warning: Negative ρcore detected: Dual{ForwardDiff.Tag{DFTK.var"#1369#1370"{StaticArraysCore.SMatrix{3, 3, Float64, 9}, DFTK.var"#HF_energy#1368"{Vector{Vector{Float64}}, Float64, Vector{Matrix{ComplexF64}}, Vector{Vector{Float64}}}}, Float64}}(-2.9961019828023023e-5,-3.15032402631645e-5)
└ @ DFTK ~/supporting-mgga-addfpt/DFTK-mgga/src/terms/xc.jl:39
┌ Warning: Negative ρcore detected: Dual{ForwardDiff.Tag{DFTK.var"#1369#1370"{StaticArraysCore.SMatrix{3, 3, Float64, 9}, DFTK.var"#HF_energy#1368"{Vector{Vector{Float64}}, Float64, Vector{Matrix{ComplexF64}}, Vector{Vector{Float64}}}}, Float64}}(-2.9961019828023023e-5,-3.15032402631645e-5)
└ @ DFTK ~/supporting-mgga-addfpt/DFTK-mgga/src/terms/xc.jl:39
┌ Warning: Negative ρcore detected: Dual{ForwardDiff.Tag{DFTK.var"#1369#1370"{StaticArraysCore.SMatrix{3, 3, Float64, 9}, DFTK.var"#HF_energy#1368"{Vector{Vector{Float64}}, Float64, Vector{Matrix{ComplexF64}}, Vector{Vector{Float64}}}}, Float64}}(-2.9961019828023023e-5,-3.15032402631645e-5)
└ @ DFTK ~/supporting-mgga-addfpt/DFTK-mgga/src/terms/xc.jl:39
┌ Warning: Negative τcore detected: Dual{ForwardDiff.Tag{DFTK.var"#1369#1370"{StaticArraysCore.SMatrix{3, 3, Float64, 9}, DFTK.var"#HF_energy#1368"{Vector{Vector{Float64}}, Float64, Vector{Matrix{ComplexF64}}, Vector{Vector{Float64}}}}, Float64}}(-0.0002389995483172276,-8.862532177905108e-5)
└ @ DFTK ~/supporting-mgga-addfpt/DFTK-mgga/src/terms/xc.jl:45
┌ Warning: Negative τcore detected: Dual{ForwardDiff.Tag{DFTK.var"#1369#1370"{StaticArraysCore.SMatrix{3, 3, Float64, 9}, DFTK.var"#HF_energy#1368"{Vector{Vector{Float64}}, Float64, Vector{Matrix{ComplexF64}}, Vector{Vector{Float64}}}}, Float64}}(-0.0002389995483172276,-8.862532177905108e-5)
└ @ DFTK ~/supporting-mgga-addfpt/DFTK-mgga/src/terms/xc.jl:45
┌ Warning: Negative τcore detected: Dual{ForwardDiff.Tag{DFTK.var"#1369#1370"{StaticArraysCore.SMatrix{3, 3, Float64, 9}, DFTK.var"#HF_energy#1368"{Vector{Vector{Float64}}, Float64, Vector{Matrix{ComplexF64}}, Vector{Vector{Float64}}}}, Float64}}(-0.0002389995483172276,-8.862532177905108e-5)
└ @ DFTK ~/supporting-mgga-addfpt/DFTK-mgga/src/terms/xc.jl:45
┌ Warning: Negative τcore detected: Dual{ForwardDiff.Tag{DFTK.var"#1369#1370"{StaticArraysCore.SMatrix{3, 3, Float64, 9}, DFTK.var"#HF_energy#1368"{Vector{Vector{Float64}}, Float64, Vector{Matrix{ComplexF64}}, Vector{Vector{Float64}}}}, Float64}}(-0.0002389995483172276,-8.862532177905108e-5)
└ @ DFTK ~/supporting-mgga-addfpt/DFTK-mgga/src/terms/xc.jl:45
┌ Warning: Negative ρcore detected: Dual{ForwardDiff.Tag{DFTK.var"#1369#1370"{StaticArraysCore.SMatrix{3, 3, Float64, 9}, DFTK.var"#HF_energy#1368"{Vector{Vector{Float64}}, Float64, Vector{Matrix{ComplexF64}}, Vector{Vector{Float64}}}}, Float64}}(-2.9961019828023023e-5,-0.00024990441804751545)
└ @ DFTK ~/supporting-mgga-addfpt/DFTK-mgga/src/terms/xc.jl:39
┌ Warning: Negative ρcore detected: Dual{ForwardDiff.Tag{DFTK.var"#1369#1370"{StaticArraysCore.SMatrix{3, 3, Float64, 9}, DFTK.var"#HF_energy#1368"{Vector{Vector{Float64}}, Float64, Vector{Matrix{ComplexF64}}, Vector{Vector{Float64}}}}, Float64}}(-2.9961019828023023e-5,-0.00024990441804751545)
└ @ DFTK ~/supporting-mgga-addfpt/DFTK-mgga/src/terms/xc.jl:39
┌ Warning: Negative ρcore detected: Dual{ForwardDiff.Tag{DFTK.var"#1369#1370"{StaticArraysCore.SMatrix{3, 3, Float64, 9}, DFTK.var"#HF_energy#1368"{Vector{Vector{Float64}}, Float64, Vector{Matrix{ComplexF64}}, Vector{Vector{Float64}}}}, Float64}}(-2.9961019828023023e-5,-0.00024990441804751545)
└ @ DFTK ~/supporting-mgga-addfpt/DFTK-mgga/src/terms/xc.jl:39
┌ Warning: Negative ρcore detected: Dual{ForwardDiff.Tag{DFTK.var"#1369#1370"{StaticArraysCore.SMatrix{3, 3, Float64, 9}, DFTK.var"#HF_energy#1368"{Vector{Vector{Float64}}, Float64, Vector{Matrix{ComplexF64}}, Vector{Vector{Float64}}}}, Float64}}(-2.9961019828023023e-5,-0.00024990441804751545)
└ @ DFTK ~/supporting-mgga-addfpt/DFTK-mgga/src/terms/xc.jl:39
┌ Warning: Negative τcore detected: Dual{ForwardDiff.Tag{DFTK.var"#1369#1370"{StaticArraysCore.SMatrix{3, 3, Float64, 9}, DFTK.var"#HF_energy#1368"{Vector{Vector{Float64}}, Float64, Vector{Matrix{ComplexF64}}, Vector{Vector{Float64}}}}, Float64}}(-0.0002389995483172276,-0.00018041653152947874)
└ @ DFTK ~/supporting-mgga-addfpt/DFTK-mgga/src/terms/xc.jl:45
┌ Warning: Negative τcore detected: Dual{ForwardDiff.Tag{DFTK.var"#1369#1370"{StaticArraysCore.SMatrix{3, 3, Float64, 9}, DFTK.var"#HF_energy#1368"{Vector{Vector{Float64}}, Float64, Vector{Matrix{ComplexF64}}, Vector{Vector{Float64}}}}, Float64}}(-0.0002389995483172276,-0.00018041653152947874)
└ @ DFTK ~/supporting-mgga-addfpt/DFTK-mgga/src/terms/xc.jl:45
┌ Warning: Negative τcore detected: Dual{ForwardDiff.Tag{DFTK.var"#1369#1370"{StaticArraysCore.SMatrix{3, 3, Float64, 9}, DFTK.var"#HF_energy#1368"{Vector{Vector{Float64}}, Float64, Vector{Matrix{ComplexF64}}, Vector{Vector{Float64}}}}, Float64}}(-0.0002389995483172276,-0.00018041653152947874)
└ @ DFTK ~/supporting-mgga-addfpt/DFTK-mgga/src/terms/xc.jl:45
┌ Warning: Negative τcore detected: Dual{ForwardDiff.Tag{DFTK.var"#1369#1370"{StaticArraysCore.SMatrix{3, 3, Float64, 9}, DFTK.var"#HF_energy#1368"{Vector{Vector{Float64}}, Float64, Vector{Matrix{ComplexF64}}, Vector{Vector{Float64}}}}, Float64}}(-0.0002389995483172276,-0.00018041653152947874)
└ @ DFTK ~/supporting-mgga-addfpt/DFTK-mgga/src/terms/xc.jl:45
┌ Warning: Negative ρcore detected: Dual{ForwardDiff.Tag{DFTK.var"#1369#1370"{StaticArraysCore.SMatrix{3, 3, Float64, 9}, DFTK.var"#HF_energy#1368"{Vector{Vector{Float64}}, Float64, Vector{Matrix{ComplexF64}}, Vector{Vector{Float64}}}}, Float64}}(-2.9961019828023023e-5,-9.756871871788566e-6)
└ @ DFTK ~/supporting-mgga-addfpt/DFTK-mgga/src/terms/xc.jl:39
┌ Warning: Negative ρcore detected: Dual{ForwardDiff.Tag{DFTK.var"#1369#1370"{StaticArraysCore.SMatrix{3, 3, Float64, 9}, DFTK.var"#HF_energy#1368"{Vector{Vector{Float64}}, Float64, Vector{Matrix{ComplexF64}}, Vector{Vector{Float64}}}}, Float64}}(-2.9961019828023023e-5,-9.756871871788566e-6)
└ @ DFTK ~/supporting-mgga-addfpt/DFTK-mgga/src/terms/xc.jl:39
┌ Warning: Negative ρcore detected: Dual{ForwardDiff.Tag{DFTK.var"#1369#1370"{StaticArraysCore.SMatrix{3, 3, Float64, 9}, DFTK.var"#HF_energy#1368"{Vector{Vector{Float64}}, Float64, Vector{Matrix{ComplexF64}}, Vector{Vector{Float64}}}}, Float64}}(-2.9961019828023023e-5,-9.756871871788566e-6)
└ @ DFTK ~/supporting-mgga-addfpt/DFTK-mgga/src/terms/xc.jl:39
┌ Warning: Negative ρcore detected: Dual{ForwardDiff.Tag{DFTK.var"#1369#1370"{StaticArraysCore.SMatrix{3, 3, Float64, 9}, DFTK.var"#HF_energy#1368"{Vector{Vector{Float64}}, Float64, Vector{Matrix{ComplexF64}}, Vector{Vector{Float64}}}}, Float64}}(-2.9961019828023023e-5,-9.756871871788566e-6)
└ @ DFTK ~/supporting-mgga-addfpt/DFTK-mgga/src/terms/xc.jl:39
┌ Warning: Negative τcore detected: Dual{ForwardDiff.Tag{DFTK.var"#1369#1370"{StaticArraysCore.SMatrix{3, 3, Float64, 9}, DFTK.var"#HF_energy#1368"{Vector{Vector{Float64}}, Float64, Vector{Matrix{ComplexF64}}, Vector{Vector{Float64}}}}, Float64}}(-0.0002389995483172276,-0.00015669750160528)
└ @ DFTK ~/supporting-mgga-addfpt/DFTK-mgga/src/terms/xc.jl:45
┌ Warning: Negative τcore detected: Dual{ForwardDiff.Tag{DFTK.var"#1369#1370"{StaticArraysCore.SMatrix{3, 3, Float64, 9}, DFTK.var"#HF_energy#1368"{Vector{Vector{Float64}}, Float64, Vector{Matrix{ComplexF64}}, Vector{Vector{Float64}}}}, Float64}}(-0.0002389995483172276,-0.00015669750160528)
└ @ DFTK ~/supporting-mgga-addfpt/DFTK-mgga/src/terms/xc.jl:45
┌ Warning: Negative τcore detected: Dual{ForwardDiff.Tag{DFTK.var"#1369#1370"{StaticArraysCore.SMatrix{3, 3, Float64, 9}, DFTK.var"#HF_energy#1368"{Vector{Vector{Float64}}, Float64, Vector{Matrix{ComplexF64}}, Vector{Vector{Float64}}}}, Float64}}(-0.0002389995483172276,-0.00015669750160528)
└ @ DFTK ~/supporting-mgga-addfpt/DFTK-mgga/src/terms/xc.jl:45
┌ Warning: Negative τcore detected: Dual{ForwardDiff.Tag{DFTK.var"#1369#1370"{StaticArraysCore.SMatrix{3, 3, Float64, 9}, DFTK.var"#HF_energy#1368"{Vector{Vector{Float64}}, Float64, Vector{Matrix{ComplexF64}}, Vector{Vector{Float64}}}}, Float64}}(-0.0002389995483172276,-0.00015669750160528)
└ @ DFTK ~/supporting-mgga-addfpt/DFTK-mgga/src/terms/xc.jl:45
┌ Warning: Negative ρcore detected: Dual{ForwardDiff.Tag{DFTK.var"#1369#1370"{StaticArraysCore.SMatrix{3, 3, Float64, 9}, DFTK.var"#HF_energy#1368"{Vector{Vector{Float64}}, Float64, Vector{Matrix{ComplexF64}}, Vector{Vector{Float64}}}}, Float64}}(-2.9961019828023023e-5,-0.00021618931340245458)
└ @ DFTK ~/supporting-mgga-addfpt/DFTK-mgga/src/terms/xc.jl:39
┌ Warning: Negative ρcore detected: Dual{ForwardDiff.Tag{DFTK.var"#1369#1370"{StaticArraysCore.SMatrix{3, 3, Float64, 9}, DFTK.var"#HF_energy#1368"{Vector{Vector{Float64}}, Float64, Vector{Matrix{ComplexF64}}, Vector{Vector{Float64}}}}, Float64}}(-2.9961019828023023e-5,-0.00021618931340245458)
└ @ DFTK ~/supporting-mgga-addfpt/DFTK-mgga/src/terms/xc.jl:39
┌ Warning: Negative ρcore detected: Dual{ForwardDiff.Tag{DFTK.var"#1369#1370"{StaticArraysCore.SMatrix{3, 3, Float64, 9}, DFTK.var"#HF_energy#1368"{Vector{Vector{Float64}}, Float64, Vector{Matrix{ComplexF64}}, Vector{Vector{Float64}}}}, Float64}}(-2.9961019828023023e-5,-0.00021618931340245458)
└ @ DFTK ~/supporting-mgga-addfpt/DFTK-mgga/src/terms/xc.jl:39
┌ Warning: Negative ρcore detected: Dual{ForwardDiff.Tag{DFTK.var"#1369#1370"{StaticArraysCore.SMatrix{3, 3, Float64, 9}, DFTK.var"#HF_energy#1368"{Vector{Vector{Float64}}, Float64, Vector{Matrix{ComplexF64}}, Vector{Vector{Float64}}}}, Float64}}(-2.9961019828023023e-5,-0.00021618931340245458)
└ @ DFTK ~/supporting-mgga-addfpt/DFTK-mgga/src/terms/xc.jl:39
┌ Warning: Negative τcore detected: Dual{ForwardDiff.Tag{DFTK.var"#1369#1370"{StaticArraysCore.SMatrix{3, 3, Float64, 9}, DFTK.var"#HF_energy#1368"{Vector{Vector{Float64}}, Float64, Vector{Matrix{ComplexF64}}, Vector{Vector{Float64}}}}, Float64}}(-0.0002389995483172276,-0.00015669752522139697)
└ @ DFTK ~/supporting-mgga-addfpt/DFTK-mgga/src/terms/xc.jl:45
┌ Warning: Negative τcore detected: Dual{ForwardDiff.Tag{DFTK.var"#1369#1370"{StaticArraysCore.SMatrix{3, 3, Float64, 9}, DFTK.var"#HF_energy#1368"{Vector{Vector{Float64}}, Float64, Vector{Matrix{ComplexF64}}, Vector{Vector{Float64}}}}, Float64}}(-0.0002389995483172276,-0.00015669752522139697)
└ @ DFTK ~/supporting-mgga-addfpt/DFTK-mgga/src/terms/xc.jl:45
┌ Warning: Negative τcore detected: Dual{ForwardDiff.Tag{DFTK.var"#1369#1370"{StaticArraysCore.SMatrix{3, 3, Float64, 9}, DFTK.var"#HF_energy#1368"{Vector{Vector{Float64}}, Float64, Vector{Matrix{ComplexF64}}, Vector{Vector{Float64}}}}, Float64}}(-0.0002389995483172276,-0.00015669752522139697)
└ @ DFTK ~/supporting-mgga-addfpt/DFTK-mgga/src/terms/xc.jl:45
┌ Warning: Negative τcore detected: Dual{ForwardDiff.Tag{DFTK.var"#1369#1370"{StaticArraysCore.SMatrix{3, 3, Float64, 9}, DFTK.var"#HF_energy#1368"{Vector{Vector{Float64}}, Float64, Vector{Matrix{ComplexF64}}, Vector{Vector{Float64}}}}, Float64}}(-0.0002389995483172276,-0.00015669752522139697)
└ @ DFTK ~/supporting-mgga-addfpt/DFTK-mgga/src/terms/xc.jl:45
┌ Warning: Negative ρcore detected: Dual{ForwardDiff.Tag{DFTK.var"#1369#1370"{StaticArraysCore.SMatrix{3, 3, Float64, 9}, DFTK.var"#HF_energy#1368"{Vector{Vector{Float64}}, Float64, Vector{Matrix{ComplexF64}}, Vector{Vector{Float64}}}}, Float64}}(-2.9961019828023023e-5,-5.492045288973669e-6)
└ @ DFTK ~/supporting-mgga-addfpt/DFTK-mgga/src/terms/xc.jl:39
┌ Warning: Negative ρcore detected: Dual{ForwardDiff.Tag{DFTK.var"#1369#1370"{StaticArraysCore.SMatrix{3, 3, Float64, 9}, DFTK.var"#HF_energy#1368"{Vector{Vector{Float64}}, Float64, Vector{Matrix{ComplexF64}}, Vector{Vector{Float64}}}}, Float64}}(-2.9961019828023023e-5,-5.492045288973669e-6)
└ @ DFTK ~/supporting-mgga-addfpt/DFTK-mgga/src/terms/xc.jl:39
┌ Warning: Negative ρcore detected: Dual{ForwardDiff.Tag{DFTK.var"#1369#1370"{StaticArraysCore.SMatrix{3, 3, Float64, 9}, DFTK.var"#HF_energy#1368"{Vector{Vector{Float64}}, Float64, Vector{Matrix{ComplexF64}}, Vector{Vector{Float64}}}}, Float64}}(-2.9961019828023023e-5,-5.492045288973669e-6)
└ @ DFTK ~/supporting-mgga-addfpt/DFTK-mgga/src/terms/xc.jl:39
┌ Warning: Negative ρcore detected: Dual{ForwardDiff.Tag{DFTK.var"#1369#1370"{StaticArraysCore.SMatrix{3, 3, Float64, 9}, DFTK.var"#HF_energy#1368"{Vector{Vector{Float64}}, Float64, Vector{Matrix{ComplexF64}}, Vector{Vector{Float64}}}}, Float64}}(-2.9961019828023023e-5,-5.492045288973669e-6)
└ @ DFTK ~/supporting-mgga-addfpt/DFTK-mgga/src/terms/xc.jl:39
┌ Warning: Negative τcore detected: Dual{ForwardDiff.Tag{DFTK.var"#1369#1370"{StaticArraysCore.SMatrix{3, 3, Float64, 9}, DFTK.var"#HF_energy#1368"{Vector{Vector{Float64}}, Float64, Vector{Matrix{ComplexF64}}, Vector{Vector{Float64}}}}, Float64}}(-0.0002389995483172276,-0.00010578345663388207)
└ @ DFTK ~/supporting-mgga-addfpt/DFTK-mgga/src/terms/xc.jl:45
┌ Warning: Negative τcore detected: Dual{ForwardDiff.Tag{DFTK.var"#1369#1370"{StaticArraysCore.SMatrix{3, 3, Float64, 9}, DFTK.var"#HF_energy#1368"{Vector{Vector{Float64}}, Float64, Vector{Matrix{ComplexF64}}, Vector{Vector{Float64}}}}, Float64}}(-0.0002389995483172276,-0.00010578345663388207)
└ @ DFTK ~/supporting-mgga-addfpt/DFTK-mgga/src/terms/xc.jl:45
┌ Warning: Negative τcore detected: Dual{ForwardDiff.Tag{DFTK.var"#1369#1370"{StaticArraysCore.SMatrix{3, 3, Float64, 9}, DFTK.var"#HF_energy#1368"{Vector{Vector{Float64}}, Float64, Vector{Matrix{ComplexF64}}, Vector{Vector{Float64}}}}, Float64}}(-0.0002389995483172276,-0.00010578345663388207)
└ @ DFTK ~/supporting-mgga-addfpt/DFTK-mgga/src/terms/xc.jl:45
┌ Warning: Negative τcore detected: Dual{ForwardDiff.Tag{DFTK.var"#1369#1370"{StaticArraysCore.SMatrix{3, 3, Float64, 9}, DFTK.var"#HF_energy#1368"{Vector{Vector{Float64}}, Float64, Vector{Matrix{ComplexF64}}, Vector{Vector{Float64}}}}, Float64}}(-0.0002389995483172276,-0.00010578345663388207)
└ @ DFTK ~/supporting-mgga-addfpt/DFTK-mgga/src/terms/xc.jl:45
h: 1.0e-7
scf_tol: 1.0e-12
Ecut: 55
C11: 1110.609693900424
C12: 114.40520444571209
C44: 584.553763160327
all three: [1110.609693900424, 114.40520444571209, 584.553763160327]
stress_mh: [-4.752639962151214e-8, -4.3939384331355316e-8, -4.393938433134176e-8, -2.2862952797621223e-8, 0.0, 1.6940658945086007e-21]
stress_ph: [-3.997662836036843e-8, -4.316167355736044e-8, -4.316167355734689e-8, -1.8889237075582034e-8, 0.0, -3.3881317890172014e-21]
dstress: [0.037748856305718566, 0.003888553869974367, 0.003888553869974367, 0.019868578610195944, 0.0, -2.541098841762901e-14]
